time,RMM1,RMM2
1980-01-01,0.2813717558534745,0.11998695717819534
1980-01-02,0.17730963380955925,0.3364275008211237
1980-01-03,0.05616311907574074,0.44835444221846865
1980-01-04,-0.025030640886943612,0.6825077393798057
1980-01-05,-0.2075259232790424,0.8599663491371412
1980-01-06,-0.3033980845969505,1.0733254293939305
1980-01-07,-0.29365048010141387,1.1640323159460733
1980-01-08,-0.18477163991533593,0.8818544993986751
1980-01-09,-0.2538149472566828,0.7200392340304808
1980-01-10,-0.1996844094687327,0.8487982928832954
1980-01-11,-0.12675968046760416,0.9140407973820609
1980-01-12,-0.06337303586097122,0.7151356771182807
1980-01-13,-0.09377024280679011,0.27175442284381784
1980-01-14,-0.4331691677392864,-0.15574812045551556
1980-01-15,-0.5704788133533233,-0.43719238539710287
1980-01-16,-0.41818266641068086,-0.8957629355742447
1980-01-17,-0.07496633097146933,-1.1365579936300012
1980-01-18,-0.14557932223097333,-0.9598109733140605
1980-01-19,0.05294888265871051,-0.5645001545650075
1980-01-20,0.26573615713535303,-0.3077557866434322
1980-01-21,0.33466198319060353,-0.38315955985357497
1980-01-22,0.4194350590491139,-0.37744088768985545
1980-01-23,0.6859317107164863,-0.5783647949794112
1980-01-24,0.8024247161995202,-0.8225745309763289
1980-01-25,0.6190802280606006,-0.7660240955896797
1980-01-26,0.5606258588828658,-0.7587670453812235
1980-01-27,0.8414726471957483,-0.6900009937231668
1980-01-28,0.9959613594984992,-0.5050887638461498
1980-01-29,0.8930225523923321,-0.30196660236072204
1980-01-30,0.7407485372019589,-0.16660139529361107
1980-01-31,0.11064126032340076,0.16581567139248163
1980-02-01,-0.26237116315243647,0.025105282258387603
1980-02-02,-0.3127458698068001,-0.13481018036565967
1980-02-03,-0.3213160545699163,-0.00622229695487131
1980-02-04,-0.18310680122896025,0.3896809806806756
1980-02-05,-0.04975976564524863,0.5380486458348185
1980-02-06,-0.12379669567467248,0.4011095523403406
1980-02-07,-0.3304597319270889,0.20144412250034577
1980-02-08,-0.37324684037015876,0.28352054247373143
1980-02-09,-0.2557865235669514,0.30805517649308095
1980-02-10,-0.33743730328898996,0.2905981436084805
1980-02-11,-0.2879621089588919,0.4253899677396899
1980-02-12,-0.5829169296514687,0.37326708144138454
1980-02-13,-1.0203030250420893,0.1445277146244128
1980-02-14,-1.2457799875797313,0.009396571394418421
1980-02-15,-1.2049511621241065,0.2801089404156591
1980-02-16,-1.1947314816012595,0.46222138309142236
1980-02-17,-1.3967935859474627,0.20053671435016104
1980-02-18,-1.2845900235780274,0.06072557394937078
1980-02-19,-1.0466341252903082,-0.030185801039217912
1980-02-20,-1.0476154989222557,-0.11482490357523473
1980-02-21,-0.8153683252616546,0.18772997258580296
1980-02-22,-0.5702325077774834,0.21558691490262952
1980-02-23,-0.3380426949785783,0.05564714500484154
1980-02-24,-0.14397421678617034,-0.1376173312211146
1980-02-25,0.026288402116040506,-0.5735803255880697
1980-02-26,0.13127053157628613,-0.8776187010670199
1980-02-27,0.40883455012229225,-0.9909144300291411
1980-02-28,0.5415493815996586,-1.3065290700653691
1980-02-29,0.604080484646022,-1.3739701405537876
1980-03-01,0.6060447722162046,-1.3959834284668828
1980-03-02,0.527561260331822,-1.337846284785664
1980-03-03,0.8136171148152628,-1.357370396806104
1980-03-04,1.09659606497872,-1.308165062409702
1980-03-05,1.5371811264018607,-1.324209405109134
1980-03-06,2.01097564015668,-1.1613701114336203
1980-03-07,2.2802120635768244,-0.8890637850867371
1980-03-08,2.3534040026755014,-0.5538670075843243
1980-03-09,2.2699531420845576,-0.18659302083735588
1980-03-10,2.0184925760317034,-0.3690783949002191
1980-03-11,1.5770131732823038,-0.09168799284450768
1980-03-12,1.420473400976017,0.23722047033229093
1980-03-13,1.2114821690858741,0.29634225544250026
1980-03-14,1.0672630017445475,0.3907803984748427
1980-03-15,1.2288277820307372,0.5401532370961036
1980-03-16,0.8638725377770708,0.8404436233299969
1980-03-17,0.33969007818918423,1.2628133041436136
1980-03-18,0.02309597947388705,1.382787730403265
1980-03-19,-0.2491187943608991,1.3032951771852446
1980-03-20,-0.2890362919505066,1.4054348635638696
1980-03-21,-0.2442359487492565,1.5457174330831451
1980-03-22,-0.3122671871599469,1.6685337216393819
1980-03-23,-0.24216943171349628,1.7732427711896392
1980-03-24,-0.250462873727089,1.885449526026607
1980-03-25,-0.5692328165970464,1.7463677059863596
1980-03-26,-0.9372115095362044,1.8470317891754544
1980-03-27,-1.4313582758024899,1.849185672542775
1980-03-28,-1.7475079379453744,1.7948643135893205
1980-03-29,-1.9666907129650035,1.343644587090709
1980-03-30,-2.424877166750101,0.7875143117729134
1980-03-31,-2.9329944547210673,0.4647581444880215
1980-04-01,-2.7392535195685523,0.17672318108924762
1980-04-02,-2.415432853465601,-0.1865090064465555
1980-04-03,-2.12312813162888,-0.3751444245781445
1980-04-04,-1.7559741703928158,-0.5659166219295931
1980-04-05,-1.5972525875192591,-0.8707135355478265
1980-04-06,-1.507902695503843,-1.0871961120744895
1980-04-07,-1.2961236345313973,-1.1524774959929052
1980-04-08,-1.0395482631264477,-1.22614756890072
1980-04-09,-0.7611387681408581,-1.2976444347330622
1980-04-10,-0.32749174475760173,-1.4003899671404707
1980-04-11,0.1474924552451946,-1.297022421043095
1980-04-12,0.8244757551112861,-1.2614325914828342
1980-04-13,1.3790090303023552,-1.2155625593449606
1980-04-14,1.7134273208474657,-0.7633305751961492
1980-04-15,2.214383072485769,-0.38061704567235216
1980-04-16,2.080455930265431,0.0479492637627249
1980-04-17,1.8702455434578116,0.5597568562461454
1980-04-18,1.6505190003911852,0.9904332256510778
1980-04-19,1.1368217395288707,1.3818279652639063
1980-04-20,0.5888956006541034,1.6002292414199082
1980-04-21,0.2059558540015457,1.770292279030768
1980-04-22,0.045828032708360375,1.7352938757806877
1980-04-23,-0.07955903965655325,1.5063117027328556
1980-04-24,-0.26227216266357656,1.2937663670401376
1980-04-25,-0.5655591327120437,0.8389242084683155
1980-04-26,-0.8689814014909952,0.5706676542758666
1980-04-27,-0.8605841881031016,0.28115339015802066
1980-04-28,-0.8664907976005608,0.028531119517302174
1980-04-29,-0.723020340174837,-0.3076252746699952
1980-04-30,-0.633749083643097,-0.6232937516759668
1980-05-01,-0.5660934349284913,-0.764862151705005
1980-05-02,-0.37564940770081734,-0.7300296886481225
1980-05-03,-0.1963196963293377,-0.733843337112777
1980-05-04,-0.07614075179968446,-0.7113991365486089
1980-05-05,0.058474523385896794,-0.6086366356668694
1980-05-06,0.14915371825587107,-0.5390448706235463
1980-05-07,0.1327386200912388,-0.4209050275440008
1980-05-08,0.03625453613371432,-0.4942208496763417
1980-05-09,0.10814137139730699,-0.3147192475919548
1980-05-10,0.2082243228754451,-0.0555111048167726
1980-05-11,0.18746546423322982,0.1520772938366676
1980-05-12,0.03336149760541705,0.03360089579519425
1980-05-13,0.06840630004410538,-0.07250083331506964
1980-05-14,0.20778298165611528,-0.06301176599795998
1980-05-15,0.226911047891696,-0.11353749658509661
1980-05-16,0.12579978211415307,-0.1926394910534602
1980-05-17,0.03431198068199012,-0.17125326275863567
1980-05-18,-0.1092773704264121,-0.1601233030201256
1980-05-19,-0.27762446278698044,-0.3143410670611808
1980-05-20,-0.14831561302222537,-0.544358716853961
1980-05-21,-0.09676850313353495,-0.6292768117978739
1980-05-22,0.026908915722399146,-0.679201648131387
1980-05-23,0.08602655344208156,-0.47203072687358716
1980-05-24,0.25014217449308096,-0.5365051465054617
1980-05-25,0.22723214751139328,-0.5764327919939403
1980-05-26,0.15628264039162323,-0.6250240179126403
1980-05-27,0.12085469960811561,-0.7829187932107751
1980-05-28,-0.014607108171105962,-1.0022221364060961
1980-05-29,-0.13174027436378616,-1.0886244814182202
1980-05-30,-0.04096173482135982,-1.0731264389449935
1980-05-31,-0.14629468081904015,-1.0135631104180534
1980-06-01,-0.04667814305890761,-1.029283076210794
1980-06-02,0.03798912752713685,-1.0963096349913746
1980-06-03,0.3673445450445135,-0.9328710509284952
1980-06-04,0.5122266172568594,-0.7396058418393189
1980-06-05,0.6140327334035011,-0.4756810938616889
1980-06-06,0.5027821847720113,-0.2146666361865837
1980-06-07,0.2924935105115359,0.2991367467026561
1980-06-08,0.18637293818503986,0.46118989008526007
1980-06-09,0.24589117978097672,0.535838364064558
1980-06-10,0.1275938139379272,0.7717467965089223
1980-06-11,-0.11129333434133852,0.5917956101440731
1980-06-12,-0.11960232124642564,0.48667008244909143
1980-06-13,-0.136483953325476,0.5510134776780293
1980-06-14,-0.18760941706243361,0.26742624136772053
1980-06-15,-0.4129770211442261,-0.08909153718486158
1980-06-16,-0.7076198553181188,-0.35687207856622283
1980-06-17,-0.484759935692273,-0.7321575141876215
1980-06-18,0.005754547687052295,-0.8904972228850357
1980-06-19,0.5576248605760142,-0.7141777644428324
1980-06-20,0.844786006155697,-0.4428382505535316
1980-06-21,0.8254520064349631,-0.15541738691037169
1980-06-22,0.7304663230228493,-0.028943696714418075
1980-06-23,0.6915023700122039,0.044937030584562915
1980-06-24,0.7573100117743454,0.17775528343844466
1980-06-25,0.8139824959388045,0.25087922569227805
1980-06-26,0.8657768421907026,0.4945811638353398
1980-06-27,0.7049671875449334,0.2695453755768743
1980-06-28,0.5667084557876582,0.38018297194423645
1980-06-29,0.4644055286853709,0.3388239787495467
1980-06-30,0.6591491532654921,0.21147344814762847
1980-07-01,0.8521952312765126,0.42024361145134975
1980-07-02,1.1136147318523084,0.3853181915520829
1980-07-03,1.347293786465981,0.8237756890483523
1980-07-04,1.2846991521272522,1.0410883838569485
1980-07-05,0.8823212345059303,1.181757023453876
1980-07-06,0.3183596652954436,1.3513681735414529
1980-07-07,-0.17357847315501554,1.5642390408448585
1980-07-08,-0.4051662214009818,1.450869797480045
1980-07-09,-0.6236369177877059,1.2152847189348148
1980-07-10,-0.7518246443791438,1.119060340746697
1980-07-11,-0.7953711744338063,0.8337300734853851
1980-07-12,-0.8760491118107264,0.787144639934895
1980-07-13,-0.6492058118615464,0.5574463139789236
1980-07-14,-0.7171684061026925,0.36620771265237967
1980-07-15,-0.7717591965269324,0.18672201239755004
1980-07-16,-0.5019837261487861,0.1274393501486134
1980-07-17,-0.38139294594649614,0.14484829271901722
1980-07-18,-0.5373188639057527,0.16419386200808359
1980-07-19,-0.6270928147933534,0.23632549211256293
1980-07-20,-0.8087879825926161,0.26804990220039887
1980-07-21,-0.9252619474580591,-0.03309123923368377
1980-07-22,-0.9302154211367444,-0.2669601144475559
1980-07-23,-0.9432744723802946,-0.18500826210204022
1980-07-24,-0.8109999426916565,-0.271554921019186
1980-07-25,-0.7269884945066044,-0.3789358362989129
1980-07-26,-0.7764789636165095,-0.46329156991820697
1980-07-27,-0.8738699477976622,-0.5483546470334506
1980-07-28,-0.8811152032702312,-0.4842652530999689
1980-07-29,-0.9094653092297668,-0.4161950281089513
1980-07-30,-1.0246463833543913,-0.43210300150481257
1980-07-31,-0.9236818489317336,-0.9519368275811768
1980-08-01,-0.9585312368055742,-1.1243551525241333
1980-08-02,-0.6785620059764527,-1.142275738916428
1980-08-03,-0.39079562178420146,-1.167672417963191
1980-08-04,-0.017640566103418777,-1.004964412081536
1980-08-05,0.06942843671011965,-0.8571733966122904
1980-08-06,0.07750064415258189,-0.7942419471159526
1980-08-07,0.15440011229201606,-0.9541600140751039
1980-08-08,0.1074884116846045,-0.7856872622793698
1980-08-09,0.1265151113038804,-0.8858073901663102
1980-08-10,-0.1128257544928693,-0.7610130833130023
1980-08-11,-0.5291096196331958,-0.6196874114085583
1980-08-12,-0.774771989007072,-0.6831432139383206
1980-08-13,-0.4953897147731403,-0.5885949897547875
1980-08-14,-0.41172180060626495,-0.4220903241428024
1980-08-15,-0.47700175918173887,-0.25647093998957243
1980-08-16,-0.25352619303711765,-0.2629784659799566
1980-08-17,0.03655598791108386,-0.5068068448157619
1980-08-18,0.16837416031824973,-0.692037825380569
1980-08-19,0.2633764818132322,-0.5988075268546739
1980-08-20,0.7644987145507405,-0.503339824628658
1980-08-21,1.375987283752379,-0.33744583070041884
1980-08-22,1.6935881648018043,0.0941465352374701
1980-08-23,1.664004469080135,0.540091544004421
1980-08-24,1.3225901503901805,0.7527143270828345
1980-08-25,1.1583598776325452,0.7338429777214037
1980-08-26,1.4124056038181163,0.48861351749007625
1980-08-27,1.2109788292175598,0.4998167306349439
1980-08-28,1.1068992746311521,0.6885362607462322
1980-08-29,0.7434630537554707,0.5423083928650795
1980-08-30,0.6048705091971611,0.39063487189862506
1980-08-31,0.590192344594343,0.3653733501319858
1980-09-01,0.8508877049573148,0.31695212615641494
1980-09-02,1.0601284345621127,0.21830033993407597
1980-09-03,1.3093855047846137,0.26938011532152606
1980-09-04,1.4297688423285475,0.44604464891504847
1980-09-05,1.3119991147169154,0.6434707172973787
1980-09-06,1.2864679382402624,0.8129520815856778
1980-09-07,1.0522079611203894,1.019203410760649
1980-09-08,0.6534850004968143,1.4315196440093378
1980-09-09,0.26937165283151177,1.792230944551275
1980-09-10,-0.011655082083953919,1.8198952858381945
1980-09-11,-0.3350354685836952,1.762144082465285
1980-09-12,-0.4236251131720269,1.827702357955394
1980-09-13,-0.3580488090203012,1.7482949347576004
1980-09-14,-0.47193741515958876,1.508764831046438
1980-09-15,-0.6742448514802749,1.45294939217071
1980-09-16,-0.9302168817625858,1.0843459259258248
1980-09-17,-0.9149176909444023,0.34802538676434214
1980-09-18,-0.7299963980830255,-0.33131136200100353
1980-09-19,-0.5528694757577755,-0.7042951210303883
1980-09-20,-0.9161549921367763,-0.9117708804671888
1980-09-21,-1.0578300690274967,-1.269936273872892
1980-09-22,-0.8862541155996984,-1.4498874325137878
1980-09-23,-0.8782194468187965,-1.4238168057030243
1980-09-24,-0.6445990611289972,-1.222363527111418
1980-09-25,-0.4554287653235941,-0.9197055352116956
1980-09-26,-0.3064415003597344,-0.5374106066322386
1980-09-27,-0.3092766621236147,-0.3578800417210725
1980-09-28,-0.24834115222769945,-0.1826746393081068
1980-09-29,-0.3347428142112597,0.06364218417115783
1980-09-30,-0.3119339750062642,0.24904496204148022
1980-10-01,-0.16403806391736253,0.3051384049463543
1980-10-02,0.039169751413334813,0.3785634364413762
1980-10-03,0.08397298994543435,0.32862688544399193
1980-10-04,-0.015957258360194255,-0.13045979510782724
1980-10-05,-0.15333552154571028,-0.5180962519933042
1980-10-06,-0.19056778125086024,-0.5015676590829563
1980-10-07,-0.3450141688122202,-0.4878295677838811
1980-10-08,-0.4340814673979437,-0.5914234653742805
1980-10-09,-0.37181403326462703,-0.80036609428656
1980-10-10,-0.2565562322285114,-0.8355299485200924
1980-10-11,-0.0218173675339019,-0.8364941202242293
1980-10-12,-0.015513920652224584,-0.9291263106301795
1980-10-13,0.07929038251187065,-1.0993950875115335
1980-10-14,0.32532410655489613,-1.146410553049376
1980-10-15,0.6850682337247658,-1.0137866090613759
1980-10-16,0.9602307357280411,-0.5440643503244216
1980-10-17,1.2027334906015763,0.06002258104238518
1980-10-18,1.5320497736240484,0.5388081565048126
1980-10-19,1.6267034632237072,0.6573775015724901
1980-10-20,1.5420328037878883,0.7353588674028343
1980-10-21,1.426569559242813,0.7147702635072278
1980-10-22,1.521816842208243,0.7382931769697616
1980-10-23,1.4575041744244903,0.8464156850019683
1980-10-24,1.2670546843950843,1.075702395677498
1980-10-25,1.0335280130313924,1.0455551143398538
1980-10-26,0.5944928213159532,1.0990491630715735
1980-10-27,0.19984052998229612,1.056180570623928
1980-10-28,-0.24301516498612244,1.3254296719739653
1980-10-29,-0.7594331504716625,1.1276233183110616
1980-10-30,-1.0261587734104227,1.0692509611138346
1980-10-31,-1.2566842383341301,0.8780266689126328
1980-11-01,-1.4068715436349832,0.6691766140703519
1980-11-02,-1.3039543267591933,0.2940380505233837
1980-11-03,-1.3244791059400256,0.2657801850125698
1980-11-04,-1.361903687621595,0.4686482133859093
1980-11-05,-1.4817324606666624,0.4080808671604383
1980-11-06,-1.1206683509095536,0.47393048906984003
1980-11-07,-0.9100283341898202,0.37065415048045125
1980-11-08,-0.7526374430709609,-0.16879644144832026
1980-11-09,-0.6959310120723794,-0.8704671287169816
1980-11-10,-0.8048398690161185,-1.17630806462821
1980-11-11,-0.7260074585457413,-1.387317612502362
1980-11-12,-0.5197433400675872,-1.2690811407411282
1980-11-13,-0.41124703356652753,-1.3025007747421269
1980-11-14,-0.46060119116828224,-1.4585056725443637
1980-11-15,-0.36680212097217546,-1.2313909233560403
1980-11-16,-0.07852900280148511,-1.2768714582964988
1980-11-17,-0.0841297431828154,-1.1204556707015738
1980-11-18,-0.055104614607079216,-0.9822418448316915
1980-11-19,0.09627912002139333,-0.7453888824239422
1980-11-20,0.20508660021991285,-0.37585878838384157
1980-11-21,0.3541204284323259,0.015774283986684838
1980-11-22,0.4177287984979695,0.32946565843457165
1980-11-23,0.2780849799991932,0.46062916473804133
1980-11-24,0.21297068294440724,0.13076720024092967
1980-11-25,0.011253485650102138,0.02191807602349958
1980-11-26,-0.16013662343851703,-0.2077183715383208
1980-11-27,-0.00045163077627797876,-0.3830264408553754
1980-11-28,0.21261278905336925,-0.2990916768186063
1980-11-29,0.2350341227324604,-0.2728569680154453
1980-11-30,0.2979510102010824,-0.11991281617575789
1980-12-01,0.45534575104464836,0.018805722211664055
1980-12-02,0.4699503094579523,-0.02329927337681297
1980-12-03,0.5110863159113174,0.07595926584562578
1980-12-04,0.6250712160939244,0.08246755980369432
1980-12-05,0.3825031530984394,0.009426383493444494
1980-12-06,0.34711951634863986,-0.07336068293101337
1980-12-07,0.49478072480392093,0.15667124436664992
1980-12-08,0.2503212215900249,0.22752284360211836
1980-12-09,0.09094998841171781,0.20995088313303856
1980-12-10,-0.10546830760789042,0.08343531114554101
1980-12-11,-0.16539951833676556,0.15652204725549174
1980-12-12,-0.47252400823755064,0.20185388758620215
1980-12-13,-0.6554055105519525,0.4021382327624676
1980-12-14,-0.6941984218437477,0.21642138342662479
1980-12-15,-0.5730898393952639,-0.0860983590407643
1980-12-16,-0.4117997439757714,-0.16710494573225518
1980-12-17,-0.17494020869814367,-0.027993307728842277
1980-12-18,0.19938346768802984,0.14239616257090465
1980-12-19,0.2278617832077073,0.29346895240248494
1980-12-20,0.02365010854211535,0.39515919939027055
1980-12-21,0.11839686038255264,0.4552913564779403
1980-12-22,-0.05721596948268759,0.38850757946156406
1980-12-23,-0.5592361037464504,-0.061610635869998744
1980-12-24,-0.6816916647134019,-0.2428002458388069
1980-12-25,-0.5240844025920877,-0.39442502169114835
1980-12-26,-0.26514664464184456,-0.3446263084611332
1980-12-27,-0.07110331087251309,-0.2632479146856524
1980-12-28,0.047305994615548436,-0.6910106164557298
1980-12-29,0.15183537277568532,-1.2016923747771073
1980-12-30,0.32647004544409935,-1.4874724281354823
1980-12-31,0.48557134204897795,-1.5371651918850637
1981-01-01,0.7423487282611174,-1.4622687755910317
1981-01-02,0.8359070511065942,-1.1507600617791585
1981-01-03,0.6799349204816146,-0.8071984489682703
1981-01-04,0.7215480831497602,-0.5397546051330531
1981-01-05,0.6642132373903008,0.1380648754386651
1981-01-06,0.5786348428633785,0.05014218603097389
1981-01-07,0.34844826654733463,-0.054786997717646876
1981-01-08,0.31261153824333354,-0.18239168462143066
1981-01-09,0.5177026054164628,-0.37172311653076606
1981-01-10,0.6378200432265257,-0.4276434677964071
1981-01-11,0.7291822571750443,-0.20165195350374746
1981-01-12,0.7131957420372438,0.06554283427699156
1981-01-13,0.6719810553200057,0.21101195619633234
1981-01-14,0.5954731169772159,0.5001836428520916
1981-01-15,0.3126887477394936,0.8325714221864492
1981-01-16,-0.29034346592837534,0.8139937155855894
1981-01-17,-0.5340758933749854,0.9819893055005696
1981-01-18,-0.7493638131968241,1.0378075365103738
1981-01-19,-0.8622586466855784,0.9211121870607706
1981-01-20,-0.7633786379793333,0.45379991288346805
1981-01-21,-0.7526510298735629,0.08971536174311616
1981-01-22,-0.23918660448661833,-0.36943821941937494
1981-01-23,0.15879878318677546,-0.47801329556987626
1981-01-24,0.514204674636672,-0.25965123153429154
1981-01-25,0.6082498192857787,-0.0208619483192282
1981-01-26,0.742648837375381,0.2800123277574787
1981-01-27,0.7955650450486633,0.15227695197765953
1981-01-28,0.6703365933824514,-0.13264548230421797
1981-01-29,0.8051204215366075,-0.13132207445501326
1981-01-30,1.156632299640934,-0.00037507407332354356
1981-01-31,0.9314002064551663,0.13678653919479855
1981-02-01,0.7734159761786262,0.5990678333892885
1981-02-02,0.5247821816586264,1.008225030024851
1981-02-03,0.4120082456218806,1.14418361470772
1981-02-04,0.15492544916600068,1.1390355855643142
1981-02-05,-0.040008374495865896,0.9628418779677139
1981-02-06,-0.08584425100017802,0.8411628341000865
1981-02-07,0.016153917070715482,0.5198614056491734
1981-02-08,0.16631200649006375,0.6344732717989482
1981-02-09,0.42347772711062215,0.6673562269898955
1981-02-10,0.8350999517076618,0.7380472984505109
1981-02-11,0.8828177718386501,1.037783862165392
1981-02-12,0.8545678625299946,1.1682887007722276
1981-02-13,0.7985237764665399,1.3184182638391506
1981-02-14,0.507140485412306,1.3397847911295009
1981-02-15,0.2639045029648924,1.3508596234265802
1981-02-16,0.1814629577808433,1.2891363859203928
1981-02-17,-0.0522494542392649,0.9725973039766784
1981-02-18,-0.407707901085074,0.7429394948546607
1981-02-19,-0.7821316902712327,0.830895637631633
1981-02-20,-0.8300332435924768,1.0841788065785478
1981-02-21,-0.6634569042556888,1.2194724966802575
1981-02-22,-0.3037235809548426,1.3490613233357254
1981-02-23,-0.07788687283022429,1.5278287581738745
1981-02-24,0.39805457858709214,1.8246013886236736
1981-02-25,0.5889160992644676,2.0173615390460067
1981-02-26,0.3990899364137925,2.0880113160352995
1981-02-27,0.01887551783425993,1.8564792125389544
1981-02-28,-0.45779835993536483,1.6620495475357502
1981-03-01,-0.8572736341922428,1.3747197411769836
1981-03-02,-1.242501435334412,1.1010114643312505
1981-03-03,-1.7545632801080493,0.6746069204677927
1981-03-04,-1.9687049255031042,0.2403689072639168
1981-03-05,-1.9546647416462062,0.004029502578157435
1981-03-06,-1.9039370894349108,0.07521952192481052
1981-03-07,-1.8787895739429197,0.125037216299602
1981-03-08,-1.8394803390600365,-0.09917321139355707
1981-03-09,-1.9612257800828976,-0.20991570938410942
1981-03-10,-1.925159334238136,-0.1656751060300219
1981-03-11,-2.039585842004906,-0.008102184561315744
1981-03-12,-2.4594227921663743,-0.14338789771840893
1981-03-13,-2.9787653999707553,-0.6787088339953744
1981-03-14,-3.1815152881618083,-1.219354074294178
1981-03-15,-3.1161424110449754,-1.2792684023009762
1981-03-16,-2.5012316752573125,-1.3153234028729226
1981-03-17,-2.150322352739371,-1.5697222601521215
1981-03-18,-1.7942426786500474,-2.194312072106521
1981-03-19,-1.6496192198766857,-2.660531945976492
1981-03-20,-1.447223769550644,-2.931651183743688
1981-03-21,-0.9266626258195408,-2.7141581228739975
1981-03-22,-0.3199165345647588,-2.6797437596555396
1981-03-23,-0.11943694855934087,-2.901514090301279
1981-03-24,0.15766271907860813,-2.997221955619172
1981-03-25,0.34249970601291096,-2.9283009387596572
1981-03-26,0.5306577894496214,-2.8543386237143435
1981-03-27,0.9268385581528324,-2.855205365597997
1981-03-28,1.1572088252802166,-2.7219366517289862
1981-03-29,1.4864251616719755,-2.444072406448871
1981-03-30,1.9316427988403966,-2.039672796106811
1981-03-31,2.1357574664308947,-1.6344154760302139
1981-04-01,2.458541186286845,-1.3759230968291742
1981-04-02,2.750064775313366,-0.8380396160644382
1981-04-03,2.9151704749287077,-0.3749153488729164
1981-04-04,3.036368804334198,-0.07416954179658845
1981-04-05,3.08427540357373,0.22380976145255416
1981-04-06,3.1157995260911284,0.31316398389687206
1981-04-07,2.9989335597781235,0.6438307996667194
1981-04-08,2.6365527899654566,0.8984598067878165
1981-04-09,2.3283181696317534,1.2208223181164017
1981-04-10,1.9338051479522507,1.5524199455892351
1981-04-11,1.4836757534444507,1.507277422292944
1981-04-12,1.2160266589775521,1.1252769244287006
1981-04-13,0.673411653719633,0.9553544881443577
1981-04-14,0.19130023738804192,0.9360588470655754
1981-04-15,-0.15407678438291486,0.9566128621771505
1981-04-16,-0.47647120634749934,1.1635807627395813
1981-04-17,-0.6443344833238589,1.1933515598801592
1981-04-18,-0.8182050948707698,0.9245569280107633
1981-04-19,-0.7599562738994469,0.7576678939451138
1981-04-20,-0.7256542479374897,0.627998378898661
1981-04-21,-0.6189452049117671,0.7562194429734479
1981-04-22,-0.3596447910296156,0.7561095715475324
1981-04-23,-0.1901589958771469,0.8188683146672286
1981-04-24,-0.2785448141692411,0.7495186171918471
1981-04-25,-0.6232729348859305,0.4977902468855898
1981-04-26,-0.9006835608204006,0.41748426532499366
1981-04-27,-1.072661974902361,0.16095990647939853
1981-04-28,-1.3121137856910556,-0.4236441253873771
1981-04-29,-1.7872941943959157,-0.9118298126987007
1981-04-30,-1.9081161742608903,-1.1850352256882484
1981-05-01,-2.045334171168111,-1.335370534687019
1981-05-02,-1.8445317889648019,-1.4588419410268103
1981-05-03,-1.485814097337367,-1.6696979247577999
1981-05-04,-1.5071443340901232,-1.9374279311571143
1981-05-05,-1.3168047511660657,-1.9649086709459727
1981-05-06,-1.1461517448047753,-1.7865149084600547
1981-05-07,-0.9724416586227118,-1.6105361581802184
1981-05-08,-0.6441758592227941,-1.5091632206180536
1981-05-09,-0.4343393281650349,-1.2958038624989157
1981-05-10,-0.10419940152588972,-1.2146561249937229
1981-05-11,0.11549655375313171,-1.3480362239492774
1981-05-12,0.6116635304989881,-1.2080809298244222
1981-05-13,0.7941509133814566,-1.0687124346774899
1981-05-14,0.9260788586121326,-1.0909635359900791
1981-05-15,1.1971979242551345,-0.955562526952616
1981-05-16,1.2865034922832514,-0.6273120292550651
1981-05-17,1.227300479255494,-0.11489247934865444
1981-05-18,0.9145031605395626,0.35969017637356027
1981-05-19,0.7137181150723649,0.9756464731012875
1981-05-20,0.4589719900813677,1.4554150536909574
1981-05-21,0.3165791566938942,1.5449988473570233
1981-05-22,0.1363701263588172,1.5279846257269232
1981-05-23,0.006710800417046911,1.3386827732223991
1981-05-24,-0.14618614494845386,1.0646994274777402
1981-05-25,-0.252461282583117,1.0374378156752664
1981-05-26,-0.5411385368051551,0.9591112382124953
1981-05-27,-0.7661830129227808,0.9901818650673754
1981-05-28,-0.7963330296643762,0.7970645368876375
1981-05-29,-0.8223959532336118,0.5495414823673658
1981-05-30,-0.6490404856137454,0.45483557440855654
1981-05-31,-0.19869033005664224,0.5751842394652876
1981-06-01,0.13929737195090228,0.8790622678743569
1981-06-02,0.49597522861190985,1.2327895509855304
1981-06-03,0.4507789200749722,1.3250564868458026
1981-06-04,0.16369721444568158,1.267048737619809
1981-06-05,-0.07447037580902748,1.467337383328983
1981-06-06,-0.5522985866364495,1.7196560342091927
1981-06-07,-0.7304561836554092,1.6555064191147955
1981-06-08,-0.6594611352824185,1.7944283159408794
1981-06-09,-0.5152927147195429,1.4238388805344642
1981-06-10,-0.1919430600357416,1.2541588574604
1981-06-11,-0.19854381815332264,1.089290595169509
1981-06-12,-0.002425910778425369,1.1138872243279956
1981-06-13,0.2816291394989402,1.1510063252702087
1981-06-14,0.34973253670395177,1.0292930777685354
1981-06-15,0.32325427221238084,0.6618750130148606
1981-06-16,0.2384061325266409,0.2742902596641592
1981-06-17,0.3736809785107808,0.1980169575265147
1981-06-18,0.600392709366354,0.3301261616583927
1981-06-19,0.60663548310002,0.17990999776294325
1981-06-20,0.9697742875396279,0.2661955139806223
1981-06-21,1.091251409325526,0.3090639681254084
1981-06-22,1.0444674735381982,0.4377332887175682
1981-06-23,0.7676077500279698,0.2527868023352851
1981-06-24,0.439300087979607,0.179507259518803
1981-06-25,0.3290405673026232,-0.1745336042189942
1981-06-26,0.3436692318011391,-0.17228299854706902
1981-06-27,0.2782032178267592,-0.2420769743497501
1981-06-28,0.11903097405757676,-0.31860735521661887
1981-06-29,0.10150849550921782,-0.5684129842937365
1981-06-30,0.27764781653162995,-0.6107214387582017
1981-07-01,0.32168923137300925,-0.6667766272088904
1981-07-02,0.4548324532745054,-0.8009630056909373
1981-07-03,0.5974938781228815,-0.8874504548529581
1981-07-04,0.7890742080692937,-0.7095237347980029
1981-07-05,1.1189368989234763,-0.5881496698989246
1981-07-06,0.8410691031961798,-0.5750647145018971
1981-07-07,0.6207528474199717,-0.6900268836233965
1981-07-08,0.30446856588517657,-0.7588097138501158
1981-07-09,0.48356896747571704,-0.8949230141754695
1981-07-10,0.6096905995981522,-1.0654177666050528
1981-07-11,0.6335012248078894,-0.863693183475991
1981-07-12,0.1954397261808867,-0.7745402513826231
1981-07-13,0.020226494419159063,-0.839694014939398
1981-07-14,0.028225329749291175,-0.8669640812349163
1981-07-15,0.22072829231362423,-1.131794761108748
1981-07-16,0.1489715179557012,-1.2568548854903434
1981-07-17,0.19148952822874887,-1.346127853673017
1981-07-18,0.5274535019465986,-1.4424042623914233
1981-07-19,0.4867164779901658,-1.4716241743086194
1981-07-20,0.2359252719563687,-1.3681192713009398
1981-07-21,0.05568749358279902,-0.9959063363081563
1981-07-22,0.28565033067988105,-0.9478578390535489
1981-07-23,0.6150476766270848,-1.0592848704565154
1981-07-24,1.0042599293800532,-1.1228375206850203
1981-07-25,1.1690309652506252,-1.4228648240627864
1981-07-26,1.1833497727548365,-1.0145906488605563
1981-07-27,1.2005623981737858,-0.2656250957154232
1981-07-28,1.0107605681823233,0.15409404222447945
1981-07-29,0.9228826162591748,0.6138270708895363
1981-07-30,0.6210495956050849,1.2981878773972553
1981-07-31,0.3181711868263886,1.7688481025501332
1981-08-01,0.040919053328842936,2.085896420303284
1981-08-02,-0.37610710476938886,2.4786708600868264
1981-08-03,-0.5395188258881022,2.7430433236028993
1981-08-04,-0.6296028375063819,2.728653322650965
1981-08-05,-0.45465667272240917,2.492184913648778
1981-08-06,-0.6881437389704964,2.4749205917946395
1981-08-07,-0.9792076599394081,2.5993083907655157
1981-08-08,-0.8732870447600434,2.63945182989962
1981-08-09,-0.847939581617096,2.2226239476086875
1981-08-10,-1.3822131833586841,1.6149756476789545
1981-08-11,-1.2570312104456003,1.219246095886748
1981-08-12,-1.2818588305753207,0.8503115572432092
1981-08-13,-1.3826890837541246,0.38818890030190056
1981-08-14,-1.4789578348405095,-0.21671229077154944
1981-08-15,-1.6995200383711384,-0.6126510039767405
1981-08-16,-1.6319199014745995,-0.5334081083446934
1981-08-17,-1.568211261845296,-0.266993468389256
1981-08-18,-1.4808404738531582,-0.20900841074166998
1981-08-19,-1.1862876864331229,-0.40225059292633913
1981-08-20,-1.2345188252876134,-0.47816908950269515
1981-08-21,-0.9067204163291823,-0.6281708889976789
1981-08-22,-0.6689630778569368,-0.8343530350139611
1981-08-23,-0.753495222564398,-0.8461680585861628
1981-08-24,-0.919235687934257,-0.8435422515033648
1981-08-25,-0.8613830334438721,-1.1639404962161068
1981-08-26,-0.9180013252565222,-1.0854198345682433
1981-08-27,-1.0661519352309432,-1.022122893841499
1981-08-28,-1.2325335312702286,-1.1938847105010093
1981-08-29,-1.2921602066788824,-1.104231989063789
1981-08-30,-0.9381453586697779,-1.0146573012776565
1981-08-31,-0.5659001515352735,-1.1963265572097954
1981-09-01,-0.30052724293664185,-1.5009376788845437
1981-09-02,-0.017790751710500766,-1.76927242725905
1981-09-03,0.2985759877264361,-2.0320827879644523
1981-09-04,0.5947994370045405,-1.9421725694771212
1981-09-05,0.6951120700424963,-1.9255602706882895
1981-09-06,0.29065767281678195,-1.797414638826116
1981-09-07,0.19802311017799065,-1.683287641365956
1981-09-08,0.23773559119536608,-1.501183147342778
1981-09-09,0.19983829048326732,-1.4139944757275145
1981-09-10,0.15900785242945992,-1.4624911826902138
1981-09-11,0.09065412836246572,-1.3526813364362333
1981-09-12,0.14080005871488832,-1.2494242325405895
1981-09-13,0.39072465104340875,-1.130847242487687
1981-09-14,0.8744402606876478,-1.0448452334311162
1981-09-15,0.9350636791196475,-0.740985792257824
1981-09-16,0.7615352229342623,-0.20575116814391015
1981-09-17,0.8415295831009558,0.21913396617149916
1981-09-18,1.0524442651358101,0.5306282234831026
1981-09-19,1.2018595769219704,0.8963209441526594
1981-09-20,1.2752438086369153,1.1603212330651955
1981-09-21,1.5221417998259945,1.1236457278031151
1981-09-22,1.5859085292353732,0.92654351230693
1981-09-23,1.6123018425264197,1.0296561717706292
1981-09-24,1.4383693830798219,1.0896366225888714
1981-09-25,1.1990749487688033,1.33617991814035
1981-09-26,1.0563130455546348,1.7091664013095558
1981-09-27,0.8651279952436298,1.8756094101268124
1981-09-28,0.678994665715292,2.089036161475964
1981-09-29,0.2769071870136481,2.0393018044863713
1981-09-30,-0.133461870123827,1.9005649068744928
1981-10-01,-0.3861738564857164,1.8952117384596199
1981-10-02,-0.3596071047337835,1.4933177716365136
1981-10-03,-0.44950581269833834,0.9036668934582619
1981-10-04,-0.48002454102360154,0.34291356457481287
1981-10-05,-0.4732360380597742,0.028923586658514716
1981-10-06,-0.395905510608699,-0.24145188461083206
1981-10-07,-0.564794868711083,-0.6299705391197751
1981-10-08,-0.625053052644005,-0.7352893605331436
1981-10-09,-0.5849442663353053,-0.7948927090960362
1981-10-10,-0.38604076267060417,-0.7075752348731977
1981-10-11,-0.1614439406252535,-0.38110358290612784
1981-10-12,-0.14122318641729362,-0.06319881803741337
1981-10-13,-0.22030848277626408,0.060294648393795926
1981-10-14,-0.17762854355364924,0.08156153738060073
1981-10-15,-0.2167255971481847,0.35584219617256135
1981-10-16,-0.39304708084457607,0.6090093596718718
1981-10-17,-0.8250241355686981,0.5996959935506943
1981-10-18,-0.9499839267371206,0.32450609199169955
1981-10-19,-0.8566016792921921,0.15026892181519014
1981-10-20,-0.571231700816284,0.1068234718716615
1981-10-21,-0.6288824310046548,-0.08661255003354869
1981-10-22,-0.647742860321526,-0.15048356037832342
1981-10-23,-0.4234226189512927,-0.21408519151011918
1981-10-24,-0.27267594886322305,-0.5057416821196159
1981-10-25,-0.016331536825585528,-0.6040306539642362
1981-10-26,0.23336670109420177,-0.7074581483320601
1981-10-27,0.4670860129348574,-0.800892775048072
1981-10-28,0.5955930367584215,-0.6971625241586359
1981-10-29,0.6319052957226713,-0.8099831797854703
1981-10-30,0.6706605963499731,-0.7733866792692027
1981-10-31,0.43303345145342675,-0.9028085477062708
1981-11-01,0.6457469259547854,-0.8008216912800336
1981-11-02,0.9835262661640377,-0.34028643257489044
1981-11-03,1.2873640535564892,0.011997931880404393
1981-11-04,1.2811545315324335,0.08275960400059408
1981-11-05,1.2099465647214507,-0.05469659943378962
1981-11-06,1.003590851113989,-0.2474973811372565
1981-11-07,0.9251974832191832,-0.35007703844182825
1981-11-08,1.015476362662395,-0.3590279134853158
1981-11-09,0.9567053944270115,-0.3574770677834548
1981-11-10,1.1394949107325023,0.02004768049123679
1981-11-11,1.0122854305242348,0.6431628060838237
1981-11-12,0.6373535236297319,0.7389739997925597
1981-11-13,0.29799783674786756,0.9238609740786459
1981-11-14,-0.131206868853881,0.9780546486877215
1981-11-15,-0.3337973058372112,0.7911829862212675
1981-11-16,-0.5759193154435645,0.45434010859559615
1981-11-17,-0.5429734181354182,0.2464797534127581
1981-11-18,-0.4643915282969039,-0.00019992996803592752
1981-11-19,-0.40537625480795286,-0.21710502224980743
1981-11-20,0.09125440163936166,-0.5227606274339914
1981-11-21,0.3443835117040869,-0.5145788892567192
1981-11-22,0.566417939075877,-0.24266772908276069
1981-11-23,0.8260260175051799,-0.1925726952722488
1981-11-24,0.8027488429869641,-0.21637402434161043
1981-11-25,0.7767439831182167,-0.23371119869715884
1981-11-26,0.4335057046343276,-0.43266352417016307
1981-11-27,0.25880872408057687,-0.41678435328855296
1981-11-28,0.4732006893869482,-0.17783692094700984
1981-11-29,0.6707358957923756,0.056400422922670716
1981-11-30,0.6521059238937779,0.5203004425464772
1981-12-01,0.7149556596237875,0.5961955562130652
1981-12-02,0.8816237951775048,0.323291070496007
1981-12-03,0.8757049227109339,0.25059330770080823
1981-12-04,0.9462816248414517,0.38573435245702986
1981-12-05,0.9469499857618381,0.8230407176284258
1981-12-06,0.9404576826597524,1.2016305582158493
1981-12-07,1.0217290947284756,1.436469813876718
1981-12-08,0.837383632955036,1.586736129773036
1981-12-09,0.3763287395404911,1.8364708827308018
1981-12-10,-0.21149305829519216,1.9659604190898508
1981-12-11,-0.7677422371929271,1.8518012217481568
1981-12-12,-1.074517152050077,1.5034790087997143
1981-12-13,-1.1679413602115545,1.5258783800005273
1981-12-14,-1.2300692797554127,1.0543229837856791
1981-12-15,-1.2671656368438928,0.80164768912711
1981-12-16,-1.3989079705456366,0.6940277542496261
1981-12-17,-1.5121932317382296,0.6200389630910758
1981-12-18,-1.5345689244211744,0.5757438716150097
1981-12-19,-1.4930124930011373,0.5733809183328573
1981-12-20,-1.5691443722954719,0.7194165524255377
1981-12-21,-1.4910292729783703,0.7952202468187363
1981-12-22,-1.4434238220164621,0.8758051566142717
1981-12-23,-1.2538003428909477,0.7054136194117423
1981-12-24,-1.2348835656754018,0.5044792309802302
1981-12-25,-1.1808838315672363,0.2530817207146862
1981-12-26,-1.4726958760430107,0.10731399697377256
1981-12-27,-1.6887877418121309,-0.11527957893028393
1981-12-28,-1.536082676612125,-0.5620833512326857
1981-12-29,-1.4215606970005399,-1.042671006171551
1981-12-30,-1.3117018820137967,-1.225427373338315
1981-12-31,-0.9715557036630509,-1.3614130735587648
1982-01-01,-0.8400496074777092,-1.6794288537609277
1982-01-02,-0.6669584982400534,-1.629927261240445
1982-01-03,-0.4951035494897248,-1.532456490524819
1982-01-04,-0.371576234394319,-1.3038242493051133
1982-01-05,-0.26648971705996766,-1.1201022792490827
1982-01-06,0.085979912202011,-0.9431053158866406
1982-01-07,0.11668803340689375,-0.881765964532942
1982-01-08,0.31127775259613794,-0.8301975669891376
1982-01-09,0.6062319735909495,-1.0180499807346344
1982-01-10,0.7316287820829672,-1.0905573346741912
1982-01-11,0.6314692377323692,-0.8577073882707089
1982-01-12,0.7585026835458057,-0.6063461364631939
1982-01-13,1.0392158170372492,-0.5519658472196838
1982-01-14,1.021935771727185,-0.20258822401640675
1982-01-15,0.9885192064413739,0.14646184466493303
1982-01-16,0.968471202280461,0.18026263007999463
1982-01-17,0.6752979669073869,0.2821114878791335
1982-01-18,0.18622232419926524,0.3782084808446799
1982-01-19,0.03189658621146358,0.2616914425248831
1982-01-20,0.009759029408810087,-0.0594812333054069
1982-01-21,-0.10090669929583423,0.18248110800485698
1982-01-22,-0.14280051684091855,0.15745850980427545
1982-01-23,-0.32653669793361517,-0.2629476738428732
1982-01-24,-0.6135243042926534,-0.5255528747747019
1982-01-25,-0.6961658154245283,-0.7858710520978347
1982-01-26,-0.31449783749141574,-0.6805520667075713
1982-01-27,0.07779136945132971,-0.3960275833262694
1982-01-28,0.47788256581278943,-0.24785501605786472
1982-01-29,0.6809982043951903,-0.3156075148165972
1982-01-30,0.810321745028373,0.09547766267725148
1982-01-31,0.802081785544076,0.5028640874175899
1982-02-01,0.49879358358669984,0.9153640520849133
1982-02-02,0.32161549096757697,1.0058794676808647
1982-02-03,-0.16870040505658893,1.1455406681590148
1982-02-04,-0.582940679508375,1.0181877319201047
1982-02-05,-0.6633953790503625,0.7283898496584615
1982-02-06,-0.4875960152009884,0.29246524031424853
1982-02-07,-0.34138974219148494,0.13989727572579316
1982-02-08,-0.06254222769675864,0.02107040751300576
1982-02-09,0.22964893161212968,-0.26077727586482646
1982-02-10,0.6714838798459004,-0.43737801517935143
1982-02-11,0.8188051572376503,-0.5167640758654674
1982-02-12,1.0094629190994886,-0.5705770267349636
1982-02-13,1.0496993768329907,-0.5033915978120125
1982-02-14,0.8928903329474344,-0.513701002843688
1982-02-15,0.533258450672765,-0.41692991794115825
1982-02-16,0.07065826205508345,-0.1882975636677091
1982-02-17,-0.39036688604029185,0.24094364079800254
1982-02-18,-0.632190506018945,0.42377305260784204
1982-02-19,-0.9105747892223038,0.303091032469574
1982-02-20,-0.7645915369725902,0.13775614254761012
1982-02-21,-0.5093248669739545,0.27108894477099704
1982-02-22,-0.27968122761781766,0.08201501872947867
1982-02-23,-0.2394044922545521,-0.10462759834038307
1982-02-24,-0.35140262378600823,-0.10480122697636798
1982-02-25,-0.2811658243648072,-0.2727980930156543
1982-02-26,-0.19456969365945925,-0.5051470808285046
1982-02-27,-0.044667216665927705,-0.7681383463266456
1982-02-28,0.11002085311620152,-1.0345213438272902
1982-03-01,0.46170735471073837,-0.9755065922827125
1982-03-02,0.7018460620141171,-0.697104361646841
1982-03-03,0.6270619853474959,-0.07038951183069862
1982-03-04,0.5958296231246021,-0.06925383239882861
1982-03-05,0.7381417870124478,-0.19789305754889147
1982-03-06,0.8602117254722338,-0.18229596624735528
1982-03-07,0.9634085584557689,-0.43053654861278395
1982-03-08,1.0197237541775714,-0.33212724199391036
1982-03-09,0.8508750192559748,-0.13519338120833435
1982-03-10,0.7109104791570718,-0.12334152400405742
1982-03-11,0.43491926213919974,-0.34530173157297395
1982-03-12,0.2651595647284523,-0.4842647733068259
1982-03-13,0.18957413548192875,-0.6088663671704566
1982-03-14,0.07038931859358137,-0.692796952480501
1982-03-15,0.18999450917562505,-0.5839316938320588
1982-03-16,0.48024837274663723,-0.5735877622301734
1982-03-17,0.7961823722796829,-0.4666616350040431
1982-03-18,0.8029692804006494,-0.39185496563186534
1982-03-19,0.8670962044267555,0.005261761974758396
1982-03-20,0.797182841028386,0.13423790576852998
1982-03-21,0.7041052276946209,0.38187269660095224
1982-03-22,0.7739544352417599,0.5636595606518766
1982-03-23,0.8857739309432577,0.6138738314728279
1982-03-24,1.038433042565633,0.38307638376634984
1982-03-25,1.1222201641684686,0.5278854420569686
1982-03-26,0.8197702430446729,0.7633821237502041
1982-03-27,0.7677456355237537,1.0430359536621145
1982-03-28,0.8003468572514504,1.0988122282912767
1982-03-29,0.5131463471176165,1.2043779755183475
1982-03-30,0.3405519844134574,1.5288996176275713
1982-03-31,-0.04708126423820406,1.7529246375112424
1982-04-01,-0.3695779895254212,1.7072777102092658
1982-04-02,-0.7447996955747959,1.38943854959529
1982-04-03,-0.8412382045438137,1.1535792886996974
1982-04-04,-0.9886150392201113,1.230325334644555
1982-04-05,-1.0638399307558462,1.3048922503664673
1982-04-06,-1.5146758924814727,1.3980577871754996
1982-04-07,-1.7150260285535524,1.3685388884593235
1982-04-08,-1.8576990957633068,1.075702939782029
1982-04-09,-1.9652891153169352,0.48492861014243294
1982-04-10,-1.6573445645660538,-0.07140269052490089
1982-04-11,-1.3664233691385634,-0.5868446564957902
1982-04-12,-1.0270010120530624,-0.6542680329917889
1982-04-13,-0.8435201665260731,-0.763908709787543
1982-04-14,-0.684818346446174,-0.590463450431958
1982-04-15,-0.3003020944495633,-0.6854068209943915
1982-04-16,-0.21720381301719202,-0.8502222944562302
1982-04-17,-0.033837870709767695,-0.8721719001876489
1982-04-18,0.21715596217394292,-0.790847371579067
1982-04-19,0.34730266899068524,-0.8060262645238984
1982-04-20,0.4577949588584444,-0.8973094944143563
1982-04-21,0.6800205579717091,-0.9225998392734329
1982-04-22,0.762158746822206,-0.9809756839056776
1982-04-23,0.7414757822559258,-0.8416418933613948
1982-04-24,0.7428040503807009,-0.7401466387459265
1982-04-25,0.657102522297017,-0.5586303555179615
1982-04-26,0.5616786461206144,-0.43265631175998237
1982-04-27,0.421284760432349,-0.23340711448634485
1982-04-28,0.22602244864434054,-0.20712291365427038
1982-04-29,0.21446757043479922,-0.07159302002004442
1982-04-30,0.2719165853395271,0.005118066753936112
1982-05-01,0.4791975445241435,0.17130894853862488
1982-05-02,0.5531463949201116,0.2366264988261138
1982-05-03,0.4123490680416148,0.30014571521613365
1982-05-04,0.370926922070738,0.2812151098476245
1982-05-05,0.3280941428418711,0.1904433386177013
1982-05-06,0.04736864452254299,0.2389199468431953
1982-05-07,-0.19251247715622655,0.03866615744467407
1982-05-08,-0.338053940734082,-0.28816202883470454
1982-05-09,-0.3940325307334388,-0.23079079547073283
1982-05-10,-0.5925085482701664,-0.09494421403292196
1982-05-11,-0.6930276893628363,-0.050999727986407214
1982-05-12,-0.7565639052550854,-0.08517214335420771
1982-05-13,-0.7992864938064027,-0.22302243490065782
1982-05-14,-0.9750246984612757,-0.3335617971967292
1982-05-15,-1.3823571567620156,-0.3702813427069416
1982-05-16,-1.518464095282116,-0.3304518240903577
1982-05-17,-1.5170575340919914,-0.3652189782395121
1982-05-18,-1.6819467379964654,-0.4380362470275999
1982-05-19,-1.8112545074781938,-0.5984765588487131
1982-05-20,-1.6889424242736961,-0.8020189476657653
1982-05-21,-1.510725949287855,-0.9696423386313142
1982-05-22,-1.359198329634711,-1.282609567735393
1982-05-23,-1.25924967887966,-1.5880956069038892
1982-05-24,-1.0936996522134457,-2.045266290828518
1982-05-25,-0.8180839450258828,-2.2849853792170314
1982-05-26,-0.2658667556423377,-2.4494010275420512
1982-05-27,0.29417493862577315,-2.4994184765620426
1982-05-28,0.779539535208282,-2.258551022751209
1982-05-29,1.4138326647411854,-2.0462015278480177
1982-05-30,1.8609883894020378,-1.577164942849896
1982-05-31,1.8616752892630033,-1.0118828773577655
1982-06-01,1.7615913310815334,-0.5985527839400014
1982-06-02,1.7101505894122389,-0.3313699173196739
1982-06-03,1.5970579278555488,0.02214450659765167
1982-06-04,1.3464033240484905,0.4011568360212873
1982-06-05,0.9193483084703147,0.5504494581635249
1982-06-06,0.5277519806226719,0.7112142693190693
1982-06-07,0.18186505283052962,1.2419606845204592
1982-06-08,-0.026893012980928267,1.3991819838754527
1982-06-09,-0.038300941739567364,1.3153356327996077
1982-06-10,0.11855007894790907,1.288639003200571
1982-06-11,0.266308321335478,1.113033460616784
1982-06-12,0.39579639412409384,0.7576732632468174
1982-06-13,0.3884802658632145,0.5680394429517215
1982-06-14,0.2314668484797692,0.6078552388298568
1982-06-15,0.17764797589820935,0.6449334626955784
1982-06-16,0.12190060179448965,0.28312519206988795
1982-06-17,0.32386723165239467,0.08973828115275465
1982-06-18,0.5329470928121559,0.0541067037921896
1982-06-19,0.48643451634163004,0.2505246304127533
1982-06-20,0.4537701796212552,0.3522406581243954
1982-06-21,0.39856773727034117,0.3744543106990891
1982-06-22,0.4048003796733862,0.4046732743871072
1982-06-23,0.3036417862331899,0.70509862185918
1982-06-24,0.20827978155965313,0.8772863085726331
1982-06-25,0.25471022327365006,1.1513776911396096
1982-06-26,0.18187992950351622,1.2044848865534215
1982-06-27,-0.01159280381326847,1.335742860727237
1982-06-28,-0.1028634102425673,1.3009093179048754
1982-06-29,-0.26827051831804666,1.3556304000044106
1982-06-30,-0.5988838987306444,1.128313054941292
1982-07-01,-0.794651120988029,0.895304627098351
1982-07-02,-0.8088987309147623,0.8619384968796534
1982-07-03,-0.9080920531308925,0.8675199213556778
1982-07-04,-1.0288577801426781,0.7297535338920892
1982-07-05,-0.9181310788591771,0.6440828912064034
1982-07-06,-0.6698838167655184,0.37897208763627477
1982-07-07,-0.7640165741928254,-0.0031378285587609005
1982-07-08,-0.7615088567613301,-0.4986282879915357
1982-07-09,-0.6890739536558015,-0.5696600401088504
1982-07-10,-0.48697145851576634,-0.4022364157955123
1982-07-11,-0.42525898857448863,-0.26793516884921126
1982-07-12,-0.49395012031107066,-0.18990571750158008
1982-07-13,-0.44492800014350503,-0.19012746203786388
1982-07-14,-0.7147568593955058,-0.2275182016952298
1982-07-15,-0.6816695400321349,-0.06662634300012941
1982-07-16,-0.30306746256046563,0.16633643732289075
1982-07-17,-0.009809946103449829,0.4497076366995543
1982-07-18,0.050079073317617386,0.7978736311860938
1982-07-19,-0.02917918775346117,0.8028843182306302
1982-07-20,-0.4070155935087787,0.8766475077677894
1982-07-21,-0.5757844288742872,0.8967982589497794
1982-07-22,-0.7202035937529891,0.709743695989225
1982-07-23,-0.836738998646667,0.6691294902049031
1982-07-24,-0.7901499748034477,0.392299648324902
1982-07-25,-0.5381440666390466,0.1763569841423876
1982-07-26,-0.20358842527873294,-0.08717796108735959
1982-07-27,0.052602553464700025,-0.07785685292295506
1982-07-28,0.37805839414107845,-0.18558855901918783
1982-07-29,0.36673153758314825,-0.12374553832784295
1982-07-30,0.6058770745286841,-0.2769687963183825
1982-07-31,0.6373235801862013,-0.39929450831398633
1982-08-01,0.36278086705208706,-0.5431544026483175
1982-08-02,0.1253526448444639,-0.8597586305793329
1982-08-03,-0.010894261185145354,-1.0294269492930639
1982-08-04,0.0757445287847992,-1.0028305368427415
1982-08-05,0.26768625525015916,-0.9355063695368521
1982-08-06,0.5185484670856227,-0.9964942625696911
1982-08-07,0.5216140565188158,-0.9567811050608013
1982-08-08,0.7832556235020712,-0.9452642324910768
1982-08-09,0.7494592125456544,-0.5380045585281628
1982-08-10,0.8551141489838093,-0.4594039475820923
1982-08-11,1.0074888904431314,-0.46129211849824303
1982-08-12,1.0472626707377635,-0.3774555702358365
1982-08-13,1.0612536769785392,-0.10454987383683177
1982-08-14,1.1113103739320394,-0.08487551147423099
1982-08-15,1.2074249950562186,0.004751511883290049
1982-08-16,1.1635998184711018,0.16467312232308123
1982-08-17,1.063919852783541,0.2591183874872647
1982-08-18,1.0190299599330157,0.12154136346630548
1982-08-19,0.8792493115769601,-0.15313092545826873
1982-08-20,0.7970814793839813,-0.039689431454400764
1982-08-21,0.9322722047063499,-0.026088145325094833
1982-08-22,0.8951313455660634,0.08108379397888456
1982-08-23,0.7817138224255874,-0.09518633135891369
1982-08-24,0.6856816160605936,0.05390982288134615
1982-08-25,0.5939983980501419,0.5036102190682218
1982-08-26,0.5236240064914298,0.7054157238608258
1982-08-27,0.4633401959767182,0.9346647499859134
1982-08-28,0.4252394906615103,1.08691414447318
1982-08-29,0.3015241920122931,1.2240311025130786
1982-08-30,0.1602143102786693,1.2152813511497724
1982-08-31,0.10260931383665833,1.4565140954362652
1982-09-01,0.03634645414124839,1.3410403531311075
1982-09-02,-0.04560280360092328,1.2748281339139045
1982-09-03,0.048737344423334564,1.501774757907548
1982-09-04,0.06051850781682669,1.708660517626821
1982-09-05,0.12066111057680355,1.6714986829875802
1982-09-06,0.08050974192143061,1.653392977916073
1982-09-07,0.05423746053995883,1.675311547014225
1982-09-08,0.12927649865464513,1.6087486686907333
1982-09-09,0.18838464092722362,1.3616329498710076
1982-09-10,0.23776990452404315,1.0015530811316202
1982-09-11,-0.07221861714957556,0.8610692594413785
1982-09-12,-0.11262024189393224,1.080794027989118
1982-09-13,-0.2747094926934123,1.0045136245984345
1982-09-14,-0.28812959021374507,1.0134348530180477
1982-09-15,-0.5773881849379078,0.8659705408252789
1982-09-16,-0.795322719044427,0.35375091136783066
1982-09-17,-1.0984347578316902,0.18339652598704545
1982-09-18,-1.0961895163365376,0.08968429917958388
1982-09-19,-0.9285625778635492,-0.34949897740140967
1982-09-20,-0.8721787853037272,-0.40574287140121085
1982-09-21,-0.7410733130802731,-0.28751786363657444
1982-09-22,-0.507252941487294,-0.338174986531076
1982-09-23,-0.28267865100793305,-0.22028123359286247
1982-09-24,-0.4248443705132904,-0.21777792664570167
1982-09-25,-0.3819331058650061,-0.18145196628555071
1982-09-26,-0.4109314048457976,-0.2569216258430685
1982-09-27,-0.38646105485090027,-0.5726089964699547
1982-09-28,-0.26117942913696673,-0.7110470776195454
1982-09-29,-0.10649295923206949,-0.7434006233726259
1982-09-30,0.061236862881539046,-0.6266723178266773
1982-10-01,-0.08822677210212056,-0.037818636285239564
1982-10-02,-0.24234796272550846,0.2957847981960008
1982-10-03,-0.33970553805539416,0.30859488282236386
1982-10-04,-0.2852744028392078,0.2869908160573144
1982-10-05,-0.39286591995424386,0.18202059650699123
1982-10-06,-0.5008517416404823,0.382580799074886
1982-10-07,-0.708374790802529,0.4904583455193886
1982-10-08,-0.9551309615623189,0.5183148395916299
1982-10-09,-0.8838818452659531,0.29298238832185497
1982-10-10,-0.6710761777761342,-0.08201440641475083
1982-10-11,-0.56163113390191,-0.17242609743503914
1982-10-12,-0.5287920814867012,-0.12720531561049556
1982-10-13,-0.4476739950709438,-0.007764929989701129
1982-10-14,-0.3498616203075079,-0.2501255205024865
1982-10-15,-0.20342760594286424,-0.47416127278036985
1982-10-16,-0.07292170214123185,-0.5844323567614625
1982-10-17,-0.006001387826700477,-0.7515003956168593
1982-10-18,-0.17044337455292888,-0.9778271579703937
1982-10-19,-0.45754946719858347,-1.100399863587897
1982-10-20,-0.5274379806952486,-0.8685241953264871
1982-10-21,-0.6226744465823354,-0.67622833704048
1982-10-22,-0.9178124130947245,-0.6060806508494763
1982-10-23,-1.0300215582345733,-0.7493619426646263
1982-10-24,-1.0289120407860273,-1.2465428355766117
1982-10-25,-1.0166184442366717,-1.5879570189609074
1982-10-26,-0.7851480269946518,-1.5651366838552516
1982-10-27,-0.4984124840205823,-1.503141653498868
1982-10-28,-0.18773989850726355,-1.520500569748169
1982-10-29,-0.07574379037086532,-1.5077733851753732
1982-10-30,0.17337764744444967,-1.364869422065956
1982-10-31,0.3804854590187508,-1.4556869053102646
1982-11-01,0.625580614762029,-1.5611363596506185
1982-11-02,0.6714207508735298,-1.4837655167987658
1982-11-03,0.879814060671223,-1.2208123972743468
1982-11-04,0.9868209308763424,-0.7032278775800999
1982-11-05,1.1078055046765267,-0.3350461438505668
1982-11-06,1.1254034889507523,-0.06570672247712633
1982-11-07,0.9372453909651338,0.3313871369643
1982-11-08,0.9932100808464327,0.7862665348438154
1982-11-09,0.9561123851206789,0.8312703427579492
1982-11-10,0.5192351597375598,0.8421326661668588
1982-11-11,0.4888894898676814,0.9013136774844533
1982-11-12,0.323784584631387,0.9982912572879229
1982-11-13,0.23574119732293425,0.9814586038744368
1982-11-14,-0.07930464188143346,0.8573123881837459
1982-11-15,-0.4841315197247786,0.7576723552748297
1982-11-16,-0.7700887186847223,0.8067573846739525
1982-11-17,-1.0492417758367152,0.916545010937398
1982-11-18,-1.23794299737271,0.7370705468104085
1982-11-19,-1.3299163477938338,0.3231007307940515
1982-11-20,-1.4717588362378105,-0.1038125966998394
1982-11-21,-1.8437294435315663,-0.3590809790352294
1982-11-22,-1.6412079801881954,-0.8684154187427883
1982-11-23,-1.059942944568351,-1.2768657713042986
1982-11-24,-0.8782332501065252,-1.7706264999193653
1982-11-25,-0.5972780533891836,-1.8432891858785463
1982-11-26,0.07253641120277969,-1.8959208479913405
1982-11-27,0.8241452860391216,-1.5821400903749399
1982-11-28,1.379114631321862,-1.225298872833618
1982-11-29,1.6443615506334972,-1.0788379826372636
1982-11-30,1.5331896029471566,-0.9382370924255813
1982-12-01,1.462524278727883,-0.3861004158323157
1982-12-02,1.4129784123798923,0.13177736493852643
1982-12-03,1.0645422289751754,0.8162055020639264
1982-12-04,0.7900824806445782,1.2624698277102775
1982-12-05,0.3905741210861511,1.3943276030175236
1982-12-06,-0.019624971851256744,1.1901006791068816
1982-12-07,0.03208481867574371,0.8503991342500136
1982-12-08,-0.1470349658147351,0.6008352692753587
1982-12-09,-0.3425625312099835,0.49477058480895986
1982-12-10,-0.21785812922593237,0.2834151922591386
1982-12-11,-0.08830573711691816,0.062337257261766095
1982-12-12,-0.03477090181643309,-0.1675056974379865
1982-12-13,0.18444925955818137,-0.1818858795647634
1982-12-14,0.427053977934667,-0.2965018927095881
1982-12-15,0.3263490280387906,-0.12311110272179152
1982-12-16,0.2826929640755249,-0.3029185517515107
1982-12-17,0.31058857164995796,-0.34134214973295346
1982-12-18,0.4239586312608188,-0.5386239519498073
1982-12-19,0.7090614402360587,-0.8772483384393324
1982-12-20,0.9562309888203594,-1.2594486401569382
1982-12-21,0.9197961359265899,-1.3928271860630712
1982-12-22,0.9180279008575051,-1.3469037702401232
1982-12-23,1.0197213583941824,-1.5605894109062657
1982-12-24,1.1046299474725025,-1.382921256496935
1982-12-25,1.1017109710781756,-1.1371125592428863
1982-12-26,1.4225313263673534,-0.7769780675609959
1982-12-27,1.7184189165479073,-0.3003118911463286
1982-12-28,1.6525475854274299,0.17662427045081033
1982-12-29,1.6779640645039084,0.11961866447438942
1982-12-30,1.6773915715333723,0.1502243297129355
1982-12-31,1.4028577187528022,0.07259545581789713
1983-01-01,1.3424125975521197,-0.14263049223554483
1983-01-02,1.3800885127828106,-0.2274924936583626
1983-01-03,1.3616320035144542,-0.09663538895826289
1983-01-04,1.231868990179282,0.08798902850217918
1983-01-05,1.0614049921676036,0.38909371147351485
1983-01-06,0.9653647647474167,0.7903547591085558
1983-01-07,0.7326881114467279,0.9794799640554226
1983-01-08,0.5127572077643614,1.400134132990318
1983-01-09,0.21336334636041535,1.5421939195159937
1983-01-10,-0.2714297110529062,1.7184740780219088
1983-01-11,-0.5612705426820694,1.7487650447925485
1983-01-12,-0.8163314601713867,1.7628541755034834
1983-01-13,-1.0713008052069974,1.2782439113284663
1983-01-14,-1.2434544691613534,1.1017396077437003
1983-01-15,-1.1894218495550466,0.7667407867884569
1983-01-16,-1.3867197893419405,0.5476854768644439
1983-01-17,-1.573936721975324,0.2372619179224644
1983-01-18,-1.3383926709159482,0.04770036172990379
1983-01-19,-0.9960886575624186,-0.20380126049606043
1983-01-20,-1.0971718616868544,-0.2855685969402779
1983-01-21,-1.5635652019297546,-0.3650990166837507
1983-01-22,-1.628004803573619,-0.34474928181017955
1983-01-23,-1.365779502881967,-0.5233989041419641
1983-01-24,-1.2259356452517631,-0.30073678835560824
1983-01-25,-1.5347337358730375,-0.03065569730229314
1983-01-26,-1.8669857843227207,0.05914466701615703
1983-01-27,-2.0960030928516087,0.11045649125667686
1983-01-28,-1.9424355937244315,-0.08492915173473946
1983-01-29,-1.7656874335702637,-0.3043784692245338
1983-01-30,-1.4049143923369847,-0.5935091246134703
1983-01-31,-0.9441572977420088,-0.7499323617856832
1983-02-01,-0.48412618106869876,-0.5548516190883457
1983-02-02,-0.5107973616631413,-0.24798298818202552
1983-02-03,-0.5660382560687827,-0.08980807991306632
1983-02-04,-0.5073007578146661,-0.057370778793726325
1983-02-05,-0.6412311653639289,-0.15297146789316343
1983-02-06,-0.8172709583356791,-0.17722203145760537
1983-02-07,-0.6934236587258961,-0.3570338516783895
1983-02-08,-0.5809475811462869,-0.7231343493191379
1983-02-09,-0.5353624652056397,-1.0508738429205766
1983-02-10,-0.22890372688692873,-1.1709369517601464
1983-02-11,0.2171214693106927,-1.4020988872902316
1983-02-12,0.530737117212653,-1.5001486244241717
1983-02-13,0.7594746307123124,-1.3601443021049704
1983-02-14,1.0444345483172381,-1.0530051101815545
1983-02-15,1.1952528845652672,-0.6014415168639888
1983-02-16,1.3793471327072915,-0.11506286788255833
1983-02-17,1.2225096131868411,0.13551413426140915
1983-02-18,1.0891179976648897,0.1829142499930435
1983-02-19,0.9452659781489489,0.3598332555904353
1983-02-20,0.690770764800709,0.7117562337639884
1983-02-21,0.43781775003136336,0.8133019306924402
1983-02-22,0.11138899823522447,0.9792790973004636
1983-02-23,-0.21747314363030612,1.1550499233778695
1983-02-24,-0.4580557440841461,1.290644229421245
1983-02-25,-0.48325425393145627,1.2210178670303447
1983-02-26,-0.5663459167604034,1.1101823429778996
1983-02-27,-0.9355036629051631,0.9882877144592487
1983-02-28,-1.2661383747982846,0.9013743510051783
1983-03-01,-1.4990492533878503,0.6609625219062832
1983-03-02,-1.4333464808476648,0.36822286706244434
1983-03-03,-1.2541927823142727,0.46932587087369443
1983-03-04,-1.2321793774972767,0.7659723791507661
1983-03-05,-1.1006916492121195,0.6656632273725906
1983-03-06,-0.8662307813009877,0.3408961952064318
1983-03-07,-0.7010450694111799,0.4509851395278237
1983-03-08,-0.6125548722962719,0.6790131029983164
1983-03-09,-0.2791337958555762,0.8035627734466257
1983-03-10,-0.13148496386471697,0.6228938824907129
1983-03-11,0.06286980074092034,0.4464008116384407
1983-03-12,0.2334182839040598,0.4007816765164192
1983-03-13,0.2502917890656177,0.30336480541659955
1983-03-14,0.004824140954486085,0.1770094366087427
1983-03-15,-0.1216041769450645,0.08539078829492068
1983-03-16,0.10079208571471514,0.1207696426954589
1983-03-17,0.0983482742710154,0.1650165940528248
1983-03-18,-0.05955393877949892,0.09055785488223111
1983-03-19,-0.12189935491325066,0.24883016159525465
1983-03-20,-0.04812338599257771,0.34672428777947467
1983-03-21,-0.21429123962001492,0.40906000732370945
1983-03-22,-0.23885945170657635,0.36126322013668166
1983-03-23,-0.2728265195981479,0.2958595670482741
1983-03-24,-0.239205307583138,0.05586910801019732
1983-03-25,-0.2563057330460249,-0.12225848342048927
1983-03-26,-0.19463845997959525,-0.26456067546538203
1983-03-27,-0.1414168459732471,-0.26827781841133996
1983-03-28,-0.16861065762965233,-0.12799860399235855
1983-03-29,-0.08976654147917282,-0.12815742014893203
1983-03-30,-0.36531265686509257,-0.14268520278060096
1983-03-31,-0.37175493036663265,-0.13048143237338422
1983-04-01,-0.3789027334424478,-0.10337635745462537
1983-04-02,-0.3586942530068191,-0.03273033809143258
1983-04-03,-0.2239685843958008,-0.017811867193595912
1983-04-04,-0.2654649204382156,-0.02910210797311967
1983-04-05,-0.16631970289603684,-0.17483495252101522
1983-04-06,-0.17563676663058275,-0.11663677763948059
1983-04-07,-0.30932150348526444,-0.15160295060409465
1983-04-08,-0.3371753573587865,-0.1804934348338373
1983-04-09,-0.5195852071656978,-0.18373240614390604
1983-04-10,-0.5697939812541457,-0.34365738966210146
1983-04-11,-0.450045064473,-0.5508981895764901
1983-04-12,-0.19336998856882887,-0.7365883818788613
1983-04-13,0.26067024755711804,-0.7981603003586155
1983-04-14,0.6199611139957835,-0.702246863628619
1983-04-15,0.773543328956421,-0.8973825340530045
1983-04-16,0.8070780794002914,-1.1953631626558539
1983-04-17,0.7202338324567303,-1.1045869896302
1983-04-18,0.5725130534862467,-0.6981517961641974
1983-04-19,0.39662747550248956,-0.43517258761408417
1983-04-20,0.22472438695270855,-0.6643206858312115
1983-04-21,0.20175991485238443,-0.9105039997790816
1983-04-22,0.4258728471499564,-0.8664577023537681
1983-04-23,0.6401812013507555,-0.6355863430127285
1983-04-24,0.8919803893910188,-0.17805035335167477
1983-04-25,1.2287235213266092,-0.11531311719676972
1983-04-26,1.530293302904304,-0.1454414865652057
1983-04-27,1.8231301319005544,-0.032660180582950976
1983-04-28,1.8607119701746335,0.30847454884984304
1983-04-29,1.7554550068457302,0.43371442558568696
1983-04-30,1.4000072128760297,0.19806379086883752
1983-05-01,1.143140313499425,0.032017998160087574
1983-05-02,0.9383235388214268,-0.062247681668405615
1983-05-03,0.5675360746282785,-0.09313729915976933
1983-05-04,0.28517374512689886,-0.17790024201263172
1983-05-05,0.20399175303762665,-0.2698266155239151
1983-05-06,0.3912066800387553,-0.8051718847137846
1983-05-07,0.3841904279329093,-0.8953595476783539
1983-05-08,0.2171173623058511,-0.6437380299269672
1983-05-09,0.03318944483117167,-0.41756443236061225
1983-05-10,0.12429115388799482,-0.24396311562421646
1983-05-11,0.07204828907045431,-0.1571549471145369
1983-05-12,-0.061895445570001956,0.17933864901856106
1983-05-13,-0.09267154690268962,0.22721287525116712
1983-05-14,-0.35391110582320423,0.28578502338044587
1983-05-15,-0.35409135761798155,0.07524002927927052
1983-05-16,-0.41539414966169147,-0.0601072352503088
1983-05-17,-0.4269220080883953,-0.14760470096638767
1983-05-18,-0.3087650412436003,-0.1924803112928964
1983-05-19,0.10291909886754254,-0.12800739933639868
1983-05-20,0.15555545025649425,0.06840340977655467
1983-05-21,0.08042270284433392,0.23693480828953312
1983-05-22,0.3946084285870746,0.4836958635889686
1983-05-23,0.7150028451571696,0.7628951600432924
1983-05-24,0.60377067486508,1.0899292866082568
1983-05-25,0.16616644772507083,1.162703182450161
1983-05-26,-0.37592591803845316,0.9509375563031003
1983-05-27,-0.5493661701041411,0.791643658701776
1983-05-28,-0.6945659923436496,0.7068807631694737
1983-05-29,-1.04058645038002,0.5904856131296038
1983-05-30,-1.4662481786541068,0.5143433846620886
1983-05-31,-1.4778854719838657,0.41490871223664677
1983-06-01,-1.397030737364678,0.49552002020457786
1983-06-02,-1.2410316851684418,0.5514968165435387
1983-06-03,-1.304419127260084,0.5253272098128112
1983-06-04,-1.111286963920208,0.6505466241861684
1983-06-05,-0.8209541059616298,0.670424989951948
1983-06-06,-0.9138640440979862,0.6611246601315502
1983-06-07,-0.9311553980151842,0.6224403145803037
1983-06-08,-0.7258140524413075,0.4572741607642555
1983-06-09,-0.7282836510162506,-0.0033557079096439724
1983-06-10,-0.7633678054709788,-0.4328889322810726
1983-06-11,-0.6259319351382466,-0.8993582671243804
1983-06-12,-0.35696425725193304,-1.12480874244786
1983-06-13,-0.3294168862081198,-1.1632862687854175
1983-06-14,-0.23574381623803425,-1.078783720782911
1983-06-15,0.025686808507436674,-1.0179540244059755
1983-06-16,0.48673610811774765,-0.6865474915981823
1983-06-17,0.8627867760190153,-0.3257654435713081
1983-06-18,1.1321753188834356,0.09999418224967783
1983-06-19,1.1465037757790142,0.2675137399535178
1983-06-20,1.1189171576260317,0.4463775650945429
1983-06-21,0.9393061075741488,0.43917874374518695
1983-06-22,0.8135080114544568,0.41692888777920606
1983-06-23,0.9495859292493816,0.4840645086130721
1983-06-24,0.7806692009043954,0.6375403873093779
1983-06-25,0.6455624930337941,0.8026321080136525
1983-06-26,0.47004645478567025,0.9954187822819538
1983-06-27,0.2757257080694722,1.1099061014618519
1983-06-28,0.3461608375629156,1.1845166114069214
1983-06-29,0.13217790866018808,1.3542240609226281
1983-06-30,0.06229267683806093,1.2671609386298015
1983-07-01,-0.039990850182447746,0.8659100477843814
1983-07-02,-0.39656998630420626,0.5596953757650758
1983-07-03,-0.6983423084495369,0.3919607542077638
1983-07-04,-0.8281401625921595,0.5172694693714598
1983-07-05,-1.2316903624935007,0.35575976784075225
1983-07-06,-1.3682083178686633,0.2940888799460802
1983-07-07,-1.146218551018863,0.3851533134095671
1983-07-08,-1.2592781893676146,0.24540785150969474
1983-07-09,-1.105186550407688,0.09632320764416973
1983-07-10,-0.4168734018429029,0.1165410601936909
1983-07-11,0.11853778378944645,0.3479629755188347
1983-07-12,0.23430686659990807,0.08194795395631296
1983-07-13,0.10733228370926547,-0.29526749228326993
1983-07-14,0.04014352621711403,-0.5286503137332617
1983-07-15,0.15229287069965788,-0.380033710067106
1983-07-16,0.210637031688862,-0.13134343879631066
1983-07-17,0.16008619018130504,-0.037551481660679946
1983-07-18,0.08700979522340753,-0.1620174521045817
1983-07-19,0.24550400683413043,-0.2250771859057633
1983-07-20,0.25074750535225343,-0.4637016391969896
1983-07-21,-0.1228222014080722,-0.6471611348308587
1983-07-22,-0.2046284193495365,-0.3874678238292083
1983-07-23,-0.2554861760623589,0.03887052392826468
1983-07-24,-0.2860749312466995,-0.0524640342417605
1983-07-25,-0.2802750685727591,0.10925588579610317
1983-07-26,-0.16344979250207228,0.3378369284517142
1983-07-27,-0.15262743779139495,0.32148017040603183
1983-07-28,0.06588199065915355,0.3072512562046695
1983-07-29,0.08407600223426792,-0.008405958667712758
1983-07-30,0.0005913997208230042,-0.08912374103682033
1983-07-31,-0.20910572949397405,-0.29611877662786384
1983-08-01,-0.5572201840966956,-0.47324717326285587
1983-08-02,-0.7425279062618755,-0.7251701426642737
1983-08-03,-0.5014917633869924,-0.8475819006865092
1983-08-04,-0.2912160035067666,-0.8937149830165627
1983-08-05,-0.14112868356919597,-0.9398566208538095
1983-08-06,-0.11857703769329239,-1.0413541169054192
1983-08-07,0.13671321965671462,-1.13784233958574
1983-08-08,0.5053059197028315,-0.9205529941956008
1983-08-09,0.6705278765470023,-0.8281404828002515
1983-08-10,0.6865011391526704,-0.717909746103019
1983-08-11,0.8380474924145377,-0.5570606485432189
1983-08-12,1.0090291374483142,-0.31584024968528296
1983-08-13,1.2751908908221665,-0.05914397245762566
1983-08-14,1.3824081481729082,0.11868608899797095
1983-08-15,1.3716958014768155,0.11021869052655281
1983-08-16,1.0860855463654229,0.09192256673179863
1983-08-17,0.8729637943641264,0.2833864991399049
1983-08-18,0.7228811567581614,0.5027507978649318
1983-08-19,0.4806063166072824,0.5261328373790715
1983-08-20,0.3338606908050921,0.45024993357530635
1983-08-21,0.12212388527814631,0.4706214189512957
1983-08-22,-0.09743902859298902,0.6130743161004134
1983-08-23,-0.07270951043653189,0.6254952639264464
1983-08-24,0.02061495882409356,0.44266524063783214
1983-08-25,0.13378164432057046,0.26174304840563506
1983-08-26,0.11250211397483224,0.10283962621626824
1983-08-27,-0.10336224832333796,0.07466330078351979
1983-08-28,-0.35605874811241617,0.20988653522388231
1983-08-29,-0.6412509221965242,-0.013231728851947334
1983-08-30,-0.7696597477464229,-0.1929113068839131
1983-08-31,-0.864772688582938,-0.40920569589927364
1983-09-01,-1.0310931934987149,-0.608603742152545
1983-09-02,-0.9521724497473036,-0.8616717789693802
1983-09-03,-0.9475086226345074,-1.1192718054092643
1983-09-04,-0.9879622928098966,-1.404193279467342
1983-09-05,-1.1181765075138912,-1.2038787799790687
1983-09-06,-1.0004913843700296,-1.2711603764256956
1983-09-07,-0.9986573576000324,-1.3659303841487325
1983-09-08,-0.8082937441776461,-1.3328361603367753
1983-09-09,-0.4673114842697377,-1.2556671367630874
1983-09-10,-0.3522541000188729,-1.2441783948991256
1983-09-11,-0.2714281263822139,-1.0117860743416849
1983-09-12,-0.5061311767582192,-0.9610729984598766
1983-09-13,-0.48051488322642777,-1.1430041975734349
1983-09-14,-0.18201377247889858,-1.3222536983854922
1983-09-15,0.11491009544153827,-1.2773344767998827
1983-09-16,0.3814487286801076,-1.2597441914812657
1983-09-17,0.7289842752646919,-1.0108509323538635
1983-09-18,0.8054908894322538,-0.8446368206347717
1983-09-19,0.8826352346214797,-0.5846584555185089
1983-09-20,0.8903061830513167,-0.34546961928262143
1983-09-21,0.8647145251561009,0.004379916053421003
1983-09-22,0.8495587463157264,0.3195059097409428
1983-09-23,0.9598137047175732,0.7785130464470079
1983-09-24,1.2687066706501617,1.0580031259976412
1983-09-25,1.1448541802127234,1.0277055369941648
1983-09-26,0.8702830211745803,1.1849777663180854
1983-09-27,1.0163302785336839,1.2013787866744057
1983-09-28,0.9021616917218168,1.2201350051487634
1983-09-29,0.8388889799409754,1.0833936276970506
1983-09-30,0.9204616104253182,0.7210646779638744
1983-10-01,0.9261343189218211,0.46347711423538035
1983-10-02,1.0984088241435233,0.5731555065076467
1983-10-03,1.2416361784049235,0.4982534809313723
1983-10-04,1.0515234546813672,0.39007035961605513
1983-10-05,1.0260061355721428,0.38910725459991935
1983-10-06,0.7710629699472535,0.4372069269859865
1983-10-07,0.651547850033583,0.35043498355124286
1983-10-08,0.6114174360329657,0.5487687763623397
1983-10-09,0.5063940988022279,0.8374665570526952
1983-10-10,0.20934029764343562,1.0427367894542197
1983-10-11,-0.01017762134678409,0.8533690113812249
1983-10-12,-0.38219511239545195,0.5228552868382494
1983-10-13,-0.5131462091540625,-0.010678057052980985
1983-10-14,-0.6471586057234291,-0.41775171758774504
1983-10-15,-0.6671939269868912,-0.49538474573772906
1983-10-16,-0.6141704870138068,-0.7805985073265872
1983-10-17,-0.47580439762871884,-1.0533805827239155
1983-10-18,-0.27229008520196446,-1.334270546790965
1983-10-19,0.04782078394863977,-1.4747644917062668
1983-10-20,0.5195340568728545,-1.4336712283765403
1983-10-21,0.7242021560424154,-1.3271344786933754
1983-10-22,0.9686731468188149,-0.8375543539075647
1983-10-23,1.1199475870079068,-0.1719392541232412
1983-10-24,1.0960752999536563,0.28726193199379274
1983-10-25,0.8756693776687217,0.7076713213452337
1983-10-26,0.7539625521837836,1.0950411392275885
1983-10-27,0.7082278926170134,1.2690195707352445
1983-10-28,0.6590207453516571,1.2528268159936402
1983-10-29,0.47328513687076346,1.1083803544626576
1983-10-30,0.36448611230754646,1.0343191974772563
1983-10-31,0.24149753182943057,1.1302404594098923
1983-11-01,0.2024328909684749,1.3130453933461501
1983-11-02,0.05331663175412179,1.415097090119432
1983-11-03,-0.1559806898333829,1.2735808271292486
1983-11-04,-0.36341787267064984,1.1243728386226404
1983-11-05,-0.46937505685075825,0.761570782320269
1983-11-06,-0.536717742739982,0.49468601919953265
1983-11-07,-0.4058095462357356,0.16279850321869874
1983-11-08,-0.2392181951774793,0.03915918466375727
1983-11-09,-0.3063128626840648,-0.025218282610009832
1983-11-10,-0.167973498839717,-0.19750162675064775
1983-11-11,-0.13153072858446668,-0.2702915158665848
1983-11-12,-0.03211283637330652,-0.27100809927321146
1983-11-13,0.1694150242466584,-0.3638003098791323
1983-11-14,0.5872926168630676,-0.16737465665689968
1983-11-15,0.8600318183142444,0.05296366678779802
1983-11-16,0.9276310306669756,0.40758615855490804
1983-11-17,0.9329253638746556,0.7176636968052929
1983-11-18,0.7168861891621942,0.9351592102764937
1983-11-19,0.3175647120851529,1.331204792740246
1983-11-20,0.23322040523925788,1.5692984070854734
1983-11-21,0.15387094893961936,1.9542637090339205
1983-11-22,-0.06888770297839726,1.8035560428860216
1983-11-23,-0.20859362375587248,1.6288337756112017
1983-11-24,-0.5410162535619126,1.3793939290805737
1983-11-25,-0.6193496984676277,1.151018679963102
1983-11-26,-0.9310571904573082,0.8283104076321383
1983-11-27,-1.1738043283044421,0.6809276461389502
1983-11-28,-1.323606284275104,0.9399252372777379
1983-11-29,-1.1208254580380388,1.1964386058657763
1983-11-30,-1.0643353605812407,1.079564710121281
1983-12-01,-1.205856718773803,0.9817403581265682
1983-12-02,-1.4837531294102244,0.924835546654412
1983-12-03,-1.7104817881285435,0.8444428759241923
1983-12-04,-1.740943179981417,0.7673086051517882
1983-12-05,-1.7719987172021687,0.6093374903822782
1983-12-06,-1.6798432117186117,0.5329223257347446
1983-12-07,-1.5601622627702674,0.4736427102389571
1983-12-08,-1.2522016406096088,0.1869191327778358
1983-12-09,-1.0462530050958314,-0.06168223398942939
1983-12-10,-0.6039746035692423,-0.4976782891369593
1983-12-11,-0.4883547414685309,-0.6343314940264732
1983-12-12,-0.47226527458212264,-0.7178881261636519
1983-12-13,-0.3363741077289124,-0.761768675896478
1983-12-14,-0.35432649195880017,-0.8172506564050777
1983-12-15,-0.33819269853424383,-0.9334844270782366
1983-12-16,-0.18944196734350696,-0.8314077916424829
1983-12-17,-0.23906811515635115,-0.7173451994169902
1983-12-18,-0.3446350592258323,-0.6774172830348888
1983-12-19,-0.3547659968891818,-0.7529106028301332
1983-12-20,-0.41972906509305136,-0.9352373461421223
1983-12-21,-0.3802770896273057,-1.093360396192932
1983-12-22,-0.0510087676999631,-1.1493320413627364
1983-12-23,0.04186060800439801,-1.0463157185801277
1983-12-24,0.12339300159715025,-0.8855509106224861
1983-12-25,0.1620309839336974,-0.7286544860050255
1983-12-26,0.3135380403888877,-0.5911646343662835
1983-12-27,0.39041178127473264,-0.231262227846171
1983-12-28,0.18465491765058512,0.024992728363809547
1983-12-29,0.1307223621694439,0.4928521932569751
1983-12-30,-0.18433612080770023,0.6810833704630312
1983-12-31,-0.41387750361838044,0.6431070817488664
1984-01-01,-0.7725158653020548,0.33578488570151854
1984-01-02,-0.751993906649284,0.3752619885854942
1984-01-03,-0.7344681634028414,0.12400929097294411
1984-01-04,-0.7737713806878945,-0.5143663310113276
1984-01-05,-0.7436172172448517,-0.9210337456653543
1984-01-06,-0.5682983217915235,-1.1464793633723738
1984-01-07,-0.2440294266575392,-1.2539951290633828
1984-01-08,0.17445859983134274,-1.254226330434072
1984-01-09,0.670818991308242,-1.1038965897359778
1984-01-10,0.8123253201197288,-0.9119052437226197
1984-01-11,0.8225332269286167,-0.7311059819335377
1984-01-12,0.9414263209390046,-0.37152661015699723
1984-01-13,1.0644489022631878,-0.22524063538401365
1984-01-14,0.9732428760491844,-0.5125571070427525
1984-01-15,0.6077054542672865,-0.4951494888556312
1984-01-16,0.614994670011674,-0.376363554185171
1984-01-17,0.6056536149981971,-0.5943871951501544
1984-01-18,0.5291504673808894,-0.6463068345302269
1984-01-19,0.7193361320966793,-0.6924409859328257
1984-01-20,0.8758697570635008,-0.6718244298069292
1984-01-21,1.0360550633685985,-0.49357349144602986
1984-01-22,1.107050086157845,-0.5203598813481711
1984-01-23,1.1348831291411678,-0.3845610274633349
1984-01-24,1.1560768439860565,-0.39117362228633723
1984-01-25,1.2513367549033096,-0.393276287149012
1984-01-26,1.2163222372319038,-0.35132256589836847
1984-01-27,1.2479474877831664,-0.5630271831474264
1984-01-28,1.2151569279701917,-0.49331073820995874
1984-01-29,1.1876210145380226,-0.405167913356793
1984-01-30,1.2315020899281839,-0.4631585840229123
1984-01-31,1.2010375941655174,-0.46011382433929193
1984-02-01,1.1819646901156575,-0.6831164214363585
1984-02-02,1.1480399584477172,-0.7899630967255754
1984-02-03,0.9888752078919152,-0.8191846269482154
1984-02-04,0.8807453120224559,-0.5475486023508562
1984-02-05,0.9393540944512364,-0.39038219865309
1984-02-06,1.1198958341864522,-0.2582365097457062
1984-02-07,1.1332717193138495,-0.3192600074556972
1984-02-08,0.9272909408969472,-0.30310433768790074
1984-02-09,0.7956667801757892,-0.2527501514992625
1984-02-10,0.6597577090861046,-0.4262273150697851
1984-02-11,0.8367625009547343,-0.449591458129159
1984-02-12,0.8550437105057933,-0.4672411820461626
1984-02-13,0.5646809985070216,-0.2574977082462777
1984-02-14,0.46826929624540675,0.3062847289636056
1984-02-15,0.6588593625135675,0.6425000000307527
1984-02-16,0.667697474510238,0.7988203668956947
1984-02-17,0.614516377818423,1.208810024179916
1984-02-18,0.34237436768786567,1.2460757524551829
1984-02-19,0.12941818924069978,1.1618174403278825
1984-02-20,0.12306901942393342,1.168061510847503
1984-02-21,0.1678508589286065,0.9221464448776383
1984-02-22,-0.025412261500090884,0.8495739931287066
1984-02-23,-0.13895356129851139,0.5634176353869436
1984-02-24,-0.4057481353497825,0.4520566080466537
1984-02-25,-0.5244620770903604,0.49478293044279464
1984-02-26,-0.5141054302850675,0.4145976287003847
1984-02-27,-0.6655004197545665,0.21749497905457973
1984-02-28,-0.7059540584193791,0.18188700856320875
1984-02-29,-0.6623461907358021,0.14232636667360057
1984-03-01,-0.9739092327246257,0.16682019534357
1984-03-02,-1.007096785957772,0.23668854647362464
1984-03-03,-1.099225423002555,0.2612397368512389
1984-03-04,-1.1679571741951085,0.38285120981452864
1984-03-05,-1.1547783352403196,0.2266667255199551
1984-03-06,-1.0585918205710243,0.5507053652457661
1984-03-07,-1.0040317502258873,0.8969085811162094
1984-03-08,-0.8618407563541425,0.7306211767290524
1984-03-09,-0.765016536288141,0.6547790138618036
1984-03-10,-0.5620248188014664,0.4968478929235092
1984-03-11,-0.4353600215585584,0.5044356009626977
1984-03-12,-0.4152274352888256,0.4123850530590223
1984-03-13,-0.4696161211785993,0.2923388245377533
1984-03-14,-0.5277196729239937,0.2742569214882431
1984-03-15,-0.5496959916910175,0.38729679409457746
1984-03-16,-0.7320275991515162,0.4812740514878232
1984-03-17,-0.827209948615226,0.4840387402666622
1984-03-18,-0.7655219611785579,0.503012554205633
1984-03-19,-0.9490267308086646,0.6872920302187288
1984-03-20,-1.2372063845056958,0.6310972666700239
1984-03-21,-1.4409389684088363,0.5593792679029729
1984-03-22,-1.3761465641643755,0.13390186994661013
1984-03-23,-1.4310255318968896,-0.2969657850543287
1984-03-24,-1.2988557347878134,-0.51141529088102
1984-03-25,-1.05750449283669,-0.6569150948887652
1984-03-26,-0.9853822458668622,-0.45011617444613644
1984-03-27,-0.8053480830200742,-0.39081625435336853
1984-03-28,-0.7671562268644351,-0.5137387271012629
1984-03-29,-0.7652702840398793,-0.6633925493424314
1984-03-30,-0.6937413721874297,-0.7280737766002591
1984-03-31,-0.5093772192542707,-0.7456319425114519
1984-04-01,-0.3538907911257914,-0.9288345493548248
1984-04-02,-0.2810457360348118,-1.0292744951037998
1984-04-03,-0.15473870574823304,-1.0981538237211126
1984-04-04,-0.10898357250920408,-1.12754707887454
1984-04-05,-0.02319964821668008,-1.029667978637508
1984-04-06,0.06121074529722427,-1.0571400631504233
1984-04-07,0.17535514487191012,-1.048706334350546
1984-04-08,0.2037315696403566,-1.106902189924956
1984-04-09,0.20874190264413978,-1.1340099387404534
1984-04-10,0.36108193725562127,-0.9945566258017848
1984-04-11,0.6818423807322627,-0.7900773249402413
1984-04-12,0.8905256555223391,-0.6576775006217709
1984-04-13,1.2010160264291359,-0.508197648670313
1984-04-14,1.331452787286827,-0.29017125795558074
1984-04-15,1.3525797920732405,0.16059136117099335
1984-04-16,1.312443797809417,0.5508066855682597
1984-04-17,0.95159742145282,0.5767687476325599
1984-04-18,0.8351538242797182,0.6353504853545591
1984-04-19,0.5743999747291713,0.5584607138998678
1984-04-20,0.11057521103474441,0.6319489582261809
1984-04-21,-0.18670942720239972,0.5216039575578341
1984-04-22,-0.402922311659497,0.29390827204598396
1984-04-23,-0.4828328825940087,-0.1534177463156941
1984-04-24,-0.5199871857603333,-0.5425943282880754
1984-04-25,-0.4566435622121935,-0.6523284097766123
1984-04-26,-0.33187249973900357,-0.5755680473338884
1984-04-27,-0.14301420368809728,-0.5474977709586346
1984-04-28,-0.030652554204321416,-0.39851287469804203
1984-04-29,-0.017685088693367264,-0.1684687611598717
1984-04-30,-0.10015034029891388,-0.13362885405864303
1984-05-01,0.05809957257962548,-0.08304144792873198
1984-05-02,0.09723453370631392,-0.20181116037983085
1984-05-03,-0.030639650235119848,-0.1009430014997351
1984-05-04,-0.11938740960581762,-0.012899601841739175
1984-05-05,0.020883928695426053,0.004615627423126916
1984-05-06,0.012693526707088334,-0.035507932793640756
1984-05-07,-0.12033902619084284,0.05887481810320794
1984-05-08,-0.26703248518118683,0.15310992687424635
1984-05-09,-0.35444563925586503,0.31424192516352895
1984-05-10,-0.29347168878090185,0.20527228372874698
1984-05-11,-0.3430946217943389,0.16769030236404472
1984-05-12,-0.23573572978685378,0.1659821595201431
1984-05-13,-0.042513312474421014,0.3107168662748677
1984-05-14,0.2325412164225309,0.43931251098967217
1984-05-15,0.4394052568762571,0.296194130752871
1984-05-16,0.4781136662716349,0.15386277143453017
1984-05-17,0.30641784427743735,0.1358964012827357
1984-05-18,0.2829210358071561,0.1472998313960743
1984-05-19,0.2119129937680536,0.22502645922429743
1984-05-20,0.17858332914336217,0.2611593489369617
1984-05-21,0.30440924523830354,0.18643366427037258
1984-05-22,0.4395316871815437,-0.021231294334445396
1984-05-23,0.5842719393851903,0.012710228890103443
1984-05-24,0.46818498812573095,0.12206477244967522
1984-05-25,0.44085057813005435,0.12875750395019303
1984-05-26,0.6798649747482199,0.017842759389201473
1984-05-27,0.8548510840802918,0.09124114413920123
1984-05-28,0.8729997146235455,-0.055864786025531014
1984-05-29,0.6743056946968695,-0.12825114649948444
1984-05-30,0.5350388858918064,-0.3108527473079331
1984-05-31,0.3651956150848757,-0.4983393088162009
1984-06-01,0.44419933956341534,-0.44006873392345314
1984-06-02,0.5590150097190425,-0.4823665201229469
1984-06-03,0.6885340864008125,-0.42389275436812923
1984-06-04,0.7771909662103931,-0.5015252596904504
1984-06-05,0.6289324367783079,-0.410678422462789
1984-06-06,0.5895277103245301,-0.4450951701907773
1984-06-07,0.6277790204362741,-0.6591690587308485
1984-06-08,0.5216618394770394,-0.7222565361779537
1984-06-09,0.5830886541546476,-0.8411084667885396
1984-06-10,0.572877925369498,-0.8438983817554511
1984-06-11,0.385645275975768,-0.5233522791103608
1984-06-12,0.33106575397904164,-0.17899449129926714
1984-06-13,0.3724043904772295,0.015251761929336109
1984-06-14,0.3079573067264413,-0.04936196445411665
1984-06-15,0.2843819218789223,0.012461296664127259
1984-06-16,0.5008555949260131,0.19540716711278544
1984-06-17,0.4431300996066488,0.47761218439330466
1984-06-18,0.42451414124242953,0.6489097878525908
1984-06-19,0.41744144432166347,0.6030987818287866
1984-06-20,0.4000262189899293,0.5328473912116842
1984-06-21,0.35737569153121457,0.4973159329283653
1984-06-22,0.33874708556977734,0.7244712177640344
1984-06-23,0.20439823285740072,0.9294887221150949
1984-06-24,-0.014999038891286157,0.9091630937865695
1984-06-25,-0.063638225625437,1.0590737394346952
1984-06-26,-0.05585923045134557,0.8949408699866914
1984-06-27,-0.3784769135596912,0.6201279116415743
1984-06-28,-0.6948757827336414,0.6604466824386643
1984-06-29,-0.8235501998089917,0.5706888173568944
1984-06-30,-0.8040294637979056,0.44971496870207234
1984-07-01,-1.031802090151997,0.24502772638707532
1984-07-02,-1.011018868517894,0.16631539205829254
1984-07-03,-0.9821942810703166,-0.1387277252120463
1984-07-04,-1.2453949374020397,-0.29592923714110975
1984-07-05,-1.211393224671899,-0.38897485066800175
1984-07-06,-1.4894185506746855,-0.7932596830655203
1984-07-07,-1.4854241538570117,-1.0309749107673976
1984-07-08,-1.164296555753296,-1.3099362781897155
1984-07-09,-0.954389994909003,-1.4750053059185813
1984-07-10,-0.9601484392221651,-1.4106793523753138
1984-07-11,-0.870485492793753,-1.1955304335533847
1984-07-12,-0.7856850669385295,-1.1822149174093317
1984-07-13,-0.6104500340600947,-1.1275155590176626
1984-07-14,-0.4599289614652078,-1.1692913625779702
1984-07-15,-0.38020335729887655,-1.1585043156874233
1984-07-16,-0.13485495141347464,-0.8654725991268085
1984-07-17,0.0028649418656366034,-0.7833838979718016
1984-07-18,0.33142225083858756,-0.8811101335085099
1984-07-19,0.6277414565511814,-0.8239152099414762
1984-07-20,0.7817012374822676,-0.36861782371365787
1984-07-21,0.8829307320553054,0.062105217812076605
1984-07-22,0.9242808743684443,0.36302711319901726
1984-07-23,0.7785680307609715,0.7804610882277881
1984-07-24,0.4578105404530802,0.6366453771035329
1984-07-25,0.007476816001799721,0.600713283613978
1984-07-26,-0.38500054695839675,0.3557463210777261
1984-07-27,-0.7183247986908465,0.22105081939306673
1984-07-28,-0.8985856837530469,0.036063720176726516
1984-07-29,-1.0971262136090583,-0.2322300397831163
1984-07-30,-1.024272209550855,-0.4013278280392144
1984-07-31,-0.5376400146694652,-0.4158479124829217
1984-08-01,0.25401492308992607,-0.308643160092787
1984-08-02,0.4637478513719567,0.15118251870175117
1984-08-03,0.5764377483646587,0.4801847418847971
1984-08-04,0.6089700063263459,0.8194548607347792
1984-08-05,0.5687860236273403,0.9000423033133141
1984-08-06,0.6202937874719833,1.051003299709315
1984-08-07,0.44441709388546635,1.0166479815241254
1984-08-08,0.23386452271973546,0.8937771525254966
1984-08-09,0.181438083401995,0.8790205261986278
1984-08-10,0.07480917276838563,1.1510085442213096
1984-08-11,0.01916039225367992,1.3926375941221558
1984-08-12,-0.3590988689515479,1.6335104953136639
1984-08-13,-0.6224344786444738,1.6091081163377425
1984-08-14,-0.6638626133196,1.5878846078249873
1984-08-15,-0.2594948482139091,1.55004150030709
1984-08-16,0.011524770217547602,1.4010574683942232
1984-08-17,0.21092837201355205,1.0815180476360842
1984-08-18,0.3986715002165302,0.9222021213991884
1984-08-19,0.3261143707081665,0.7679569960401107
1984-08-20,0.23025432930084125,0.6314731648793972
1984-08-21,0.23430173253417116,0.6500828340577955
1984-08-22,0.14993742352769207,0.9847054637924946
1984-08-23,0.10099024378057042,0.9718425935570788
1984-08-24,0.262700047022145,1.0023573604434868
1984-08-25,0.37797096120051726,0.8794696659084918
1984-08-26,0.18517262007348473,0.5600969384438185
1984-08-27,-0.3674233265997067,0.2272321716713136
1984-08-28,-0.5079035890024124,-0.06665073067543512
1984-08-29,-0.4278927464621433,-0.19678657993189883
1984-08-30,-0.3423550750610714,-0.5415072922846961
1984-08-31,-0.27489540236367416,-0.7644561223869071
1984-09-01,-0.03952956476629599,-0.9841739948026176
1984-09-02,0.08252140904611725,-1.1211982068971533
1984-09-03,0.3048813848601868,-1.188513020309646
1984-09-04,0.5006181919946611,-1.28530642023417
1984-09-05,0.47453017917201573,-1.3202171402249963
1984-09-06,0.16392584768617594,-1.3326956199111581
1984-09-07,-0.13912207543367902,-1.467435039413238
1984-09-08,-0.3683676055397377,-1.4197400205796096
1984-09-09,-0.5801826940512039,-1.0732467684739866
1984-09-10,-0.4926831032566967,-0.7094303396814973
1984-09-11,-0.3165009387509177,-0.535198843800908
1984-09-12,-0.29969120009662875,-0.45584185942596434
1984-09-13,-0.5628848708731752,-0.29139161455154633
1984-09-14,-0.8063967792954935,0.07819615012393107
1984-09-15,-1.1278588711320503,0.35746588096572485
1984-09-16,-1.2252601602233046,0.16853157496479468
1984-09-17,-1.1419611708681625,-0.04795783814228212
1984-09-18,-1.061932909659417,-0.2802933886930754
1984-09-19,-1.0428901428063773,-0.33340696902674133
1984-09-20,-0.7435161858230028,-0.22208583335439414
1984-09-21,-0.6662185416355497,-0.4057202624747162
1984-09-22,-0.5715265919620783,-0.3737163842600923
1984-09-23,-0.23705329959560079,-0.42992000250022966
1984-09-24,0.09346983808869375,-0.27985819855183464
1984-09-25,0.28598628177416757,-0.21057224959849177
1984-09-26,0.5181288603511021,-0.15420241364364212
1984-09-27,0.6915289526415361,-0.029210399307991065
1984-09-28,0.8051471045253474,0.24961591064437938
1984-09-29,0.7652980620943134,0.3397478269968128
1984-09-30,0.8033018138463431,0.45849291401325437
1984-10-01,0.6044558398083056,0.5186372229278927
1984-10-02,0.5073690188764491,0.7895403510853801
1984-10-03,0.5983024329374682,0.7670374331533002
1984-10-04,0.8033250039716174,0.7513900483152327
1984-10-05,0.9858600341373132,0.6199779016705191
1984-10-06,1.0825963964373686,0.3769901175253875
1984-10-07,1.2132446865594517,0.2373610035703167
1984-10-08,1.3339627874828148,0.3691071446948989
1984-10-09,1.4991054806675501,0.6523268242143334
1984-10-10,1.6887919295030625,0.98727273207417
1984-10-11,1.4975203209307038,1.1094130342193589
1984-10-12,1.2702257258404213,1.0986677351233878
1984-10-13,0.8517385530835043,1.263737373588821
1984-10-14,0.7133884874836417,1.293928173063548
1984-10-15,0.6434770074775019,1.2430641388975583
1984-10-16,0.5701606409335878,1.1357287957265672
1984-10-17,0.5534359056803251,1.1692753207965147
1984-10-18,0.3959043037854918,1.1260989502445253
1984-10-19,0.005203809568852623,1.136706232423517
1984-10-20,-0.20908719673138187,0.9487525814637559
1984-10-21,-0.5325679991718535,1.1003344496487044
1984-10-22,-0.7907845081620789,1.184264269861273
1984-10-23,-0.9176601407853413,1.4056925647432326
1984-10-24,-1.042550735053706,1.5881828707032273
1984-10-25,-1.0378420493994074,1.7552329433517082
1984-10-26,-1.0460539880420432,1.835202760938938
1984-10-27,-1.2829028067612633,1.4260360335619688
1984-10-28,-1.5416074199759555,1.312498458548114
1984-10-29,-1.50375029337508,1.0377585898837878
1984-10-30,-1.555227144180234,0.7024818004054296
1984-10-31,-1.6748988440941563,0.32138417658193524
1984-11-01,-1.806960689079125,-0.1613493140803602
1984-11-02,-1.6568213345508245,-0.47910726423518807
1984-11-03,-1.3026839835084358,-0.7655679128418912
1984-11-04,-1.1230502419225399,-0.720503450851583
1984-11-05,-0.9740407139498723,-0.8151904413517574
1984-11-06,-0.8035431176370584,-1.1029985494244536
1984-11-07,-0.8809072235348837,-1.3148008053765734
1984-11-08,-0.8709153377654163,-1.3749896098352432
1984-11-09,-0.8948663780537198,-1.4429824524827488
1984-11-10,-0.9590127597863938,-1.7090530818640581
1984-11-11,-0.7647828326642093,-2.074693436947155
1984-11-12,-0.242468478368467,-2.362462788664305
1984-11-13,0.3037686131350502,-2.459004312929238
1984-11-14,0.544479349538139,-2.392874610216981
1984-11-15,0.6523699929404628,-1.8005140921765155
1984-11-16,0.7713742286408714,-1.3580643222297268
1984-11-17,0.847954351237829,-1.1753982652448143
1984-11-18,0.8580950767909692,-1.0503319413617644
1984-11-19,0.8053524324404877,-1.0755589588191479
1984-11-20,0.7393336521179347,-0.9085183736695783
1984-11-21,0.6846443584205512,-0.7069619796718803
1984-11-22,0.7575013666564967,-0.3800021239380845
1984-11-23,0.7141188000977928,-0.26062007537865595
1984-11-24,0.4446153398883609,-0.25169609165518836
1984-11-25,0.0668115982430801,-0.41062653384931386
1984-11-26,0.14323326106358453,-0.8424092653785518
1984-11-27,0.3546451234826891,-1.1020023625953284
1984-11-28,0.7390967882739524,-1.1853240604411177
1984-11-29,1.1785953452013804,-0.9831878398678211
1984-11-30,1.434921825820699,-0.7090251141242843
1984-12-01,1.6175030917077229,-0.6574291685675767
1984-12-02,1.5445730647976335,-0.6037557572610001
1984-12-03,1.5878710224526418,-0.34712479538464686
1984-12-04,1.442353191826105,-0.16332230905045297
1984-12-05,1.2779391421347335,0.046134435252220767
1984-12-06,1.2306187340010368,0.15783928205979889
1984-12-07,1.27677866238065,0.25732890695857596
1984-12-08,1.4750742441421527,0.4587221487909255
1984-12-09,1.4921641213445511,0.31834925062085756
1984-12-10,1.1636076942018267,0.21220880874441467
1984-12-11,1.028928087467585,0.2386214080392209
1984-12-12,1.0792361602794591,0.43700709458975817
1984-12-13,1.1434507031112109,0.566279545381038
1984-12-14,1.0352880734493872,0.4785884752100105
1984-12-15,0.6949780598475673,0.5793453813039227
1984-12-16,0.3337825291301092,0.679323679267551
1984-12-17,0.11698919929606993,0.8501145209152067
1984-12-18,0.1240537189715925,0.9943487083061953
1984-12-19,-0.08988846337089308,1.0081323392388835
1984-12-20,-0.25975001153631094,0.9384750518774215
1984-12-21,-0.30999715050052373,0.9844511396869317
1984-12-22,-0.24400420735813397,0.8276252384688274
1984-12-23,-0.13000981485415353,0.9106139740605952
1984-12-24,0.033961330832463596,1.1018471344921275
1984-12-25,0.034046631300522025,1.1451895719257459
1984-12-26,0.13149832065712797,1.311934338776287
1984-12-27,-0.05441855173258794,1.433466991684997
1984-12-28,-0.174728332058017,1.5511606439663486
1984-12-29,-0.3779164161424502,1.5992262847754735
1984-12-30,-0.6858061245361508,1.6095249140963148
1984-12-31,-0.9657020233618531,1.3673523925482018
1985-01-01,-1.1280208944448615,1.1826132849827249
1985-01-02,-1.333179921918659,1.090918813883864
1985-01-03,-1.3484887838574284,0.995074112242239
1985-01-04,-1.4181777689530275,1.234216690409224
1985-01-05,-1.5143512260942205,1.4613870150686672
1985-01-06,-1.6096194528183074,1.4311567988507163
1985-01-07,-1.7450062782218143,1.1786504223485474
1985-01-08,-1.8160196650828524,0.961309261272926
1985-01-09,-2.1207184859132195,0.8155003933261495
1985-01-10,-2.318103509953627,0.9443241797070406
1985-01-11,-2.5069435232539212,0.9833637241121993
1985-01-12,-2.8494381148498187,0.9050001549904704
1985-01-13,-2.7799669444512616,0.32425869011339775
1985-01-14,-2.0968923942644118,-0.442202922074879
1985-01-15,-1.5898398138249572,-0.6230627375085829
1985-01-16,-1.1996885884385258,-0.5189415954283844
1985-01-17,-1.0738380341866636,-0.3255540495915787
1985-01-18,-1.3088635797613595,-0.12261489248936837
1985-01-19,-1.7044743765993735,-0.010543103708611936
1985-01-20,-2.292327595527011,-0.32395279042772646
1985-01-21,-2.4828534485546716,-0.9670146617916959
1985-01-22,-2.5851500472982982,-1.3231306052231087
1985-01-23,-2.259990289134359,-1.422628089909021
1985-01-24,-1.917012807755045,-1.5460207861801887
1985-01-25,-1.578695043063059,-1.9631120407812408
1985-01-26,-1.2801988362324985,-2.3357385761069467
1985-01-27,-0.9216299599081419,-2.662515289851349
1985-01-28,-0.6038738366102102,-2.847072995931173
1985-01-29,-0.41128737285217426,-2.791520242161119
1985-01-30,-0.1656562647212823,-2.6419422007186033
1985-01-31,0.2422544425414717,-2.9475210909755396
1985-02-01,0.43851328564697095,-3.0264386092318727
1985-02-02,0.7656059311482118,-3.037211647683631
1985-02-03,1.2148956825069732,-3.1047682246736046
1985-02-04,1.6289244279688362,-3.1324330922822163
1985-02-05,1.9333536601165682,-3.160971856005556
1985-02-06,1.8971046675309584,-3.0535933231049266
1985-02-07,1.939120527310723,-2.7815301734274667
1985-02-08,2.4630930779462212,-2.3977082559137184
1985-02-09,2.9861783947114326,-1.944230392568896
1985-02-10,2.9681645529624476,-1.6607021129541601
1985-02-11,3.119381113134962,-1.5243257486631736
1985-02-12,3.3140545136282564,-1.3923065370183678
1985-02-13,3.4717316804871667,-1.0025806009919223
1985-02-14,3.6105993659292412,-0.4081263973064304
1985-02-15,3.4049273058646716,0.3453939055332872
1985-02-16,3.2123566530147727,0.796507690336428
1985-02-17,2.8371950305868254,1.113675077443964
1985-02-18,2.819579514332029,1.5152452132850225
1985-02-19,2.721284045319636,1.919271760139905
1985-02-20,2.506511175589116,2.131440976825053
1985-02-21,1.9747859330417838,2.1297246881054974
1985-02-22,1.3583835056271976,1.7373113441302557
1985-02-23,0.8921342361677255,1.3683997631223739
1985-02-24,0.2708259942710683,1.1108843448746963
1985-02-25,0.10791400230954146,0.8084450121012818
1985-02-26,0.0856147258741231,0.5063651398917097
1985-02-27,0.2002051957683033,0.3776802508470808
1985-02-28,0.45753642240214404,0.5649939260271659
1985-03-01,0.7518890336243682,0.7106649055674403
1985-03-02,1.1516925869730057,1.1236339266048831
1985-03-03,1.2029870436574244,1.6334657186535182
1985-03-04,0.8598242121121159,2.2301678346304685
1985-03-05,0.487636208910646,2.745876195661791
1985-03-06,0.08452933142797729,3.1609552444383398
1985-03-07,-0.2835522275792693,3.287470566220027
1985-03-08,-1.0725524258963415,3.049959614028194
1985-03-09,-1.6307036843719402,2.57485109163166
1985-03-10,-1.9307678904202221,2.0438841870374373
1985-03-11,-1.9233942648984343,1.69602785686577
1985-03-12,-1.7877917834678463,1.256974532043255
1985-03-13,-1.65254123585501,0.6859336977280422
1985-03-14,-1.4843185432391974,0.26530852021480344
1985-03-15,-1.4884932364097454,-0.34952904000847956
1985-03-16,-1.4365002071114923,-0.5883863561627648
1985-03-17,-1.2596384897937618,-0.6569769395341613
1985-03-18,-1.0375622988280198,-0.7570537343505663
1985-03-19,-0.892454285713662,-0.603539836545022
1985-03-20,-0.5670847849222646,-0.5021192055949486
1985-03-21,-0.35746010635897524,-0.31124056506420833
1985-03-22,-0.44207818677056865,-0.08844024228824644
1985-03-23,-0.5541929117013641,0.23464636162817312
1985-03-24,-0.5177454601109388,0.4465407434076283
1985-03-25,-0.6047595670365447,0.5000345364782711
1985-03-26,-0.8713731927780244,0.1410734052930082
1985-03-27,-1.2175529326154653,-0.03306543952528935
1985-03-28,-1.4118755832302587,-0.16924823512558396
1985-03-29,-1.2292237282431997,-0.40310305569677607
1985-03-30,-1.0030294504513413,-0.708778382661458
1985-03-31,-0.8480724706820096,-1.0480081852797052
1985-04-01,-0.6275433632703812,-1.0750992678315707
1985-04-02,-0.30035032860332667,-1.0686244431741416
1985-04-03,-0.10383192533970625,-0.9311565909857604
1985-04-04,0.2562736942800851,-0.6780853545160922
1985-04-05,0.3938915981124137,-0.8769637482743077
1985-04-06,0.524713937136732,-1.014613146803628
1985-04-07,0.6112580521639909,-0.8262968744660137
1985-04-08,0.6597103507508916,-0.5896099077171151
1985-04-09,0.689066640481347,-0.593986924514567
1985-04-10,0.8103947943824029,-0.4439222638614511
1985-04-11,1.041481885355226,-0.4078138514716208
1985-04-12,1.2451491020295886,-0.500018172474407
1985-04-13,1.525114776318737,-0.37281467536228907
1985-04-14,1.3327785228273992,-0.1251645782193063
1985-04-15,1.208069530531325,0.2399938753208183
1985-04-16,1.1724601420606218,0.5619576545802497
1985-04-17,1.0799770993111961,0.9263717344212282
1985-04-18,0.9424654105721328,0.9447434930027181
1985-04-19,0.5481241783276268,0.9726116399150787
1985-04-20,-0.05052016013041826,1.1697539630621048
1985-04-21,-0.4178055375216792,1.361630115768197
1985-04-22,-0.7926758363728429,1.1370871378297738
1985-04-23,-1.1192756341780876,1.0112603707931573
1985-04-24,-1.4367785427919673,0.6722440635747322
1985-04-25,-1.333403092517436,0.47488283814059573
1985-04-26,-1.015716454385362,0.40112470040795967
1985-04-27,-0.9061348791250373,0.1456594066085964
1985-04-28,-0.91083549207196,0.038939186369668644
1985-04-29,-0.8477244580202979,0.06830881821103572
1985-04-30,-0.9545224171745693,0.22602809069294102
1985-05-01,-1.0116625632165708,0.049313797000693875
1985-05-02,-1.019788209380718,0.058346021581704204
1985-05-03,-1.0786057227616632,0.08728848582693242
1985-05-04,-1.0980049680148323,-0.12835353348923667
1985-05-05,-1.2396106951784625,-0.23733378267215932
1985-05-06,-1.3361517161006213,-0.480490004095672
1985-05-07,-1.2697954186998073,-0.7654943954426882
1985-05-08,-1.118775488163257,-0.9342386981823145
1985-05-09,-0.974005990390444,-0.8497743919340885
1985-05-10,-0.9067308385088689,-0.9995836615787864
1985-05-11,-0.6407580379906833,-1.2074505366274786
1985-05-12,-0.40994812345584847,-1.2284583297878984
1985-05-13,-0.0441132659722181,-1.1809429800422329
1985-05-14,-0.13409133005735402,-1.1973257118785596
1985-05-15,-0.31967347784979516,-1.1640046773816697
1985-05-16,-0.1961839657326315,-1.4208205549058979
1985-05-17,-0.03673877314433849,-1.6313238717888194
1985-05-18,0.06446777532324457,-1.6775584967265544
1985-05-19,0.1197024795597595,-1.6357328477520618
1985-05-20,0.40132516939688173,-1.5351405645628147
1985-05-21,0.5961476088193916,-1.3062892624805
1985-05-22,0.8347137705249864,-1.0416675105861568
1985-05-23,0.9748405212651093,-0.8160654784786681
1985-05-24,0.9327201719752701,-0.5822196285798947
1985-05-25,1.1150361983556902,-0.2862709810751835
1985-05-26,1.2476924193460361,0.15016142774559485
1985-05-27,1.3119963701488693,0.5340501347397322
1985-05-28,1.1329983549261504,0.8317483502834764
1985-05-29,0.9739968831384493,1.0379632824461864
1985-05-30,0.8854861959943093,1.0746232417492874
1985-05-31,0.5514818689036293,1.0233645904433917
1985-06-01,0.34219883102968535,1.0589871160322122
1985-06-02,0.04699019082924327,0.8868801878308922
1985-06-03,-0.11145807890772923,0.9767905680531234
1985-06-04,-0.22918869343322076,0.7237932347034632
1985-06-05,-0.528090645953426,0.23357336257341335
1985-06-06,-0.23211358626554654,0.0080346506918377
1985-06-07,0.13837102791228229,-0.0680939968460175
1985-06-08,0.2606396493210885,-0.03953471272966533
1985-06-09,0.4583528844557363,-0.31698569132192966
1985-06-10,0.9976360991053947,-0.44340187474120096
1985-06-11,1.2808898450059572,-0.40018329790833873
1985-06-12,1.4388214216419204,-0.2321505897218351
1985-06-13,1.6248162741754668,-0.09462643375003105
1985-06-14,1.7698867028428176,0.13562846614248286
1985-06-15,1.9464013222749559,0.46837244431455016
1985-06-16,1.9579100820022128,0.8653329008755147
1985-06-17,2.1425107903995197,0.9815525517709324
1985-06-18,2.026398841554412,1.110279794252867
1985-06-19,1.8297111174507679,1.401392291887847
1985-06-20,1.3057859166154815,1.6969895676511344
1985-06-21,0.8793965935084275,2.3046506815630434
1985-06-22,0.640292166574368,2.617171299588273
1985-06-23,0.44169989458411574,2.7063653199115887
1985-06-24,0.09656095707479456,2.5325339297425518
1985-06-25,-0.2368635576644137,2.747910944204614
1985-06-26,-0.7308351992529397,2.507361840307954
1985-06-27,-0.9492132398671608,1.7293538320983635
1985-06-28,-1.0437240133399102,1.2519815980166222
1985-06-29,-0.9940630719091225,0.8539196566384762
1985-06-30,-0.7505162315024055,0.6502754061312666
1985-07-01,-0.33888890349825884,0.46260332159380707
1985-07-02,-0.048716343957785874,0.13451759175358435
1985-07-03,-0.048295854667489015,-0.09874326601521796
1985-07-04,-0.0889574974099005,-0.3532496132715198
1985-07-05,-0.17436766563257525,-0.3959058393897317
1985-07-06,-0.4770519535776258,-0.5494608653807247
1985-07-07,-0.5817183928484064,-0.5531576263969784
1985-07-08,-0.46991845702562407,-0.5144699849072446
1985-07-09,-0.10395279733724666,-0.5935103861190759
1985-07-10,-0.10442110118576897,-0.4441269801280961
1985-07-11,-0.1549063104569305,-0.44796802249774526
1985-07-12,-0.2946920933300322,-0.4383568465817937
1985-07-13,-0.4701619323611855,-0.3719152534641996
1985-07-14,-0.8292031977473862,-0.47788523774014346
1985-07-15,-1.0001119276167998,-0.6762896746191308
1985-07-16,-1.0109156450592491,-0.9270565282567768
1985-07-17,-1.06196401121638,-1.0711676249517241
1985-07-18,-1.2941085063896767,-1.3483569457968942
1985-07-19,-1.4297326252652678,-1.2674043667253867
1985-07-20,-1.2948784101488786,-1.2354793236008337
1985-07-21,-1.2354088310500082,-1.128187240459751
1985-07-22,-1.1716777884993448,-0.9572700560259014
1985-07-23,-0.9434204463349097,-0.4394414812520991
1985-07-24,-0.6948181653708466,-0.11403785769071022
1985-07-25,-0.5398961243912053,-0.02874768403669063
1985-07-26,-0.31660146982006004,-0.16254846286325822
1985-07-27,-0.2317880226165537,-0.3267991086979643
1985-07-28,-0.27462241234735774,-0.3722240285357396
1985-07-29,-0.23336213355781593,-0.23226602220107453
1985-07-30,-0.21947086223190962,-0.28128424848268324
1985-07-31,-0.25697277453607104,-0.15242235861822717
1985-08-01,-0.20637784260504852,0.01591474030778943
1985-08-02,-0.27159318149429595,-0.05250684864048578
1985-08-03,-0.27408116571472674,-0.3346850259098355
1985-08-04,-0.39574414335911784,-0.42355204323570783
1985-08-05,-0.3963659825805886,-0.2817924373014739
1985-08-06,-0.25713023079279157,-0.25228121856375696
1985-08-07,-0.27986828728692886,-0.31483635934218485
1985-08-08,-0.2696958216225897,-0.5772962620134735
1985-08-09,-0.16105786737546213,-0.718661538775232
1985-08-10,0.23117293629783553,-0.49481429157678203
1985-08-11,0.2710819624316967,-0.4954420068717389
1985-08-12,-0.01506561183524406,-0.2764301760608705
1985-08-13,-0.06348722826112482,-0.1658834897527412
1985-08-14,0.009450873830924928,0.04075818771845648
1985-08-15,-0.1285973734898029,0.27546485853371877
1985-08-16,-0.09316663065702616,0.27201192449488687
1985-08-17,-0.1861752244545325,0.20711174344695785
1985-08-18,-0.2654078770450682,-0.0015798840143820781
1985-08-19,-0.28797068267862236,0.0946547174361022
1985-08-20,-0.3839918122025567,0.3894768829522693
1985-08-21,-0.4396870020503344,0.5463518948617693
1985-08-22,-0.4846547007937712,0.46437434374441955
1985-08-23,-0.2830135507299959,0.2075301793939317
1985-08-24,0.028871236396630064,-0.18277380582371783
1985-08-25,0.37103798133889987,-0.4207775547652475
1985-08-26,0.8587238846910711,-0.4045334482243951
1985-08-27,0.9407272129130931,-0.36214570333715657
1985-08-28,0.8633820069858825,-0.4988372240530885
1985-08-29,0.696041278575778,-0.5823637131792975
1985-08-30,0.7695467213184508,-0.35639142210567387
1985-08-31,1.043473390267253,-0.334720656859095
1985-09-01,0.8080718448419977,-0.2309635937656708
1985-09-02,0.5100800298565057,-0.1894744407728622
1985-09-03,0.32225850433622866,-0.2432213683986234
1985-09-04,0.5860226155793853,-0.270230110215816
1985-09-05,0.5005877552994723,-0.20771996429529133
1985-09-06,0.06694779359567103,-0.2445345069400852
1985-09-07,0.09519778847606342,-0.24514054039594058
1985-09-08,0.35807708521309467,-0.37181000578853035
1985-09-09,0.6456132998547719,-0.36067611230592755
1985-09-10,0.7522239163543395,-0.40415833135264606
1985-09-11,0.8475787671948687,-0.3278988526180068
1985-09-12,0.8999541794129844,0.01812088450972381
1985-09-13,0.9015305161722266,0.013880545342397214
1985-09-14,0.7441183660009469,-0.18756792878530823
1985-09-15,0.5209167730902384,-0.050105742024386835
1985-09-16,0.33926637203003285,0.10914893177049277
1985-09-17,0.21465997512700152,-0.07890459134695278
1985-09-18,0.28739803878005504,-0.31367598068906005
1985-09-19,0.12170639495984319,-0.18653655950785955
1985-09-20,-0.029933202632402685,-0.2514570720671541
1985-09-21,-0.17300924111025193,-0.40782606012904316
1985-09-22,-0.25065536773208025,-0.5156456255205232
1985-09-23,-0.271354796491126,-0.3146989716408984
1985-09-24,-0.21100063817242087,-0.04415697542105227
1985-09-25,-0.16761600514885908,0.055002540407350385
1985-09-26,-0.34357243191474324,-0.09752947729391015
1985-09-27,-0.32140995551725743,-0.009614501179163756
1985-09-28,-0.0014573276198298027,-0.044497964181825125
1985-09-29,0.09978609164885334,-0.17927703414652935
1985-09-30,0.12292998531177275,-0.22069957180357633
1985-10-01,0.28721521846674525,-0.29596612470710504
1985-10-02,0.6654162747175818,-0.34436740348884876
1985-10-03,0.8842934530109505,-0.5832280505467461
1985-10-04,0.8053502171428869,-0.6898054228805068
1985-10-05,0.5585362317265967,-0.6668820316974557
1985-10-06,0.49692223332453717,-0.5427355364561386
1985-10-07,0.554368350180276,-0.5140228558535902
1985-10-08,0.7377921830730542,-0.37168831925911655
1985-10-09,1.0749771085964717,0.10230039789323223
1985-10-10,1.223067934445829,0.13634055149752486
1985-10-11,0.7902444471579831,0.206802523599794
1985-10-12,0.5770741485965877,0.5318143499425634
1985-10-13,0.5713909976129513,0.8073002950986018
1985-10-14,0.6285144454198284,1.1394580266708003
1985-10-15,0.6013004345358914,1.4033772295319222
1985-10-16,0.41682499899437664,1.4177050444129005
1985-10-17,0.47875961019586666,1.6704785490935545
1985-10-18,0.1790738946796862,1.7946201167307965
1985-10-19,-0.24684759413594215,1.745330457551446
1985-10-20,-0.6419108864722177,1.5218709810954902
1985-10-21,-0.9503061753087758,1.4044497548104533
1985-10-22,-1.3239002000529925,1.344985684601767
1985-10-23,-1.748112104770194,1.006901327432316
1985-10-24,-2.2125837102193544,0.7354316424035134
1985-10-25,-2.2406782886378123,0.5044797747252744
1985-10-26,-2.261573835166762,0.3156265370143443
1985-10-27,-2.179019605370409,0.022927879203546674
1985-10-28,-2.103551657028332,-0.25112950468599265
1985-10-29,-2.03623439351828,-0.6392485574631775
1985-10-30,-1.875190882015219,-1.05988873260539
1985-10-31,-1.531249752787571,-1.6982921927426071
1985-11-01,-1.0300674442414466,-2.14769202681428
1985-11-02,-0.4930673465508321,-2.4658441325379044
1985-11-03,-0.12218236408845687,-2.6244956016824985
1985-11-04,0.4032418005906742,-2.6017054830604223
1985-11-05,0.8113352595631619,-2.176687827303526
1985-11-06,0.8608185851860745,-1.722338989119811
1985-11-07,0.9948521850091697,-1.1764456122710056
1985-11-08,1.1976539980168461,-0.7666329428782989
1985-11-09,1.50119831709648,-0.41163012722600867
1985-11-10,1.552785178652641,0.36077946824311324
1985-11-11,1.5353853681097132,0.9590443801173756
1985-11-12,1.617230446363242,1.4362050628361769
1985-11-13,1.5310031882936173,1.73043768247981
1985-11-14,1.1287473494616842,2.0593177111582626
1985-11-15,0.7357140060139113,2.2865112518905937
1985-11-16,0.38651000813718145,2.4790158027898137
1985-11-17,-0.07975485401253779,2.448409002601892
1985-11-18,-0.6833175963475702,2.1908371290264306
1985-11-19,-0.9461900214367708,1.97527084928069
1985-11-20,-1.0314290267917938,1.815089067497133
1985-11-21,-1.0297328963837566,1.96305019753758
1985-11-22,-0.9120541592412125,1.7958217709186393
1985-11-23,-0.8864851334300684,1.232199356240802
1985-11-24,-0.8076746274407114,1.0590145478319448
1985-11-25,-0.6697965447002344,0.8808538575253628
1985-11-26,-0.6886467442522322,0.8042136758701967
1985-11-27,-0.6035819958510183,0.5413022902323709
1985-11-28,-0.7375948992809226,0.36359428237859187
1985-11-29,-0.7572730352413097,0.21567705252173175
1985-11-30,-0.7923827535053644,0.0755113649485239
1985-12-01,-0.7313709942067997,0.055372792983076694
1985-12-02,-0.6962429411836722,0.1076233287099676
1985-12-03,-0.4479135189357435,0.1393124555070816
1985-12-04,-0.29757182531364906,0.15442575874032582
1985-12-05,-0.3075649664467883,0.3399157202607795
1985-12-06,-0.36794677414876387,0.5969828553762494
1985-12-07,-0.6020950979503452,0.595972853043871
1985-12-08,-0.5941954167867499,0.5632074542869704
1985-12-09,-0.69075760673331,0.415381089007178
1985-12-10,-0.6794957598923188,0.6189004014335726
1985-12-11,-0.39483937999123336,0.9612132622882145
1985-12-12,-0.31796232845870953,1.042681736899287
1985-12-13,-0.2029640247919972,1.0085403288647496
1985-12-14,0.00950847228678895,0.731041127517806
1985-12-15,0.024715055401021917,0.6569490342748439
1985-12-16,0.06628303788906834,0.16068315223288027
1985-12-17,-0.041133562949225974,-0.32818960761730526
1985-12-18,-0.2395457631486603,-0.33493997631721184
1985-12-19,-0.6195181354688234,-0.09154643695469983
1985-12-20,-0.8663161623635339,-0.12806081071338682
1985-12-21,-0.9816775335198821,-0.39449203205435546
1985-12-22,-1.0352885770206324,-0.25751966943969706
1985-12-23,-1.1011314016720428,-0.31828113588792833
1985-12-24,-1.1381468875591638,-0.5078122049877484
1985-12-25,-1.0032619360525281,-0.4292149354007315
1985-12-26,-0.7407921810499711,-0.5771404711309979
1985-12-27,-0.5292513387911643,-0.9052252066057929
1985-12-28,-0.4102456093450203,-1.2955580742866877
1985-12-29,-0.3050434166947378,-1.4723831678671797
1985-12-30,-0.05289935521499475,-1.7866272224318664
1985-12-31,0.31064290688618407,-2.1665956083925906
1986-01-01,0.5454335824802372,-2.28793029108928
1986-01-02,0.5498152167685398,-2.5813088776160713
1986-01-03,1.0082455241678097,-2.9890963141389717
1986-01-04,1.6898587040748598,-3.0332403772400025
1986-01-05,1.7725804357995332,-3.2001602841506007
1986-01-06,1.9472831637138623,-3.1582009532519173
1986-01-07,2.130400859422582,-3.038076708472445
1986-01-08,2.297761745013039,-2.823633801179628
1986-01-09,2.634270571882504,-2.178386159521474
1986-01-10,2.7100767088248867,-1.3877895890544094
1986-01-11,2.8005869750387933,-0.8338550331162664
1986-01-12,2.7676602865038507,-0.37462145989915463
1986-01-13,2.707464161325884,0.13478174480835792
1986-01-14,2.5922478108275624,0.6643298874434581
1986-01-15,2.23279880149967,0.9700981947868785
1986-01-16,1.8952935448190944,1.2510365265323684
1986-01-17,1.7944480126308402,1.6154697253434342
1986-01-18,1.2527548816780805,1.720207100593896
1986-01-19,0.8343658494790788,1.8740985287242142
1986-01-20,0.7127385787132104,2.0406555389683425
1986-01-21,0.1803811286516796,2.230936636132655
1986-01-22,-0.17288411197470258,2.561004413716204
1986-01-23,-0.40154171303905295,2.7133854904160466
1986-01-24,-0.599727504450356,2.5815927429365986
1986-01-25,-0.9368831185811985,2.4314656161399113
1986-01-26,-1.172077924486862,2.097703221441209
1986-01-27,-1.3194912369446887,1.8853764544942435
1986-01-28,-1.5686777145215265,1.9370597174330133
1986-01-29,-1.6075886328900686,1.7925875721054494
1986-01-30,-1.4984645230523514,1.6795395143671459
1986-01-31,-1.292510059651569,1.5201200869323885
1986-02-01,-1.4601641539543324,0.9720753153855604
1986-02-02,-1.3150676030525597,0.5166839355365
1986-02-03,-1.4607265379585748,0.4914801215059057
1986-02-04,-1.6000260213735165,0.533059481648902
1986-02-05,-1.5896328117369176,0.2864980833859992
1986-02-06,-1.3259272042094872,-0.16102940710852748
1986-02-07,-1.2279539176024075,-0.7977249263336941
1986-02-08,-1.0135113047335638,-1.1547162261909825
1986-02-09,-0.737874899347948,-1.0507036067038864
1986-02-10,-0.443139138779948,-0.8883682802808339
1986-02-11,-0.27438564120219533,-0.8919220607703829
1986-02-12,-0.32495158709395844,-0.6865579173253276
1986-02-13,-0.11784322093288005,-0.3905480253031825
1986-02-14,0.07017818811394591,-0.07191754593952261
1986-02-15,0.28285690520596435,0.029329476532548065
1986-02-16,0.3976237020284222,-0.06716012692609394
1986-02-17,0.20692506288196086,-0.1752999404216147
1986-02-18,0.4115095003681792,-0.14934118746939823
1986-02-19,0.43887936408256606,0.13746346841218954
1986-02-20,0.0020000447250744908,0.22960841386746328
1986-02-21,-0.2878737424768344,0.27004136838330534
1986-02-22,-0.7150765100242714,0.43142591087040355
1986-02-23,-1.2460028278139403,0.407711605762186
1986-02-24,-1.6586756816767891,0.17197042818775354
1986-02-25,-1.602788266010201,0.08174580765772184
1986-02-26,-1.3636736904471936,-0.12479399115656856
1986-02-27,-1.150009751016169,-0.4086144195197269
1986-02-28,-0.922173085344316,-0.7076613948019592
1986-03-01,-0.9095248631164095,-0.8992257744695765
1986-03-02,-0.8761389951296946,-1.024108547248676
1986-03-03,-0.6858904970800938,-1.2931342914674808
1986-03-04,-0.6952017756152147,-1.601408273682991
1986-03-05,-0.7103432731238634,-1.7678238766715353
1986-03-06,-0.5177420881269623,-2.1347443389383036
1986-03-07,-0.4693720349209361,-2.3170675003537684
1986-03-08,-0.5213721549924949,-2.40123657058533
1986-03-09,-0.342644694577619,-2.6642671359095265
1986-03-10,-0.008867509259803345,-2.814164074603072
1986-03-11,0.38724148465450897,-3.049638633863553
1986-03-12,0.6949967954061435,-3.0335458757364386
1986-03-13,1.039801609117117,-3.1435213631010273
1986-03-14,1.3038993114459965,-3.08294450650932
1986-03-15,1.7475543943586385,-2.944920219612227
1986-03-16,2.1145368870703063,-2.501766242099833
1986-03-17,2.4822889439326654,-2.056047990244148
1986-03-18,2.5826167412940757,-1.8330638180300278
1986-03-19,2.3192848664572705,-1.8119187214907082
1986-03-20,2.1305826541399653,-1.692688170224674
1986-03-21,2.004567460255446,-1.2881095020280742
1986-03-22,1.8450693712350636,-0.9637846568286499
1986-03-23,1.9971113128195601,-0.7191049097043838
1986-03-24,1.752437086249348,-0.4058756176015819
1986-03-25,1.4505436195650545,0.018211985044597263
1986-03-26,1.0184726501736479,0.19993933984354423
1986-03-27,0.9648608934489091,0.6262155639552288
1986-03-28,1.067052696209227,0.9976954634378835
1986-03-29,1.0593634262192164,1.2687027423100516
1986-03-30,0.9950752977284709,1.47493279126956
1986-03-31,0.7724892302572031,1.4693399759110446
1986-04-01,0.6629812194950758,1.4400052200388709
1986-04-02,0.2760334780015319,1.523273248833524
1986-04-03,-0.05180867327420181,1.5285209541078555
1986-04-04,-0.23936850479122784,1.3494818929682622
1986-04-05,-0.34681978944115033,1.224417927187241
1986-04-06,-0.40716197328601916,0.9028952808388201
1986-04-07,-0.15955744148060363,0.7798922024975873
1986-04-08,0.13147826542439714,0.6994714750734778
1986-04-09,0.23678361754479132,0.7340867135594773
1986-04-10,0.1824202413858887,1.2126735901876033
1986-04-11,0.1666725648967924,1.5789142829187128
1986-04-12,0.0647617893753502,1.6361156285333405
1986-04-13,-0.3258617776652662,1.4495078222275075
1986-04-14,-0.7146537728800284,1.4621985772627715
1986-04-15,-1.2196396881447573,1.2885455843305518
1986-04-16,-1.3752722534752198,1.0469137337087009
1986-04-17,-1.3572492183450668,0.9428010993260697
1986-04-18,-1.437249887982239,0.8459982818946669
1986-04-19,-1.405642216609572,0.8724246629680633
1986-04-20,-1.440159769717815,0.6214220284510091
1986-04-21,-1.4033035873873052,0.23856541036164666
1986-04-22,-1.3159258548532848,0.07264656228296301
1986-04-23,-1.065074980635066,-0.1269706626799825
1986-04-24,-0.6264615508961819,-0.5016915669003518
1986-04-25,-0.33118104022392675,-0.7527650629157214
1986-04-26,-0.21970768166942128,-0.7795051477246707
1986-04-27,0.10482277062658334,-0.8690827473418936
1986-04-28,0.6269832357219987,-0.7078315848640403
1986-04-29,0.8313703911966644,-0.6469656998368534
1986-04-30,0.8338719739472468,-0.22703084273220517
1986-05-01,0.7840633631337351,0.0026837157999576693
1986-05-02,0.6003778285910785,0.27826252103851995
1986-05-03,0.4753480857035039,0.4615134961388634
1986-05-04,0.6539027765517887,0.641713971123711
1986-05-05,0.5571110181217208,0.6882720846364672
1986-05-06,0.5087060739346295,0.7722080830783492
1986-05-07,0.6030891927578684,0.992711530614464
1986-05-08,0.5252879378131096,1.2135594314808626
1986-05-09,0.4517682655439505,1.4606572057469742
1986-05-10,0.44036547779560925,1.5421622972831777
1986-05-11,0.42309483391935093,1.3529401980688194
1986-05-12,0.24324312705581555,1.2090784214498655
1986-05-13,0.14006582413678736,1.1073128527253302
1986-05-14,0.14086286724817135,0.8404538116062141
1986-05-15,0.083807219634548,0.7182308126990976
1986-05-16,-0.12080101207745927,0.7947856906050946
1986-05-17,-0.47789679371555444,1.1414970578889296
1986-05-18,-0.5619812019790327,1.523625212000463
1986-05-19,-0.8519887193857306,1.7990828859216603
1986-05-20,-1.3904668928958315,1.9732387909882152
1986-05-21,-1.9454654218434295,1.7315558768240926
1986-05-22,-2.345080365772312,1.4098898293765063
1986-05-23,-2.2919205104734806,0.970351462364747
1986-05-24,-2.3254775194489206,0.5797996915484388
1986-05-25,-2.266422426999797,-0.10321770457669951
1986-05-26,-2.135571816067494,-0.748704938930621
1986-05-27,-2.1401519818404497,-1.216841499158174
1986-05-28,-1.9769231726936844,-1.3397425297490397
1986-05-29,-1.626866823875831,-1.4794880514028454
1986-05-30,-1.2888640154642366,-1.6276766144965247
1986-05-31,-1.0363749051616666,-1.7490471656470843
1986-06-01,-0.8417685345720722,-1.9519106950674627
1986-06-02,-0.6845906472741338,-2.1351707086463154
1986-06-03,-0.44738436556532374,-2.0080743372890817
1986-06-04,-0.12212733953887918,-2.027665012180727
1986-06-05,0.29298121365076757,-1.9659286963706377
1986-06-06,0.6483500780578256,-1.9281301275603366
1986-06-07,0.7253078660741524,-1.9310526374470678
1986-06-08,0.6623092370872766,-2.2624617731019567
1986-06-09,0.9520032872233699,-2.2911433304583912
1986-06-10,1.324439098480123,-2.0794795171290366
1986-06-11,1.3767650339524906,-2.082229581863012
1986-06-12,1.4011162055640567,-1.8969796923598587
1986-06-13,1.6114639540093822,-1.7003189412219797
1986-06-14,1.7778543616748304,-1.3397887187758852
1986-06-15,1.8763101838764822,-0.9558757835012235
1986-06-16,1.987858566558774,-0.7068875554188152
1986-06-17,2.087397343085477,-0.11403192670653008
1986-06-18,2.205072829699749,0.3189115709320053
1986-06-19,2.1668239143731194,0.4869146747480304
1986-06-20,2.0581064879370876,0.42671713250372423
1986-06-21,1.9265523346149092,0.6180824729366332
1986-06-22,1.6599393872181814,0.8846780795693672
1986-06-23,1.5707197722849138,1.1874240596245096
1986-06-24,1.2161587712281432,1.2268864781847846
1986-06-25,0.626647733914406,1.1085893573331107
1986-06-26,0.014579520601673515,0.9984110060304463
1986-06-27,-0.46920641947750263,0.815468984255918
1986-06-28,-0.8573705354597009,0.6134206667565234
1986-06-29,-1.0228908630211617,0.5256371893148255
1986-06-30,-1.2891577809652146,0.6243490799255161
1986-07-01,-1.4022320592609405,0.7173572048996281
1986-07-02,-1.3182907557629708,0.4249084251732361
1986-07-03,-1.2997749641080891,0.09579940422112625
1986-07-04,-1.1843583280306331,0.20926921873686066
1986-07-05,-0.7983396240584705,-0.10104643816395992
1986-07-06,-0.6773179857241717,-0.41551357305353914
1986-07-07,-0.40067638251362053,-0.6823636995456603
1986-07-08,-0.12949602328738083,-0.7691974595789993
1986-07-09,0.2777765742906712,-0.803306188362527
1986-07-10,0.5819441445253676,-0.7686831514444276
1986-07-11,1.1144372455495273,-0.6458087148466418
1986-07-12,1.4252640484967636,-0.4332160407104366
1986-07-13,1.270023471533799,-0.3188228381788077
1986-07-14,1.1346540490329282,0.0025497282281454633
1986-07-15,0.981247351695828,0.28684575359572245
1986-07-16,0.7531069588505337,0.48115436257015487
1986-07-17,0.5614084274479475,0.4695324997855067
1986-07-18,0.40197724932206613,0.7111131350059374
1986-07-19,0.34767650683792195,0.9684444777094487
1986-07-20,0.3192854230074626,0.7068430762276675
1986-07-21,0.16825081587677598,0.4672621692737588
1986-07-22,0.0662157993567245,0.09496505756758593
1986-07-23,-0.34198473390283574,-0.3350533704542579
1986-07-24,-0.8211436857560264,-0.5172429575614784
1986-07-25,-0.8526808892123845,-0.4018614109047681
1986-07-26,-0.5989433055478124,-0.4384266151342892
1986-07-27,-0.35229174426700566,-0.7305902198914432
1986-07-28,-0.29879460330249713,-0.7029023380067618
1986-07-29,-0.3091510418339214,-0.398758234432589
1986-07-30,-0.24004643559942423,0.06298995739617927
1986-07-31,0.10990877037472008,0.3025324293361951
1986-08-01,0.28272858133925266,0.463516610425112
1986-08-02,0.02042021896464605,1.0046340380078511
1986-08-03,-0.14362467313608215,1.24574740216493
1986-08-04,-0.16037453636932508,1.3490801009120514
1986-08-05,0.26437770548704065,1.3980318721416618
1986-08-06,0.31239804975801744,1.4287820227124615
1986-08-07,0.05471235932808095,1.31966827336845
1986-08-08,-0.3603877129916812,1.1743827908439626
1986-08-09,-0.6474773945500374,0.9071448792838002
1986-08-10,-0.4421189473956003,0.9616893291253726
1986-08-11,-0.2777918232484879,1.4575520754690054
1986-08-12,-0.1365779510729084,1.7224344300778331
1986-08-13,-0.1232959361737416,1.8254824587084273
1986-08-14,-0.3624889841830866,1.9492205717913882
1986-08-15,-0.5544942080705818,2.005262215024893
1986-08-16,-0.9708783576008381,1.6091090512637682
1986-08-17,-1.2960069196323631,1.3977354694373731
1986-08-18,-1.55543144959583,1.311083307443498
1986-08-19,-1.455768913467831,1.1921779509489911
1986-08-20,-1.4213041380127414,1.362354580014681
1986-08-21,-1.3883070087462,1.1770065784448138
1986-08-22,-1.4905101616386605,0.8917464435059482
1986-08-23,-1.4442260329833505,0.5882692448589636
1986-08-24,-1.173238320631196,0.3100347959883764
1986-08-25,-1.0278624708144304,0.030360395611986148
1986-08-26,-1.0025027110647868,-0.2962592250778575
1986-08-27,-0.9625775572523652,-0.6104791757988468
1986-08-28,-0.7135567778741838,-0.7344806264791011
1986-08-29,-0.3486476420595716,-0.8240988244290397
1986-08-30,0.09351013181184747,-0.9860210455384896
1986-08-31,0.18461978848665578,-0.8390774404915604
1986-09-01,0.42471646365939525,-0.6272903386026417
1986-09-02,0.7941845049931022,-0.6365212061798612
1986-09-03,1.0978104950515692,-0.822013957903521
1986-09-04,1.0185643320242685,-0.9555425766690034
1986-09-05,0.8201422913000694,-1.0929477286594675
1986-09-06,0.916168151212608,-0.9224471143159689
1986-09-07,0.9627842908025299,-0.883358493272432
1986-09-08,1.0249346167744746,-0.6772678081665654
1986-09-09,0.7956633813661723,-0.4259663038537166
1986-09-10,0.9197999212812636,-0.06554979174224458
1986-09-11,0.9777305769575918,0.4009804421486494
1986-09-12,0.8906038257846062,0.6055966335045263
1986-09-13,0.638252826354061,0.7830510235846536
1986-09-14,0.17041710488035625,0.8619863690934599
1986-09-15,-0.22177463798709843,1.0153689532155195
1986-09-16,-0.3491687667823055,1.2339245067427
1986-09-17,-0.3772658187250677,1.3651324740058381
1986-09-18,-0.36418284234462495,1.3314494521226048
1986-09-19,-0.5172542461513111,1.145380778995407
1986-09-20,-0.5769104468336115,0.7729154854970536
1986-09-21,-0.8516285592836395,0.7214959170155619
1986-09-22,-1.083240315254889,0.5631184865540924
1986-09-23,-1.17851960779471,0.34965790858001694
1986-09-24,-1.0320823639450836,-0.10672999368781014
1986-09-25,-1.0780164776706556,-0.7664328858129363
1986-09-26,-0.9744523015332975,-1.3407258414870749
1986-09-27,-0.5048362566408532,-1.4820464904615807
1986-09-28,-0.1760160702048197,-1.39482819924135
1986-09-29,-0.11266176893932943,-1.4807571236084947
1986-09-30,-0.3470812987046254,-1.5981065675068686
1986-10-01,-0.3209382792584347,-1.369787811208206
1986-10-02,-0.0852262329022651,-0.8652211203918919
1986-10-03,0.1341781908656699,-0.48797067868163807
1986-10-04,0.3045198358197354,-0.4587277044096299
1986-10-05,0.40394380747569236,-0.3538268103059033
1986-10-06,0.27371314278602765,-0.2669131785739877
1986-10-07,0.34662865781993163,-0.14565234543096323
1986-10-08,0.11184131590475885,0.04840164115101974
1986-10-09,-0.16025480945029813,-0.02921777451129651
1986-10-10,0.002137802520737048,-0.01703588736553452
1986-10-11,0.1008908552482282,-0.00751813148941827
1986-10-12,-0.004919592724407711,0.1381938065956654
1986-10-13,-0.19249142226511523,0.05080192265793938
1986-10-14,-0.23580267579030892,0.24355709435385484
1986-10-15,0.00267189916828112,0.27002125416363915
1986-10-16,0.2814598635157102,0.40890776864614015
1986-10-17,0.4600230402435978,0.38025969972981616
1986-10-18,0.3701814482409841,0.3513619763383568
1986-10-19,0.27738256169120185,0.11783047976153693
1986-10-20,-0.042306904971851765,0.12635007003678614
1986-10-21,-0.2808509678255273,0.2307778577159991
1986-10-22,-0.5214179382788744,0.276203147720404
1986-10-23,-0.8117469443180463,-0.006088767845514513
1986-10-24,-0.8807969583047079,-0.39016531315520264
1986-10-25,-0.6021606935513212,-0.7763636731257068
1986-10-26,-0.11354706741555416,-1.0088807504184318
1986-10-27,0.26272617539165677,-0.9392653014086685
1986-10-28,0.519148521833358,-0.9554352418718058
1986-10-29,1.0443131885409813,-1.1103366186915467
1986-10-30,1.4097379622588373,-1.2586245315075386
1986-10-31,1.6691540562447986,-1.2107801839355545
1986-11-01,1.931768360003489,-0.955073049376159
1986-11-02,2.1355210847216277,-0.6539191300268004
1986-11-03,2.382350251002499,-0.40230975871530894
1986-11-04,2.4430176416075207,-0.10430048770128483
1986-11-05,2.4896153053480874,0.07732873222062195
1986-11-06,2.6447085924793434,0.19145040138718075
1986-11-07,2.490620009862221,0.2282975126265048
1986-11-08,2.3823433061845702,0.4298593343058728
1986-11-09,2.5150903539889056,0.5987109887606742
1986-11-10,2.450300270070498,0.9149179960480666
1986-11-11,1.9165292688054207,1.1804643478547576
1986-11-12,1.2110597364585038,1.4837577239348747
1986-11-13,0.658020349746973,1.8962042680853997
1986-11-14,0.04824506754845094,2.074621331230891
1986-11-15,-0.3287750084713299,2.0619098284324835
1986-11-16,-0.6360504083032634,1.8616091724385433
1986-11-17,-0.8345987791186752,1.5893370634899129
1986-11-18,-0.9062306419775915,1.4481000243288098
1986-11-19,-0.9903676515708068,1.3459526239415451
1986-11-20,-1.3029882064851996,1.1982454323115854
1986-11-21,-1.6108904677783895,0.9553652970134026
1986-11-22,-1.7643542793623308,0.7143393644090784
1986-11-23,-1.660745222351313,0.4957034317059666
1986-11-24,-1.6495196080789805,0.20456334999604198
1986-11-25,-1.5503009096526215,0.089336452016299
1986-11-26,-1.4432529709470865,-0.2370768835225188
1986-11-27,-1.1289021296801214,-0.4541353237252791
1986-11-28,-0.7249530695778508,-0.5712890649580732
1986-11-29,-0.46089702750939043,-0.3733953194976985
1986-11-30,-0.4019771750455027,-0.050294541938726775
1986-12-01,-0.26179652175363,0.23389772121413774
1986-12-02,-0.17705309381894604,0.1923605872510302
1986-12-03,-0.11977085499669143,0.15017326647571502
1986-12-04,-0.17830633769579565,0.10905765380164122
1986-12-05,-0.259456278610848,-0.08230861383074285
1986-12-06,-0.4065494309304637,-0.3446993166510492
1986-12-07,-0.38162040879663295,-0.6195696181589183
1986-12-08,-0.11636904051677183,-0.8863789292071322
1986-12-09,-0.025122118493331763,-0.9285081369747731
1986-12-10,0.11828976197127714,-0.8359609761178459
1986-12-11,0.13863929626844976,-0.7891166721083388
1986-12-12,0.19778211331273413,-0.540151119982608
1986-12-13,0.037721227189005786,-0.2449039511600441
1986-12-14,-0.1822842254823689,-0.0753303685988703
1986-12-15,-0.5477520821344934,-0.037561407121204315
1986-12-16,-0.6945316127018354,0.14827884749213177
1986-12-17,-0.6857696629087703,0.12008821517520014
1986-12-18,-0.786578230007815,0.03279994085801228
1986-12-19,-0.8612013162572343,-0.06762392827507893
1986-12-20,-0.930495496990897,-0.1777407313826437
1986-12-21,-0.9706431160135451,-0.16692359217934097
1986-12-22,-1.4604297311146297,-0.584417744454575
1986-12-23,-1.714760713905456,-0.7819454697066296
1986-12-24,-1.451074356419958,-0.8239786217490211
1986-12-25,-1.132798895275006,-0.9416634647976229
1986-12-26,-1.298367463832979,-0.8941314258461173
1986-12-27,-1.386879972324847,-0.9426431514117882
1986-12-28,-1.3742448555592333,-0.9022055605342091
1986-12-29,-1.1276320726189613,-0.9245769704660208
1986-12-30,-0.8486583259451582,-1.0480617305732263
1986-12-31,-0.46626309798366755,-1.2771393809920175
1987-01-01,0.00407399303349735,-1.3909495030035586
1987-01-02,0.33147784419550635,-1.48937706314013
1987-01-03,0.3905331022135485,-1.5190598867009202
1987-01-04,0.4900440545503672,-1.4622437838633762
1987-01-05,0.5452861639988745,-1.398357844588807
1987-01-06,0.6722647530295389,-1.237073920718565
1987-01-07,0.9352077886299247,-1.280517677816129
1987-01-08,1.176899612953274,-1.1100659568903153
1987-01-09,1.0589826720154567,-0.8197324636791288
1987-01-10,1.0691718868594486,-0.6685659368194466
1987-01-11,1.1132579918946552,-0.559896027212879
1987-01-12,1.1199632084018378,-0.3200917898742045
1987-01-13,0.8988057894859194,-0.18078597310455358
1987-01-14,0.9866376542547898,0.06041041746054889
1987-01-15,0.8640219314664683,0.0818951375624746
1987-01-16,0.8310437024120404,0.1801436961930106
1987-01-17,0.8236510025576,0.2677998647118842
1987-01-18,0.6915897586542518,0.19737026614266892
1987-01-19,0.8346815479053353,0.2994916602203214
1987-01-20,0.9622217659659497,0.19600426817507904
1987-01-21,0.9664292399090072,-0.11601073302710808
1987-01-22,0.8931797521204525,-0.6311526890339592
1987-01-23,0.9963783352125422,-0.8298785529389004
1987-01-24,1.2714912176778215,-0.7812217821329239
1987-01-25,1.5121049525248214,-0.6427566121540039
1987-01-26,1.699581154866992,-0.6438241502741063
1987-01-27,1.673123434256817,-0.43483578269662665
1987-01-28,1.750636777919213,-0.43345155003322733
1987-01-29,1.7339691359716585,-0.22831768674337208
1987-01-30,1.1816595999260153,0.056227237608832005
1987-01-31,0.8660323371609986,0.4607532574917894
1987-02-01,0.6619766576639455,0.8608075202933686
1987-02-02,0.03355635013094449,1.1904967005656308
1987-02-03,-0.1926147134328872,1.427280697113501
1987-02-04,-0.29102121067836567,1.5878084926413158
1987-02-05,-0.653314162383335,1.5503538596228301
1987-02-06,-0.9885061672837219,1.4778558146872645
1987-02-07,-1.0290677784544773,1.2026955580369796
1987-02-08,-0.9587067357980114,1.1984227269287837
1987-02-09,-0.6928550275297978,1.2289907174365864
1987-02-10,-0.5982996020441131,1.1830134203873799
1987-02-11,-0.5756112713288074,1.0127640291501652
1987-02-12,-0.4528137014858695,0.8294776949152485
1987-02-13,-0.2153751432554259,0.6407980244432666
1987-02-14,-0.07266830261238393,0.2582147905681976
1987-02-15,-0.08356929286463291,-0.2531579168555584
1987-02-16,-0.225164320105855,-0.3079561408764
1987-02-17,-0.041732828516321874,0.14617291255542353
1987-02-18,0.024669837221995315,0.4853431422873865
1987-02-19,0.000728733494198219,0.7249433992988039
1987-02-20,0.1103317858294243,0.782637750405246
1987-02-21,0.3249647135322164,1.0368829346319373
1987-02-22,0.2914769207428451,1.5321268148413236
1987-02-23,0.24436167596818656,1.9475332196988877
1987-02-24,0.06377823151789923,2.039168617647553
1987-02-25,-0.15883838805105766,2.0903498856386173
1987-02-26,-0.3439843136707471,2.213622668073886
1987-02-27,-0.8522209793293984,2.1620166263681204
1987-02-28,-1.4051515596579616,1.8742472811480166
1987-03-01,-1.7452200647498672,1.434644259498501
1987-03-02,-2.109533528963258,1.295865396612834
1987-03-03,-2.315841854678966,0.904987243423426
1987-03-04,-2.4699792824330062,0.5637164210326366
1987-03-05,-2.473993360849658,0.10486200094380162
1987-03-06,-2.3221066394382803,-0.3813249965572514
1987-03-07,-2.1471604838351412,-0.9464076075694179
1987-03-08,-1.9518687024322703,-1.3802224684863453
1987-03-09,-1.8337297641881378,-1.5360328172073479
1987-03-10,-1.4307349506423892,-1.6998241303560038
1987-03-11,-1.0861546016220873,-1.6811446047849115
1987-03-12,-0.6582310816781689,-1.5237962809507537
1987-03-13,-0.1964350938467234,-1.5987706697442012
1987-03-14,0.29759900446973353,-1.5762924484318372
1987-03-15,0.6150134268770889,-1.6393399367420634
1987-03-16,0.9733320718696513,-1.407952553454508
1987-03-17,1.4875326074220996,-1.2761009185321164
1987-03-18,1.8139141246559685,-1.0811650801052295
1987-03-19,1.740168948075046,-0.8969730920886468
1987-03-20,1.613811397449926,-0.6332055681628129
1987-03-21,1.3764013637865944,-0.3199316101563017
1987-03-22,0.8862912162059073,-0.061352776476634605
1987-03-23,0.28271121886066813,0.03789841598371661
1987-03-24,-0.43604259825473485,-0.4745466721276067
1987-03-25,-0.7701423482523281,-0.8530793552968404
1987-03-26,-0.7332955468488095,-0.9676589130434989
1987-03-27,-0.4203150310377121,-1.2995547485995502
1987-03-28,-0.4886601727832945,-1.5466017314742586
1987-03-29,-0.4593355792520392,-1.756331174183098
1987-03-30,-0.3337516071383919,-1.913771333585936
1987-03-31,-0.18169043018664516,-1.6638728542729222
1987-04-01,0.30334473200686496,-1.3589867428681501
1987-04-02,0.7898942713260307,-1.2775142618812227
1987-04-03,1.224848482486202,-1.0359474369647057
1987-04-04,1.3878207195319285,-0.6911716486411749
1987-04-05,1.1659118915824154,-0.046913911973564607
1987-04-06,0.9913210085439255,0.22537299847264816
1987-04-07,0.7069272827927157,0.4676887559906461
1987-04-08,0.6952514739237291,0.7226362171499501
1987-04-09,0.7830148090320526,0.882394304448807
1987-04-10,0.9449356409745758,1.231053650576698
1987-04-11,0.9199776842560893,1.491312788654093
1987-04-12,0.5392685677033878,1.5153933813806637
1987-04-13,-0.01195081636870895,1.2722650629023318
1987-04-14,-0.3019103903606973,1.1396518104285593
1987-04-15,-0.2967051443278135,0.9313407479799641
1987-04-16,-0.24618224297809824,0.6667619127050829
1987-04-17,-0.27948540663970795,0.35603051584953677
1987-04-18,-0.22983674705835708,0.18185721296023125
1987-04-19,-0.5340742028141839,-0.015209642647842825
1987-04-20,-0.6135940393561685,-0.2145153853690485
1987-04-21,-0.2613899857607716,-0.1983439433428375
1987-04-22,-0.1119496659687382,0.06718191035287016
1987-04-23,-0.22900413898868344,0.2355013536383905
1987-04-24,-0.3674450907984995,0.35070774412131234
1987-04-25,-0.44114559063790737,0.2203165786268832
1987-04-26,-0.5695923336502672,0.19360191066253546
1987-04-27,-0.5634774196675688,0.08952232241994136
1987-04-28,-0.4522058808066331,-0.23155074625671887
1987-04-29,-0.2788640518094716,-0.5286500257722665
1987-04-30,-0.11037365024797198,-0.5498697922561797
1987-05-01,0.15642027835300423,-0.299887131003479
1987-05-02,0.4429499756047351,-0.07963050555081634
1987-05-03,0.8281937652854405,0.03771047009672699
1987-05-04,1.0994612288329662,0.20561959096942442
1987-05-05,1.2592693823603054,0.3332350649830449
1987-05-06,1.138216683645738,0.339212866574347
1987-05-07,0.9807061882584318,0.2651756549168731
1987-05-08,0.7958618704491798,0.25841710064162543
1987-05-09,0.5365684099801619,0.3499982994828954
1987-05-10,0.3322449564980412,0.289489649154439
1987-05-11,0.01652324520914565,0.5385444485620372
1987-05-12,-0.2798241917811594,0.7602668314078168
1987-05-13,-0.6302664275813953,0.9399254934051561
1987-05-14,-0.9976925963396779,1.012794070862363
1987-05-15,-1.368456600207623,1.2147196379264944
1987-05-16,-1.6654981979982921,1.4370506935488352
1987-05-17,-1.984340515259643,1.359678473128957
1987-05-18,-2.357939916739353,0.95697138686495
1987-05-19,-2.6485341236862756,0.24838744190404893
1987-05-20,-2.703504892910328,-0.3083872118917063
1987-05-21,-2.275387936933126,-0.7767677617356331
1987-05-22,-1.9760716574233042,-1.2948215239589977
1987-05-23,-1.5238886516626964,-1.539007899198378
1987-05-24,-1.0343980479414374,-1.7559748562386226
1987-05-25,-0.5748105010669862,-1.7823186270860858
1987-05-26,-0.2412925619551678,-1.7653768590839525
1987-05-27,-0.08774990151682856,-1.8643727905695362
1987-05-28,0.1925419599362862,-1.861113371383411
1987-05-29,0.34179327242226937,-1.7722837762060761
1987-05-30,0.2842002696491707,-1.9626226159354396
1987-05-31,0.2652724136069941,-2.308897700539587
1987-06-01,0.45574327246172586,-2.311248969067477
1987-06-02,0.8802202987926443,-2.0204912346920088
1987-06-03,1.3622107919946829,-1.395047112272317
1987-06-04,1.7630985320237043,-0.8755409498112187
1987-06-05,2.0014900453879476,-0.3627556393622074
1987-06-06,1.9716713274316453,0.007009304036222869
1987-06-07,1.9137461507073326,0.12445752946263064
1987-06-08,1.7796165155566013,0.3143252381287134
1987-06-09,1.7868833203437726,0.5834224232161697
1987-06-10,1.734662507614514,0.8462305125830799
1987-06-11,1.6077099550240261,0.8925799584073513
1987-06-12,1.4854346666758924,0.989731906570407
1987-06-13,1.3743217713896891,1.0605213947091032
1987-06-14,1.3469155532810233,0.8550994466128273
1987-06-15,1.1477862505195753,0.8332107864104888
1987-06-16,1.017068665351455,0.8646459347702198
1987-06-17,0.7730554755097412,0.645535870028818
1987-06-18,0.526304216080876,0.40981428337077463
1987-06-19,0.02946769386910051,0.3834149699621146
1987-06-20,-0.12127999214136832,0.30400544560478643
1987-06-21,-0.1578640660264479,0.3879459278969975
1987-06-22,-0.09873422999766024,0.1400968219709525
1987-06-23,0.08662398512458709,0.2844744872016257
1987-06-24,0.3341627623429633,0.5698363390035288
1987-06-25,0.21296570842856571,0.8025528327839857
1987-06-26,0.22935705365546943,0.9216567197148062
1987-06-27,0.22018361451931232,0.8417365538761082
1987-06-28,0.44459446932838265,0.782984342336455
1987-06-29,0.7685086613617371,1.0025103933216328
1987-06-30,1.0430147527950009,1.2598553948390312
1987-07-01,1.1354011829071364,1.1539506432351014
1987-07-02,1.0299778999501703,0.9029986765403905
1987-07-03,0.90928314737683,0.8105522501401983
1987-07-04,0.6299042835132589,0.6935683565440319
1987-07-05,0.4206479808996225,0.3938288371955886
1987-07-06,0.33997510988004254,0.29660802310051404
1987-07-07,0.08806252357382614,0.3373269256348977
1987-07-08,-0.03009353377384414,0.3312352421271626
1987-07-09,-0.16612474407178252,0.46035676372311757
1987-07-10,-0.29690662287082037,0.6143972506401469
1987-07-11,-0.4077332371640738,0.7541083311224318
1987-07-12,-0.5107447611057041,0.6136686519080587
1987-07-13,-0.5983246591493031,0.6009456538548589
1987-07-14,-0.7139676064514077,0.7717528804076156
1987-07-15,-0.7437912004098195,0.8982097401847416
1987-07-16,-0.8048519602611739,0.9593540679495164
1987-07-17,-0.8322928979224109,1.2731415386684934
1987-07-18,-0.9135717093233829,1.261069587418423
1987-07-19,-0.7607197660309818,1.1007105811434006
1987-07-20,-1.0306145474853734,0.6663641990798755
1987-07-21,-1.6278747817017518,0.26155881088873456
1987-07-22,-1.788097676348344,0.03977922351491306
1987-07-23,-1.884918369360822,0.002204247662947835
1987-07-24,-1.5045829573989693,0.018381782314458604
1987-07-25,-1.3187787340139163,-0.06455859337526978
1987-07-26,-1.3513648633142277,-0.2808354066865029
1987-07-27,-1.3584441164219905,-0.28319093975252013
1987-07-28,-1.5065453116566514,-0.2626034965288974
1987-07-29,-1.787607191055863,-0.27772452742155895
1987-07-30,-2.063551041811058,-0.4313105499595841
1987-07-31,-1.9798677898498172,-0.7044178139759041
1987-08-01,-1.9540076990764959,-0.8892705356267606
1987-08-02,-1.8809413155741486,-0.9382373366274847
1987-08-03,-1.639416914257943,-1.1562330617899235
1987-08-04,-1.3149436414703608,-1.407238774441434
1987-08-05,-0.9841177908504792,-1.5027702835069077
1987-08-06,-0.8417951384148603,-1.6120460896729274
1987-08-07,-0.9378427031752561,-1.7098261847376433
1987-08-08,-0.982987191719434,-1.8247700164126932
1987-08-09,-1.0644342321952123,-1.65977410651679
1987-08-10,-0.6402806315254159,-1.3308435671587007
1987-08-11,-0.08832217419494336,-1.2223559469188152
1987-08-12,0.23881442564128214,-0.8940259994378911
1987-08-13,0.6047824698545667,-0.7990678511234791
1987-08-14,0.7370180718235246,-0.7622828512966916
1987-08-15,0.8844785431894088,-0.6195838740290904
1987-08-16,1.0338085048668164,-0.7077403449322234
1987-08-17,1.0255665410997419,-0.48411477217376014
1987-08-18,1.0196711772184306,-0.2905964276617487
1987-08-19,1.37762883011054,0.014037988597399301
1987-08-20,1.5451555120040132,0.3214158550607152
1987-08-21,1.458281921695111,0.34491846680177346
1987-08-22,1.1929397513260505,0.20856405259741284
1987-08-23,0.9809728408735575,0.18811395816759935
1987-08-24,0.8686206761234742,0.15786448278790685
1987-08-25,1.07115568997061,0.11587056495157008
1987-08-26,0.9633237020782656,0.17482596998047426
1987-08-27,0.9559375855513502,0.6597096611334934
1987-08-28,1.0780156458470262,1.045438082604559
1987-08-29,1.0530568078246931,1.4540520022542995
1987-08-30,0.7864495197894136,1.6698777849436919
1987-08-31,0.41184644190665226,1.5849869869510542
1987-09-01,0.23600798862556818,1.401966532043763
1987-09-02,0.41949794843750987,1.3046746435117258
1987-09-03,0.5100922804963842,1.1692867315069488
1987-09-04,0.2998902812945608,0.8247464097415321
1987-09-05,-0.19723454545426264,0.6839471667600594
1987-09-06,-0.6512027462440837,0.9487789029677401
1987-09-07,-0.6530680608890079,1.0878726077745708
1987-09-08,-0.5293686174631849,1.2122280981592133
1987-09-09,-0.315886810901856,1.3029070366553939
1987-09-10,-0.03790624465724104,1.130303639116253
1987-09-11,-0.12791855940125194,0.8399749538209976
1987-09-12,-0.24833574156027316,0.6384017561630649
1987-09-13,-0.26535116971646994,0.4471404644753761
1987-09-14,-0.054551063396734774,0.5784889512201185
1987-09-15,-0.24658196832398213,0.44279846107428855
1987-09-16,-0.6504014304465215,-0.030431471707548403
1987-09-17,-0.694143128408067,-0.5721717264515439
1987-09-18,-0.6078125420752147,-0.823270365682894
1987-09-19,-0.5027064605793838,-1.0713362954912062
1987-09-20,-0.254372412395649,-1.247585693055022
1987-09-21,-0.006409844886092281,-1.2315247945243546
1987-09-22,0.027157455920515418,-1.224174351610061
1987-09-23,0.039852914840356066,-1.3105901211002218
1987-09-24,0.045637462321199834,-1.3867302821540677
1987-09-25,-0.034779108440268984,-1.0957239295479082
1987-09-26,-0.004639363404373287,-0.8235513431017168
1987-09-27,0.18366667663436048,-0.4831741884381914
1987-09-28,0.3261286873582881,-0.23166750619521323
1987-09-29,0.1026996757276928,0.022714910699752885
1987-09-30,0.00471702995345722,0.27389582715597854
1987-10-01,0.1032385156764786,0.27915593155938323
1987-10-02,0.35305292988521836,0.11270434440946231
1987-10-03,0.4251716534527991,0.06535348924315788
1987-10-04,0.3003253469732983,0.002476700426103045
1987-10-05,0.2350092078740863,-0.16288417121313187
1987-10-06,0.1848199223539793,-0.24038828092614767
1987-10-07,0.18442566976141495,-0.2675982215514658
1987-10-08,0.16628287995933203,-0.4117669299655896
1987-10-09,0.10905461398671458,-0.49824499180942616
1987-10-10,-0.008408460490555514,-0.48190988422294995
1987-10-11,-0.29041812441910236,-0.49398423650203277
1987-10-12,-0.6236714024477283,-0.36315114178291474
1987-10-13,-0.7257717360876663,-0.11020834943037935
1987-10-14,-0.636826964928079,0.1349872950748756
1987-10-15,-0.6823453412467059,0.379574723355871
1987-10-16,-0.7627168429567825,0.7165731692237289
1987-10-17,-0.6281426546005001,0.7940157729901797
1987-10-18,-0.4836351084609182,0.7328098305961828
1987-10-19,-0.35055129127783635,0.48913744161178335
1987-10-20,-0.31137617709825116,0.3946651336843459
1987-10-21,-0.20271765903840933,0.3942142372989572
1987-10-22,-0.3887625464477596,0.36882635449742335
1987-10-23,-0.5857630995105478,0.013761735229517787
1987-10-24,-0.9414717519664219,-0.21949272999407154
1987-10-25,-0.9301757820285483,-0.3696292010268647
1987-10-26,-0.8574290275396027,-0.613297019404006
1987-10-27,-1.071523851293522,-0.8271646719395027
1987-10-28,-1.0998930048695856,-1.2595159789896762
1987-10-29,-1.0418430245615742,-1.517668836754635
1987-10-30,-0.846358368577032,-1.6771784696980248
1987-10-31,-0.48265902329864235,-1.708939274805202
1987-11-01,-0.024966721225674848,-1.8284178080779168
1987-11-02,0.5408248157575594,-1.7304464456091524
1987-11-03,0.9004044143101724,-1.3353818314707717
1987-11-04,1.069238264977037,-1.04854678758606
1987-11-05,1.4487435805987268,-0.9122134482923194
1987-11-06,1.6189332554582725,-0.732645085350964
1987-11-07,1.6927467015957505,-0.5568165825057245
1987-11-08,1.7604549481713705,-0.594405537637447
1987-11-09,1.7221769417567276,-0.6178442325316692
1987-11-10,1.7820805142571743,-0.2738032052197203
1987-11-11,1.7586221086377565,0.05512695922145545
1987-11-12,1.6920934773376193,0.6601769970587033
1987-11-13,1.6235585496005311,1.0686058354208012
1987-11-14,1.4979003558636914,1.4301245208674238
1987-11-15,1.338888295683883,1.41666311226744
1987-11-16,0.8434800717019559,1.40798124630261
1987-11-17,0.5416365699421433,1.415208131648285
1987-11-18,0.23146382705230859,1.4016133098204593
1987-11-19,0.27656377007332905,1.3346686657426736
1987-11-20,0.24389587097722928,1.4405523595456389
1987-11-21,0.055082732901071046,1.3957954189830473
1987-11-22,-0.23725064855917122,1.2439139787795108
1987-11-23,-0.39898547104175386,1.1793456401933122
1987-11-24,-0.532316392514804,1.018808066733311
1987-11-25,-0.6951045478253888,0.8339216434897876
1987-11-26,-0.6854073280421095,0.854569574564084
1987-11-27,-0.7813854125792746,0.8352773951851841
1987-11-28,-0.783565370498441,0.514082029217986
1987-11-29,-0.8282160123453611,0.3887746248349312
1987-11-30,-0.7042987085830625,0.29243355920771974
1987-12-01,-0.5461961636479077,-0.06546099941273403
1987-12-02,-0.48623451218441116,-0.6050990098295507
1987-12-03,-0.10168313937783864,-1.0835856762678955
1987-12-04,0.5300272447444028,-1.0393744140143788
1987-12-05,0.7977180633495856,-1.1700347319800266
1987-12-06,0.9749943435355827,-1.242994100589397
1987-12-07,1.1451268266667265,-1.2504312046343782
1987-12-08,1.4108102802667315,-1.1273923705012168
1987-12-09,1.7511252346261235,-1.1110536407626868
1987-12-10,1.7097727105727267,-0.6553202957687022
1987-12-11,1.5442842764168325,-0.21519535121167946
1987-12-12,1.3393583088569574,-0.031405982197006
1987-12-13,1.037830461882335,0.1065261513885769
1987-12-14,0.8577924655437965,-0.011942002912218367
1987-12-15,0.7006423334124694,0.023625254379711337
1987-12-16,0.7071362498236416,0.44862569694218724
1987-12-17,0.6124847722024896,0.9312761073451207
1987-12-18,0.3760652680137809,1.2980824019021187
1987-12-19,0.3897697373674012,1.208891043786464
1987-12-20,0.15393787083544286,1.3925675802055721
1987-12-21,-0.2701043493960762,1.6583161592677553
1987-12-22,-0.3008212120013893,1.771974669675561
1987-12-23,-0.295192803888466,1.6503747234578603
1987-12-24,-0.567024855879928,1.295179818887413
1987-12-25,-0.8796091834933328,0.9449559596567952
1987-12-26,-1.2911974104621902,0.8154326349710073
1987-12-27,-1.3676078973959345,0.7076704898839525
1987-12-28,-1.4172215544517555,0.8686837829339737
1987-12-29,-1.357759060226975,0.821221194347839
1987-12-30,-1.251031079070427,0.3913786166968007
1987-12-31,-1.4355500102098142,0.12073822195720633
1988-01-01,-1.4328389323587778,-0.113167182353526
1988-01-02,-1.2715349123618582,-0.3678169507477029
1988-01-03,-1.0646260459006183,-0.3473073278997951
1988-01-04,-0.9868092999193027,-0.24591285308979377
1988-01-05,-0.9960100508698134,-0.3028297569030518
1988-01-06,-1.0080129519652987,-0.21026539014362172
1988-01-07,-1.1139180121166012,0.28555210911301554
1988-01-08,-0.9624259625658449,0.23981066411556312
1988-01-09,-0.8289999764677026,0.08726123123257283
1988-01-10,-0.8737521134418295,0.05825301923306607
1988-01-11,-0.982848010694217,-0.04265169549825617
1988-01-12,-0.9172827623263242,-0.2387188874242469
1988-01-13,-0.7493350925510944,-0.49584362751411554
1988-01-14,-0.5739905217039091,-0.6820954880917225
1988-01-15,-0.231323054483556,-0.8790295393818001
1988-01-16,0.11109211851305638,-1.3911592640120445
1988-01-17,0.39958955656482076,-1.8840622119979409
1988-01-18,0.43803498117814915,-1.6987335753088708
1988-01-19,0.4620531517111775,-1.610680225430047
1988-01-20,0.6124094883823632,-1.557741096921088
1988-01-21,0.733922121492337,-1.4597410437847673
1988-01-22,0.9233299159248969,-1.328291284664996
1988-01-23,1.471731006312955,-1.0800064306972563
1988-01-24,1.917518428257901,-1.0951390962971805
1988-01-25,2.099290751687382,-1.1104681408147445
1988-01-26,2.1159817800653706,-1.0996956465255314
1988-01-27,1.6957735456329022,-1.2856777806297988
1988-01-28,1.2162921573017496,-1.1583426542458775
1988-01-29,1.0994114091545348,-0.946463963433335
1988-01-30,1.236577425648192,-0.6418727744841363
1988-01-31,1.1672589474001824,-0.15295312208929088
1988-02-01,0.9119331332298076,0.19971221451308835
1988-02-02,0.7563694074311803,0.4471138707940527
1988-02-03,0.45967773867489947,0.373091347970841
1988-02-04,0.27437936867788837,0.16109517530477535
1988-02-05,0.35819416212582,0.18332867150071072
1988-02-06,0.4500483929497302,0.31215298623444837
1988-02-07,0.5353001496738855,0.6772536369155101
1988-02-08,0.4942361480693063,0.8066215629945325
1988-02-09,0.5404813890654728,1.0384564656287396
1988-02-10,0.4174926851367944,1.3945088979561209
1988-02-11,0.27007800340581856,1.399008224477203
1988-02-12,0.19966430737745833,1.3772794012913991
1988-02-13,0.2856288615835523,1.616965511321258
1988-02-14,0.11147224740416464,1.7725854047545628
1988-02-15,-0.010097806874695402,1.4560961927442975
1988-02-16,-0.28267855922597207,1.3343299324246019
1988-02-17,-0.5369690012840844,1.2934166272657805
1988-02-18,-0.8991761248700914,1.1590910028557389
1988-02-19,-1.561955613591104,1.3664402221749994
1988-02-20,-2.045623959535296,1.6232237918496801
1988-02-21,-2.4310567009138087,1.5376295957917547
1988-02-22,-2.4026239195673464,1.3576577141968618
1988-02-23,-2.502468020232655,0.8455875069883751
1988-02-24,-2.9312983974039764,0.36908716259642316
1988-02-25,-3.226230102841946,0.2931836690005705
1988-02-26,-2.955061724302147,0.3150441302046637
1988-02-27,-2.8568555020440063,0.21546127835196152
1988-02-28,-2.617641645115718,-0.15081810181480157
1988-02-29,-2.352822497479904,-0.5386779188869231
1988-03-01,-2.0372085585114514,-1.0449962299523392
1988-03-02,-1.776635259971016,-1.2838199988265402
1988-03-03,-1.3133081483066251,-1.3015667196118448
1988-03-04,-0.9375575855353073,-1.244718945888235
1988-03-05,-0.9643970598179968,-1.390849790727078
1988-03-06,-0.7965459261525498,-1.5213179918584925
1988-03-07,-0.6812538502520463,-1.5914693878231565
1988-03-08,-0.3842942129999331,-1.5974704837372316
1988-03-09,-0.37247593960505937,-1.5833922142193224
1988-03-10,-0.4586157577704174,-1.4792576406883782
1988-03-11,-0.29468374471451736,-1.47082866875056
1988-03-12,0.014461192260013796,-1.5616557872866401
1988-03-13,0.3545000494228191,-2.083031143079386
1988-03-14,0.6245952725576935,-2.1346467438219876
1988-03-15,1.0234802466562245,-2.394500599721607
1988-03-16,1.389528217346832,-2.4000914650357554
1988-03-17,1.9632413158615925,-2.285376996616247
1988-03-18,2.171496248721962,-2.408650129297665
1988-03-19,2.256531823469973,-2.2034110874686235
1988-03-20,2.7072581707994785,-1.9526051604262145
1988-03-21,3.384075151157514,-1.4130014909551245
1988-03-22,3.7879254389036277,-0.9429068789991003
1988-03-23,3.9152948733753785,-0.03511255782780218
1988-03-24,3.9663127048301448,0.7580277121042254
1988-03-25,3.8401681568264068,1.4891990274609852
1988-03-26,3.489160342907008,2.1905333193020016
1988-03-27,2.963563644179951,2.9221236014315912
1988-03-28,2.365149642166388,3.516704628863662
1988-03-29,1.5580469324190236,3.8572214254338304
1988-03-30,0.7198224521939693,3.6840663902965374
1988-03-31,0.004241705612926323,3.4856345392210804
1988-04-01,-0.5540288290638602,3.238094893795475
1988-04-02,-0.9170666658892097,2.7550053930491583
1988-04-03,-1.206104429636301,2.1750273138691054
1988-04-04,-1.4303382515824135,1.7233358864388069
1988-04-05,-1.6631147348673945,1.4759188863434276
1988-04-06,-1.841081852541267,1.090434092196594
1988-04-07,-1.9902377196949659,0.9162992977385304
1988-04-08,-1.9463085116526175,0.5135325041380453
1988-04-09,-2.0364494066292154,0.07174612544537394
1988-04-10,-2.117827119349571,-0.18911983528778054
1988-04-11,-1.9804080443074163,-0.4766219075689968
1988-04-12,-1.873775650411372,-0.640437545274706
1988-04-13,-1.5950455644409594,-0.5517707997073745
1988-04-14,-1.5882768953626507,-0.6240168472697321
1988-04-15,-1.6283546274745428,-0.8942939665943601
1988-04-16,-1.3586542410364502,-0.89215139118384
1988-04-17,-1.0047032574021622,-0.8164282675353939
1988-04-18,-0.7731010313366341,-0.9253795858804086
1988-04-19,-0.7972393844543532,-0.9769001996434256
1988-04-20,-0.7428994859360245,-0.9615316615878117
1988-04-21,-0.6121632413422199,-0.9026897631359577
1988-04-22,-0.579873022307169,-0.9276291128017015
1988-04-23,-0.446639585704928,-0.9895079143478035
1988-04-24,-0.31484020179930117,-1.1644376679879622
1988-04-25,-0.14198973455054217,-1.3443963846693041
1988-04-26,-0.10408975978552673,-1.4846056730263109
1988-04-27,0.18955367905850504,-1.582880152449256
1988-04-28,0.4080350566849902,-1.6130686136254686
1988-04-29,0.6091047083308794,-1.3126948760710206
1988-04-30,0.6671434559064312,-0.8650244579704246
1988-05-01,0.7632161670066392,-0.572947782731414
1988-05-02,0.8919342485326099,-0.24279936839636287
1988-05-03,1.0068214714778543,-0.05203414536767119
1988-05-04,0.7704386663890236,0.06562999466307551
1988-05-05,0.7788944146660689,0.20255160607854306
1988-05-06,0.6697393201659028,0.29192310021658713
1988-05-07,0.4944988991956138,0.43987581103583206
1988-05-08,0.34096749244003577,0.3638008091404414
1988-05-09,0.26978450415301586,0.13206073253460224
1988-05-10,0.2115134282576851,-0.1616777876906195
1988-05-11,0.184611384924018,-0.33996635901239897
1988-05-12,0.22441144957246337,-0.45862203866663287
1988-05-13,0.5115008184952836,-0.5342278938358338
1988-05-14,0.6696578966116377,-0.5900870129413786
1988-05-15,0.8702188778773763,-0.3024590204139426
1988-05-16,1.123741031384897,0.11221685669053938
1988-05-17,1.2623054622624157,0.25743212476612526
1988-05-18,1.396515904417687,0.5654238493647586
1988-05-19,1.5468542802822407,1.189058738699506
1988-05-20,1.6311880369332248,1.7144480550255567
1988-05-21,1.4530777783565711,2.100951290248071
1988-05-22,1.1797010620535686,2.297267181543165
1988-05-23,0.6995006392770148,2.369206665271553
1988-05-24,0.11109208936979206,2.0413532408896695
1988-05-25,-0.38553349183674546,1.78915785784256
1988-05-26,-0.8647027208626278,1.3641910917766567
1988-05-27,-1.2475764668907208,0.9077392278294424
1988-05-28,-1.2113509176866812,0.7750397889664352
1988-05-29,-0.8653208561901854,0.7251036779041069
1988-05-30,-0.6672043769064676,0.6280583914610764
1988-05-31,-0.14276971078780049,0.2723415718495453
1988-06-01,0.04879483926606296,0.10920759056627498
1988-06-02,0.4512030834400502,-0.06254242850165583
1988-06-03,0.7198075941342151,-0.3167098543767401
1988-06-04,0.5938740348432329,-0.43084918142146
1988-06-05,0.5153969130124056,-0.36408451376377127
1988-06-06,0.406079581231564,-0.03023730192175583
1988-06-07,0.38043538968957985,0.3121334353911149
1988-06-08,0.5573563813245822,0.6840758688494606
1988-06-09,0.6922272371776235,0.9146901631235091
1988-06-10,0.8567035530939825,0.6864846661942235
1988-06-11,0.7136196740971698,0.648872566118157
1988-06-12,0.5768457189780861,0.6493581192870627
1988-06-13,0.40444342341477924,0.6583619242322941
1988-06-14,0.2448143145087132,0.7075437057281303
1988-06-15,0.13584369418234613,0.7758703099666557
1988-06-16,-0.07999544031723563,0.7328770992652802
1988-06-17,-0.415691681143628,0.5853044247921222
1988-06-18,-0.3799434545137277,0.2347409927897111
1988-06-19,-0.7205128640494532,-0.0414702326032591
1988-06-20,-0.8993652866271897,-0.28612464117194236
1988-06-21,-1.1536430901294756,-0.21387216860965813
1988-06-22,-1.1038037725778924,-0.12694666509310001
1988-06-23,-1.1124771822103328,0.0971216873377019
1988-06-24,-1.1002492165418554,0.0023050583903114776
1988-06-25,-1.2299574259904693,0.04168725005505232
1988-06-26,-1.149168286180602,-0.10708369786325808
1988-06-27,-0.8933794064553533,-0.28618067767779926
1988-06-28,-0.6464516514415739,-0.6397756123762528
1988-06-29,-0.4722276377238767,-0.7194687077332874
1988-06-30,-0.620956240966021,-0.919810986967012
1988-07-01,-0.7804342424909231,-1.0904953233577428
1988-07-02,-0.6655253621887439,-0.9212756723676871
1988-07-03,-0.3966016466187771,-1.059329051488752
1988-07-04,-0.2511480723996683,-0.9666281492991438
1988-07-05,-0.08037473150614438,-0.5537323767046988
1988-07-06,0.06347705887096676,-0.33544332325168297
1988-07-07,0.0936671891375517,0.038936389817756684
1988-07-08,0.1195373417105007,0.19780992143676573
1988-07-09,0.13504361749656424,0.03044287121989494
1988-07-10,-0.13719656847570974,-0.2498504391377888
1988-07-11,-0.24497409313318877,-0.47971878226714876
1988-07-12,0.0015450888860359465,-0.5744208980661506
1988-07-13,0.06012858536277825,-0.465376830983942
1988-07-14,0.1483184374843215,-0.484084318210437
1988-07-15,0.45623692138148,-0.6278783762735424
1988-07-16,0.8052063438211808,-0.2345173608722933
1988-07-17,1.1352120522531528,0.0870736657966101
1988-07-18,1.2089233740313001,0.2091073649463303
1988-07-19,1.1000282347934456,0.42683755880731555
1988-07-20,1.1751706801504358,0.5635151270428724
1988-07-21,1.1256264616888416,0.6363465714424854
1988-07-22,0.9566295563220507,0.7636350355187873
1988-07-23,0.4595087821118087,0.7770939545338396
1988-07-24,0.10677308857790176,0.8367308687303513
1988-07-25,-0.065694591427774,0.5756022930114153
1988-07-26,-0.23398301401394195,0.5055102083215115
1988-07-27,-0.20605354098391393,0.4018046834288763
1988-07-28,-0.16457259390332324,0.04039495956488826
1988-07-29,-0.13461508891718565,0.04255375843565687
1988-07-30,0.06688952432308684,0.09602931839382074
1988-07-31,0.3133472866862158,-0.06349502317968596
1988-08-01,0.34959281021958294,-0.2638794817497138
1988-08-02,0.3289968829575563,-0.47513986418432974
1988-08-03,0.30469876167780474,-0.5384276840834028
1988-08-04,0.16376314830478592,-0.5579721457882638
1988-08-05,-0.23105128707145628,-0.6854552240251005
1988-08-06,-0.3900562313528065,-0.5445962763333491
1988-08-07,-0.32676663076098245,-0.528453016575426
1988-08-08,-0.3768931238042665,-0.5294174744968991
1988-08-09,-0.3866132697124262,-0.4964163752272051
1988-08-10,-0.3892543494853349,-0.6036813768540574
1988-08-11,-0.3865774443990465,-0.9034775511416717
1988-08-12,-0.44219210547270843,-1.0866645579589223
1988-08-13,-0.13419589456989853,-1.122907022460742
1988-08-14,-0.19573139880587645,-1.1974915584513224
1988-08-15,-0.06052011885351401,-1.2178488693134213
1988-08-16,-0.07858530824735831,-1.179899817487731
1988-08-17,-0.06715755073340694,-1.322338808387622
1988-08-18,0.0854661343586592,-1.2018452747306716
1988-08-19,-0.12827316175707584,-1.201877241201166
1988-08-20,-0.3155922884056676,-1.1953432660822692
1988-08-21,-0.4417105042411453,-1.183345507953348
1988-08-22,-0.6679319062124907,-0.9839540392730192
1988-08-23,-0.8332646363765974,-0.92908694261288
1988-08-24,-1.0817260696776385,-0.9736730158670881
1988-08-25,-1.1401519569623133,-1.1720067039234148
1988-08-26,-1.1847604095216366,-1.1074688405301667
1988-08-27,-1.3632361394086039,-1.1941954240637171
1988-08-28,-1.1918697023983589,-1.2101074863685144
1988-08-29,-1.1066425108985551,-1.373402646575578
1988-08-30,-1.0004520876101495,-1.6397376667673402
1988-08-31,-0.8720087656776309,-1.605938893750181
1988-09-01,-0.66135324118498,-1.6459238496424409
1988-09-02,-0.6448739009651145,-1.5582735239309953
1988-09-03,-0.5799369222666636,-1.4314244037412405
1988-09-04,-0.5977842875824516,-1.1090165216990184
1988-09-05,-0.8426424195378222,-0.8747228263964277
1988-09-06,-1.0431910630234227,-0.7512255007484735
1988-09-07,-1.006347408415205,-0.7678322774706385
1988-09-08,-0.8131812608047346,-0.8486741789975555
1988-09-09,-0.7861622034420507,-0.94705388752013
1988-09-10,-0.6692023817372715,-0.8227670626221744
1988-09-11,-0.600591946104226,-0.5719389101402339
1988-09-12,-0.35684063438353586,-0.21022798496587156
1988-09-13,-0.18155113243371526,0.12033083215024881
1988-09-14,-0.16001726095513225,-0.008126352838201734
1988-09-15,0.18816294506475514,-0.13925009909297673
1988-09-16,0.5345566621717497,-0.46183875015904363
1988-09-17,0.575365634456667,-0.7516116633459399
1988-09-18,0.6409432792543008,-0.8490481235904482
1988-09-19,0.9138257257434665,-0.6910241771601607
1988-09-20,1.4510301166496422,-0.7074600496358869
1988-09-21,1.7504316457810425,-0.42448354236495645
1988-09-22,2.0835838810737424,-0.16863608042024092
1988-09-23,2.014342847097876,-0.16760715364852402
1988-09-24,1.9435639407467384,-0.21486429825938722
1988-09-25,1.8374125333120586,-0.0606758422502148
1988-09-26,1.7765467971994755,0.08488856029471849
1988-09-27,1.6572575339431204,0.322585314256472
1988-09-28,1.5288097703069548,0.5882119790643316
1988-09-29,1.3431411742753918,0.9030357687839738
1988-09-30,1.401243192236354,1.2492515962299304
1988-10-01,1.5993936685144565,1.410659463412955
1988-10-02,1.2599888551486038,1.4818909029942755
1988-10-03,1.1101974625400675,1.9347227313457998
1988-10-04,0.880438472782215,2.157421625692997
1988-10-05,0.6342143533115066,2.4731256830238215
1988-10-06,0.5648537337312899,2.5022498854148787
1988-10-07,0.33955931329364414,2.2691469344767268
1988-10-08,0.284894078313404,1.7903396509788199
1988-10-09,0.16472375002216474,1.4081461212899693
1988-10-10,0.17804644139773912,1.2285879400636515
1988-10-11,0.12187937688428836,0.7483531660962186
1988-10-12,0.17686701748961753,0.5217752671359036
1988-10-13,0.45853082515424126,0.3593493882405632
1988-10-14,0.6966789823493661,0.6435908824636184
1988-10-15,0.6434298732219101,0.9462591845583657
1988-10-16,0.7164178638142679,1.150183444670121
1988-10-17,0.6849246652693581,0.9482806542639873
1988-10-18,0.30498246946261376,0.8880097945002094
1988-10-19,-0.08632314644336149,0.9366256008817525
1988-10-20,-0.1658341580249714,0.8264884167780079
1988-10-21,-0.36518304030514026,0.41235572653640806
1988-10-22,-0.569517689006401,0.5186742990908031
1988-10-23,-0.5756470882662635,0.5566666086581527
1988-10-24,-0.5407025961583536,0.4660800639364257
1988-10-25,-0.525348097536051,0.6216988078469423
1988-10-26,-0.42529873419020575,0.7220115921186001
1988-10-27,-0.5371126421741234,0.49309874152176325
1988-10-28,-0.33384468545267265,0.210680968258893
1988-10-29,-0.18449142743046648,0.13065097068414508
1988-10-30,-0.3247524751429364,0.13454889393958763
1988-10-31,-0.3797708585588682,0.0355489291013179
1988-11-01,-0.2127283141143282,0.044503679145964155
1988-11-02,-0.10370974191802768,-0.04720498299564889
1988-11-03,-0.17452374446060204,-0.03368891156505619
1988-11-04,-0.16498822003818334,0.2535787231025737
1988-11-05,-0.18665907994384273,0.4104609157854238
1988-11-06,-0.05182554439207093,0.6454231357176974
1988-11-07,0.27676577330127505,0.896334316337767
1988-11-08,0.3673727080338923,0.8574421306688286
1988-11-09,0.5730216459343834,1.030673863302173
1988-11-10,0.40241091233519394,0.9756748773248934
1988-11-11,0.20933127068789553,0.7703845846682763
1988-11-12,-0.13097155689572315,0.5987400202580146
1988-11-13,-0.30316238066730516,0.4336486660465843
1988-11-14,-0.2054481610206413,0.17688316641600552
1988-11-15,-0.20935764296643228,-0.02222175246976106
1988-11-16,-0.23587670542728215,-0.11253844676515372
1988-11-17,0.003215005961043125,-0.15646982744562768
1988-11-18,0.1934876234654771,-0.07022022606627744
1988-11-19,0.5858275316167024,0.06247150838539317
1988-11-20,0.9474110948240586,0.2909633342647906
1988-11-21,1.050134145638437,0.2866404985331278
1988-11-22,1.119326191393871,0.47859987304301493
1988-11-23,1.020189863766064,0.6129457622618684
1988-11-24,0.659434400970374,0.7346795068216393
1988-11-25,0.2788679776851036,0.9245361588659392
1988-11-26,0.09347176272188937,1.087107265061874
1988-11-27,-0.21903873736929944,1.1205921552447162
1988-11-28,-0.6437991509020128,1.1608192337323286
1988-11-29,-0.9110848005102342,1.1470739896698072
1988-11-30,-0.847919835643198,0.9911922959240737
1988-12-01,-0.8891357855568831,0.6204126394497598
1988-12-02,-1.2280245530061784,0.39896720629469773
1988-12-03,-1.3543939072907998,0.14100732223709997
1988-12-04,-1.0973607673262913,0.04689316459167968
1988-12-05,-0.906611151640352,-0.3106808900562759
1988-12-06,-0.5648585191144527,-0.3807116044258302
1988-12-07,-0.24935996510538302,-0.13267207617840848
1988-12-08,-0.16756045946118156,-0.024191801499063074
1988-12-09,-0.4141694969826001,0.07225071365992894
1988-12-10,-0.3268953213659991,0.5025025395218252
1988-12-11,-0.3802346714629844,1.0032269157246159
1988-12-12,-0.5104832753322558,1.1712985588139022
1988-12-13,-0.4461998601699114,1.0522650586534867
1988-12-14,-0.6975748312570225,0.6356986617622576
1988-12-15,-0.703508749091198,0.252752212727677
1988-12-16,-0.8518887174637132,0.061271102266145565
1988-12-17,-0.6946829156858032,0.3713384254731404
1988-12-18,-0.5469004261601993,0.5776580648020336
1988-12-19,-0.4043057110346614,0.44275520167195515
1988-12-20,-0.4171407771213821,0.20871761698872038
1988-12-21,-0.3737720626250595,0.05660180920981885
1988-12-22,-0.5153020430952328,0.2529670474060982
1988-12-23,-0.6398013545877894,0.500140824345886
1988-12-24,-0.7068392782294738,0.35365564649811404
1988-12-25,-0.867080631854314,0.11470860109201024
1988-12-26,-1.0301482965059061,-0.04126333908112725
1988-12-27,-1.2122762450758413,-0.4435000106800958
1988-12-28,-1.445223430375112,-1.0049083625845445
1988-12-29,-1.327833471462451,-1.209456943169533
1988-12-30,-1.152509926316883,-1.4186547749327603
1988-12-31,-1.0873277027126123,-1.5963800637379764
1989-01-01,-1.1036978365960322,-1.6346554016964736
1989-01-02,-1.0939840456395127,-1.7913162093382313
1989-01-03,-1.040195858186664,-1.7838630962058142
1989-01-04,-0.7578101400753132,-1.7260328899036566
1989-01-05,-0.7112852514913227,-1.5101954433673783
1989-01-06,-0.6176145419128274,-1.4294138002031094
1989-01-07,-0.6032362679755878,-1.4306073199216907
1989-01-08,-0.4565216092554835,-1.5969022787071923
1989-01-09,-0.09218771669588041,-1.9501273417300715
1989-01-10,0.16533782208308928,-1.9947270607754344
1989-01-11,0.45823688540968094,-2.267911357308519
1989-01-12,0.7156786629853653,-2.7107392744362118
1989-01-13,0.8648280985521566,-3.054765332019938
1989-01-14,1.0524733500676233,-3.180882517015838
1989-01-15,1.4320423633773418,-3.1174344596833787
1989-01-16,1.7596309861529773,-2.9609944901421748
1989-01-17,2.009510318612902,-2.512009709106495
1989-01-18,2.0830985994602105,-2.044931847675452
1989-01-19,1.9220142740786694,-1.5118441262428226
1989-01-20,1.8415087583271854,-0.8307170139925857
1989-01-21,2.0862913971080306,-0.5513177710752121
1989-01-22,2.002577792233883,-0.3465499647625496
1989-01-23,1.7662414810981049,0.08761763845376552
1989-01-24,1.6928406315214866,0.5484537761190238
1989-01-25,1.7142665269689308,1.0422012445147915
1989-01-26,1.6311081441057305,1.3498267051781119
1989-01-27,1.4867723573617173,1.7653122999775641
1989-01-28,1.267109144527626,1.8733678760389811
1989-01-29,0.6453149391362739,1.947691967004316
1989-01-30,0.03522829933998422,2.072406657957535
1989-01-31,-0.2676616489453528,1.9284392438099573
1989-02-01,-0.3414644276895455,1.6613811407740737
1989-02-02,-0.4465760802866526,1.2867690750088665
1989-02-03,-0.4470617700041306,1.0678573823352717
1989-02-04,-0.3534060446826954,0.9555340639232153
1989-02-05,-0.38967321136589905,0.8318323645350946
1989-02-06,-0.7532970094452689,0.658031634184073
1989-02-07,-0.9079556955178696,0.4677685697693634
1989-02-08,-0.9980715150052325,0.25224184595675786
1989-02-09,-0.8229661452957496,0.6006044292320413
1989-02-10,-0.7726419256024402,1.0640382484213207
1989-02-11,-0.5860712436150254,1.1372152223005367
1989-02-12,-0.5552716692066328,0.8190761246824526
1989-02-13,-0.6120558992378556,0.8083602391762462
1989-02-14,-0.627989143202007,0.7118333014967462
1989-02-15,-0.6436023300400016,0.6588174979319597
1989-02-16,-0.43754571428763617,0.5563620290267741
1989-02-17,-0.25831615384037526,0.17742121906390446
1989-02-18,-0.22952564670619952,-0.26404756428822784
1989-02-19,-0.07875794647488056,-0.46193379277203417
1989-02-20,0.07807838280097651,-0.5364572967398256
1989-02-21,0.34000365648058367,-0.5243096088387309
1989-02-22,0.7946755005243619,-0.4197224827034028
1989-02-23,1.322279594194161,-0.24968005670633073
1989-02-24,1.6190415500862951,0.015841976386347902
1989-02-25,1.2983295589811037,-0.009311227398665507
1989-02-26,0.978162910962686,0.07020569905987442
1989-02-27,0.7893707210014409,0.24765717039463978
1989-02-28,0.49234835321041537,0.3940873196091394
1989-03-01,0.23909465006478173,0.5053451860364385
1989-03-02,0.09312241564303982,0.8118695195647523
1989-03-03,-0.11930416565191586,0.8960841940619462
1989-03-04,-0.30017671971932686,0.9146732449469808
1989-03-05,-0.6212139136856248,0.7446328710487041
1989-03-06,-0.7024698430927148,0.6359559837337897
1989-03-07,-0.6733715701296837,0.7868379351325676
1989-03-08,-0.5896299207140251,0.5996656001439898
1989-03-09,-0.37118666695718056,0.5361574216315893
1989-03-10,-0.1384285203641447,0.5268026034898741
1989-03-11,-0.10079554678111864,0.4496617965661129
1989-03-12,0.07541450497981736,0.4832283225590028
1989-03-13,-0.1904901370975783,0.5185638869688308
1989-03-14,-0.4368361850936419,0.29113616313980095
1989-03-15,-0.7389441166925871,-0.0028544147581025512
1989-03-16,-0.7982840076943567,-0.16075038029011304
1989-03-17,-0.8342500703686037,-0.3083816641032045
1989-03-18,-0.9147180619288922,-0.39868933295908593
1989-03-19,-1.0452786953584547,-0.4050899486280211
1989-03-20,-1.1017115932209343,-0.4249365186462898
1989-03-21,-1.3299581379499068,-0.44311756507954536
1989-03-22,-1.2465983670617937,-0.8928747584725457
1989-03-23,-1.0002129099645172,-1.1635543529844097
1989-03-24,-0.7335945351733947,-1.3306117889177147
1989-03-25,-0.30987674778943686,-1.387949424970379
1989-03-26,0.042945639330956104,-1.6649324811693096
1989-03-27,0.21772732174743495,-1.9830793012309789
1989-03-28,0.23736868360304628,-2.026682897129872
1989-03-29,0.19319373391033393,-2.0776124064102075
1989-03-30,0.29723469063727126,-2.0430640318059243
1989-03-31,0.6878492688745369,-2.019390159509602
1989-04-01,0.9159647632701147,-1.8081217531036957
1989-04-02,0.9727201424413003,-1.5713011678970923
1989-04-03,1.046382983459792,-1.197248363438975
1989-04-04,1.2451641180230169,-0.926464392990098
1989-04-05,1.1700971694529783,-0.9625176114632139
1989-04-06,1.1612850299836655,-0.8819960244964004
1989-04-07,1.3815977741481424,-0.70538990616135
1989-04-08,1.4806453117381015,-0.5236866897991953
1989-04-09,1.3858164063115006,-0.40780837587997193
1989-04-10,1.26045124375839,-0.15762258470303195
1989-04-11,1.05639942302101,0.1941799535611601
1989-04-12,1.0017338669491165,0.4553819156332581
1989-04-13,0.7835867823262688,0.5917736819011745
1989-04-14,0.7234887030155096,0.8235171123700485
1989-04-15,0.5893881315308466,1.0037847679350376
1989-04-16,0.552003830583501,1.1769775917195644
1989-04-17,0.42106745563249526,1.213471545472749
1989-04-18,0.22377040755281977,1.1512618091083298
1989-04-19,-0.049202352971488554,1.100133024748696
1989-04-20,-0.011455938671081066,1.178299008982519
1989-04-21,-0.19064230875211682,1.3267741591731677
1989-04-22,-0.4030175618447638,1.508656393253419
1989-04-23,-0.5906012735560048,1.3241822531778888
1989-04-24,-0.7879754928100399,1.3268700758811796
1989-04-25,-0.6666494886908509,1.2315368301046208
1989-04-26,-0.8329835376378923,1.1064862485902573
1989-04-27,-0.8701385461702854,1.2511987246975487
1989-04-28,-1.0495313984365806,1.2921280214715842
1989-04-29,-1.2337083571189857,0.9135355559720963
1989-04-30,-1.3250590073294675,0.41587006693072653
1989-05-01,-1.2607297891080322,-0.18886801209777362
1989-05-02,-1.2812920883611414,-0.5051617882829076
1989-05-03,-1.2585713397195255,-0.6678411711676072
1989-05-04,-1.2839063451048813,-0.985796730069372
1989-05-05,-1.2816205839068024,-1.0768478518686824
1989-05-06,-1.0695238974163728,-1.1632958236633102
1989-05-07,-0.7102924889436931,-1.2901869472909484
1989-05-08,-0.584146926387053,-1.2860817912608256
1989-05-09,-0.41863195931832814,-1.2386669509493273
1989-05-10,-0.2555286239038389,-1.17191809450989
1989-05-11,-0.14353940524252734,-1.1003561361485865
1989-05-12,0.16118795690737073,-0.8433330238466962
1989-05-13,0.45226483190685945,-0.4828648641732553
1989-05-14,0.8667258131865628,-0.27010381419844853
1989-05-15,1.127527090586404,0.09106593896206094
1989-05-16,1.331119558904202,0.5141554735401602
1989-05-17,1.3022899212097083,1.0059063072065753
1989-05-18,1.3579032691460846,1.3026676770852645
1989-05-19,1.1803143849014697,1.5401711064666248
1989-05-20,0.7818175940626446,1.6992181730551852
1989-05-21,0.49888882290693665,1.6692929023065715
1989-05-22,0.19218962388054972,1.396362782673311
1989-05-23,-0.063710536411363,1.5645947174711192
1989-05-24,-0.03410305434049744,1.4612340938191422
1989-05-25,0.055128797809335474,1.373046990332116
1989-05-26,-0.010992290919943184,1.339787364161681
1989-05-27,-0.11981584979133578,1.3088331273074232
1989-05-28,-0.05107783274640697,1.049278790430346
1989-05-29,-0.13967628214143232,0.7196377487170109
1989-05-30,-0.06646117377999824,0.25215149134964393
1989-05-31,-0.18548177474596322,-0.16064992131073233
1989-06-01,-0.11696421878239739,-0.2037954212985516
1989-06-02,0.11381383682848722,-0.22351481678583754
1989-06-03,0.1925559187930702,-0.07928109997748775
1989-06-04,0.2653434145341703,-0.1766949797073793
1989-06-05,0.671251957694282,-0.07583860284950844
1989-06-06,0.9860365244973238,-0.06478903837621841
1989-06-07,1.1086817335013592,-0.04841287229068093
1989-06-08,1.3141604497883306,0.08759568540751123
1989-06-09,1.3843951026344714,-0.16715831181266583
1989-06-10,1.314129303865566,-0.39145669960186696
1989-06-11,1.1404443368897126,-0.3950437694547624
1989-06-12,0.9123890215290434,-0.179467542555214
1989-06-13,0.6418181571552662,0.15124381206203838
1989-06-14,0.523474131915966,0.08829030137376538
1989-06-15,0.28370038678721704,0.18112398302993843
1989-06-16,0.03803164544305035,0.07714566939919737
1989-06-17,-0.41675994781353154,-0.003517894186823788
1989-06-18,-0.6722459880428213,0.06497448967150796
1989-06-19,-0.8035751937850825,0.09051168439237656
1989-06-20,-0.7417506335619105,0.23076771031350526
1989-06-21,-0.9087627457339144,0.2330872605038351
1989-06-22,-1.202130351385258,0.2560522176532655
1989-06-23,-1.1479565937183596,0.06877640029629234
1989-06-24,-1.0356827756331817,-0.2330523048647416
1989-06-25,-0.9209374954462973,-0.5533206268468297
1989-06-26,-0.7252713930452644,-0.8111431252438199
1989-06-27,-0.2615719121986283,-0.9182410002770509
1989-06-28,0.0331921383886453,-1.0847662469542165
1989-06-29,-0.2142929525879737,-0.9540270375651624
1989-06-30,-0.0021782933930368322,-0.9745430298208199
1989-07-01,-0.07586632080111207,-1.0178423488582249
1989-07-02,0.03200579687645328,-1.0723634004876583
1989-07-03,-0.025570187007756387,-1.1890050576024698
1989-07-04,-0.20299170066619399,-1.1007921153778468
1989-07-05,-0.20483618361739092,-0.8957847418987347
1989-07-06,-0.1771511004174759,-0.8416729950623586
1989-07-07,-0.17849474089183798,-0.8014406403004426
1989-07-08,-0.028907247733526868,-0.452174302887588
1989-07-09,0.3162447915319372,-0.3498162476266632
1989-07-10,0.4180930468849701,-0.3817414699453642
1989-07-11,0.2692076524832848,-0.39794636950384094
1989-07-12,0.3776054839161546,-0.3739922694264506
1989-07-13,0.33772600266349745,-0.2514217103691744
1989-07-14,0.584484323121552,0.27860203507136194
1989-07-15,0.7961518701789625,0.9129803040888013
1989-07-16,0.5598474192789926,1.328426913358585
1989-07-17,0.26936772198663367,1.4400694777469878
1989-07-18,-0.010790058514704486,1.3486807471262943
1989-07-19,-0.19328000441588525,1.4090089799377494
1989-07-20,-0.3376441854575066,1.5295004481805075
1989-07-21,-0.5332693689795243,1.317431546300025
1989-07-22,-0.5070932274498495,1.0981777573777836
1989-07-23,-0.6124368565042334,0.9893614749155206
1989-07-24,-0.8319827703080129,1.086585547196269
1989-07-25,-1.0376953036842658,0.994943799083188
1989-07-26,-0.8530956913791294,0.6705544403398672
1989-07-27,-0.6460449324877929,0.16011361488755918
1989-07-28,-0.4851562187997867,0.016575118323959342
1989-07-29,-0.19437108664624153,-0.033676160256703544
1989-07-30,0.11489708833410706,0.1427531680403771
1989-07-31,0.23081190050792671,0.13739765234395343
1989-08-01,-0.08644954377476158,-0.0029992394948530703
1989-08-02,-0.22804446451634325,0.05208470753397651
1989-08-03,-0.4535482576076651,0.15686050826204226
1989-08-04,-0.12938562030130799,0.2079909848656804
1989-08-05,0.13190898885066082,0.38134658333363486
1989-08-06,0.10448697637132652,0.5486032413393191
1989-08-07,-0.09573952693614819,0.5299325336915546
1989-08-08,-0.11712565484869955,0.2384964604307515
1989-08-09,-0.13568018968456141,0.2696075540175311
1989-08-10,-0.10857605269474961,0.1510313196279773
1989-08-11,-0.05283811019044005,0.4160421653333901
1989-08-12,-0.1262922629525801,0.5539913966108937
1989-08-13,-0.15807587614193408,0.4721222917000809
1989-08-14,-0.20974031903131293,0.5729587294688139
1989-08-15,0.03423974662013038,0.7231618848702948
1989-08-16,-0.04140982833795002,0.8563948953393234
1989-08-17,-0.41867708103131634,1.1207327063488215
1989-08-18,-0.5164141205443248,1.1239610500942445
1989-08-19,-0.6314337724575326,1.0546225882074558
1989-08-20,-0.7279761130114022,0.6653110845508567
1989-08-21,-0.6360240957468812,0.14898555160615173
1989-08-22,-0.3568688746512872,-0.0040232088394795895
1989-08-23,-0.2089344509166646,-0.2309155387646585
1989-08-24,0.11792083208637372,-0.3000688686263778
1989-08-25,0.28296057863053453,-0.6668672545179042
1989-08-26,0.14521358850442792,-0.6866205735782415
1989-08-27,0.24279970154818872,-0.7400239490935543
1989-08-28,0.3439376958852015,-0.6804183402307661
1989-08-29,0.15473922851115632,-0.7569926081674785
1989-08-30,0.18193640689695675,-0.6011899970893911
1989-08-31,0.043060784326497376,-0.5147800228181377
1989-09-01,-0.18027532358047044,-0.5889686315073258
1989-09-02,-0.39237641432759296,-0.7917293790513044
1989-09-03,-0.5244199238963017,-0.8243300617220841
1989-09-04,-0.5479992122359542,-0.8392379778504698
1989-09-05,-0.5157223737298808,-0.6599011752141625
1989-09-06,-0.5388773292495941,-0.3890192204690401
1989-09-07,-0.6678920249797275,-0.3038048203617743
1989-09-08,-0.4619632425125921,-0.1542971575594192
1989-09-09,-0.3094745986540821,-0.0072138903043382835
1989-09-10,-0.01924423440865039,-0.036821661175620794
1989-09-11,0.13014200802655201,-0.03611981720799247
1989-09-12,0.39454586843213046,-0.23659853164677644
1989-09-13,0.4831276394952671,-0.30631073966623196
1989-09-14,0.3872004621178502,-0.35978843345147465
1989-09-15,0.015783930830924744,-0.637361648012752
1989-09-16,-0.24361715079027377,-0.9554522186865438
1989-09-17,-0.5026326727421045,-1.458668997305986
1989-09-18,-0.5602961951614908,-1.6017026228936353
1989-09-19,-0.5741641111680134,-1.874622650031596
1989-09-20,-0.6351018782404813,-2.022212932101293
1989-09-21,-0.40130076543443716,-2.101712150903621
1989-09-22,-0.1800902149282574,-1.973475404633606
1989-09-23,0.11795769748014814,-1.981709391077188
1989-09-24,0.3268109778129429,-2.0320464186938323
1989-09-25,0.18771558742191238,-2.0040143179840655
1989-09-26,0.2911070316863956,-1.9253329076459715
1989-09-27,0.508060073458655,-1.6712811981707603
1989-09-28,0.5914541801616684,-1.5533051215915485
1989-09-29,0.25215772012839976,-1.52611570301608
1989-09-30,0.11380623896997699,-1.2133555434362595
1989-10-01,0.2079644638477577,-1.00390672170545
1989-10-02,0.32132830712735183,-0.7452280054122901
1989-10-03,0.5941081469959294,-0.48244848538685225
1989-10-04,0.83688974934776,-0.2727398620014973
1989-10-05,0.9760240650524051,-0.1316232596157856
1989-10-06,0.9829679357858844,-0.1972229666505065
1989-10-07,1.1119077524778058,-0.1328466834704907
1989-10-08,1.0643617348677756,-0.23971968806048197
1989-10-09,1.2500903866687658,-0.2190022252864181
1989-10-10,1.769558933518805,-0.2593706810977453
1989-10-11,1.8123813299551745,-0.3980835173573165
1989-10-12,1.6673630161510682,-0.4876632388041672
1989-10-13,1.632601371783209,-0.2542839199285316
1989-10-14,1.4884228018591492,-0.1221636045659506
1989-10-15,1.1474274762967784,0.038897382685367646
1989-10-16,0.844270166785248,0.05756835055805799
1989-10-17,0.707859086421249,0.3786852835433886
1989-10-18,0.7274050242317156,0.506173132005761
1989-10-19,0.8871325137986127,0.735132702165033
1989-10-20,0.8880104089856613,0.9205340033308969
1989-10-21,0.8041963837236125,0.8009852604190268
1989-10-22,0.9176784300366794,0.9125280299461707
1989-10-23,1.0097498475452917,1.4716543701583278
1989-10-24,1.0651210877641726,1.8851823724232817
1989-10-25,0.9759516363945487,2.111840019240427
1989-10-26,0.6094370626172175,2.3348041438311657
1989-10-27,0.16030011193838872,2.126783720583008
1989-10-28,-0.30164674383828877,1.5853728269838145
1989-10-29,-0.7821295161785019,1.1409096225770679
1989-10-30,-0.8345892947885863,0.8969149589488621
1989-10-31,-0.6975940506132157,0.5829072283318382
1989-11-01,-0.5071772451920977,0.6983004249302901
1989-11-02,-0.40488566392496367,0.9323568014289043
1989-11-03,-0.1294304325992896,1.120804180453433
1989-11-04,-0.21868829378030763,1.0443789462559276
1989-11-05,-0.4229162379436998,1.015871743809789
1989-11-06,-0.5698440595109456,1.1200914397037702
1989-11-07,-0.7033155364585644,1.0112064944748047
1989-11-08,-0.7846730890979041,0.8416167815721147
1989-11-09,-0.8098077250829829,0.6242757269062718
1989-11-10,-0.6021545526897852,0.4333230978825688
1989-11-11,-0.21880447871789907,0.22265829643845242
1989-11-12,0.12347725278950868,0.5121301422258022
1989-11-13,0.23071357882899132,0.9045095282943987
1989-11-14,0.1933683938133068,1.0086714306971085
1989-11-15,0.01684271873372258,1.0115306750571975
1989-11-16,-0.15517466132380103,1.1495188355173145
1989-11-17,0.147317119601969,1.0957567987678822
1989-11-18,0.1982454197599342,1.222741214030107
1989-11-19,0.0932693602698962,1.3771365392165351
1989-11-20,0.26031510880531056,1.4929204222743198
1989-11-21,0.3819422094380023,1.6011909959141324
1989-11-22,0.23808692507694712,1.7749422668382082
1989-11-23,0.051038664601180846,1.8642089792240752
1989-11-24,-0.512819124055903,1.7957288928110688
1989-11-25,-1.0908100099560243,1.5568748263636347
1989-11-26,-1.3587756989359316,1.3558183664708725
1989-11-27,-1.7854312121115787,1.2207326509986054
1989-11-28,-2.2946887271587078,0.8643992170219513
1989-11-29,-2.600084843457398,0.5422289248307944
1989-11-30,-2.6421277132310985,0.2780741096291868
1989-12-01,-2.554671272770858,0.07549172722918468
1989-12-02,-2.439867092720446,-0.22884836019785343
1989-12-03,-2.1139490868437987,-0.42287285995112517
1989-12-04,-1.5335384526023914,-0.25514483258056464
1989-12-05,-1.086128281236025,-0.19004176026489866
1989-12-06,-0.9056480741687432,-0.09150010152720732
1989-12-07,-0.8857142967383939,-0.1664506029462709
1989-12-08,-1.0052343911659074,-0.4490496186266823
1989-12-09,-1.3525006769090897,-0.8124699156287744
1989-12-10,-1.5429402888685617,-1.0932820432248136
1989-12-11,-1.4200646813106812,-1.2243456654021898
1989-12-12,-1.3681480944397153,-1.1188973752779738
1989-12-13,-1.335814143791168,-0.8031714523112603
1989-12-14,-1.1635814542090102,-0.7017796451310551
1989-12-15,-1.0908656709511138,-0.6731053872143488
1989-12-16,-0.9311231309230474,-0.6513286833532221
1989-12-17,-0.8545451237118111,-0.737750872946276
1989-12-18,-0.6822147871718077,-1.0918881700180394
1989-12-19,-0.5331636301026259,-1.5313367951862866
1989-12-20,-0.41137162195163135,-1.6471317041095455
1989-12-21,-0.26752836662113866,-1.7169555414104964
1989-12-22,-0.327090896716015,-1.6924383903790088
1989-12-23,-0.46702335895363983,-1.8029777969982805
1989-12-24,-0.1267289569865754,-1.8919899596386183
1989-12-25,0.4394235656586867,-2.0703543455685973
1989-12-26,0.8422239536731151,-1.89970696846636
1989-12-27,0.930928831770924,-1.8569295269920338
1989-12-28,1.1560918658591164,-1.6857882616821673
1989-12-29,1.3325793621184927,-1.6455246086001722
1989-12-30,1.1477026849002827,-1.767407272716938
1989-12-31,1.2794398411556878,-1.9301671921936656
1990-01-01,1.3771560676661527,-1.9664761414312995
1990-01-02,1.6120161989686144,-1.8607293127926663
1990-01-03,1.8550073302258252,-1.4950377089220535
1990-01-04,2.0814189684008917,-1.4973108632509005
1990-01-05,2.3295911742921667,-1.2158987147570097
1990-01-06,2.150268127644297,-0.9006078407045569
1990-01-07,1.75762549890426,-0.7894929536016541
1990-01-08,1.7205608561340853,-0.6205834068172148
1990-01-09,1.3804040655862855,-0.5391197084816202
1990-01-10,1.291455702167395,-0.8666819102781916
1990-01-11,1.2917311735054595,-0.8620039125034499
1990-01-12,1.4293237553950702,-0.6371924760906921
1990-01-13,1.9016156771926547,-0.23879858677399562
1990-01-14,1.9637553771354332,0.21900520168775559
1990-01-15,1.9400161930744564,0.6445936407296807
1990-01-16,1.6654515966446721,1.053121194980461
1990-01-17,1.4275546033610136,1.3922424031502807
1990-01-18,1.1544509565163141,1.4936005065617195
1990-01-19,0.5494497527623634,1.5648175113177887
1990-01-20,0.40733711784623533,1.623179227251564
1990-01-21,0.34814537211999586,1.4909215933030004
1990-01-22,0.3225714162917613,1.4111662509261074
1990-01-23,0.47336649494227756,1.432039230502804
1990-01-24,0.5424074625938093,1.574563637023266
1990-01-25,0.46857854968756196,1.7845258827573138
1990-01-26,0.32483606801523013,2.141316493640413
1990-01-27,0.20447521187753195,2.288356480969437
1990-01-28,-0.3414046192945204,2.381783739449072
1990-01-29,-0.8958411870611515,2.2591046323961463
1990-01-30,-1.077738423637237,1.8246741387907752
1990-01-31,-1.2890855125563572,1.2968391106146941
1990-02-01,-1.4882094198942262,0.9436169713888656
1990-02-02,-1.444979421301155,0.5496594642548501
1990-02-03,-1.2490405611165212,0.7288737659931045
1990-02-04,-1.262324477856109,0.8382886589328488
1990-02-05,-1.5163665575807248,0.8756945715248234
1990-02-06,-1.6570459468653314,0.679413651125455
1990-02-07,-1.8354371066226463,0.44337887306791673
1990-02-08,-2.026451705001149,0.13882901086473043
1990-02-09,-2.025075474603113,-0.33901046126601525
1990-02-10,-1.9619156505904316,-0.4479805106402534
1990-02-11,-1.8376489166687224,-0.5576925216413455
1990-02-12,-1.741083453661732,-0.6849794860292513
1990-02-13,-1.8865255779392023,-0.9807244215539092
1990-02-14,-1.7117481975889939,-1.4315613279968054
1990-02-15,-1.4534725675253957,-1.9001600998102037
1990-02-16,-1.175157373390893,-2.2135645268644963
1990-02-17,-1.1238200354056118,-2.1832524545644305
1990-02-18,-0.8796589241025671,-2.035891475106463
1990-02-19,-0.41264434682629136,-1.8217618324781375
1990-02-20,-0.28675845933587324,-1.6983593147239737
1990-02-21,-0.34097209267401246,-1.8146110338230679
1990-02-22,-0.24164849673996064,-1.9042517745190926
1990-02-23,-0.16770104547591136,-2.0230027917791142
1990-02-24,0.12254455446875617,-1.8591547704580196
1990-02-25,0.46060720437840313,-1.5220403811016943
1990-02-26,0.9187017729841885,-1.2252439984503198
1990-02-27,1.245675157387271,-0.9312070941637051
1990-02-28,1.3179447488837615,-0.7505227457892886
1990-03-01,1.1829368406141405,-0.47754618364864754
1990-03-02,1.4057084949470071,-0.2956452176136502
1990-03-03,1.9901923741826282,-0.004085391201527372
1990-03-04,2.329123468333411,0.26755565949796023
1990-03-05,2.263934285945672,0.5181955975433434
1990-03-06,2.4743109747583034,0.9953880327287269
1990-03-07,2.666315753307225,1.4847594516669118
1990-03-08,2.3520094939451326,1.8374873499334192
1990-03-09,2.0761650797351376,2.1304204138134364
1990-03-10,1.8782356801352766,2.3135739997496065
1990-03-11,1.7108592458913672,2.629144206549397
1990-03-12,1.6325409014866408,2.5605907150663887
1990-03-13,0.8695894046861171,2.3876721408789816
1990-03-14,0.4364580421777116,2.476262013406111
1990-03-15,-0.07434316779680825,2.31146687040662
1990-03-16,-0.723161540848154,2.2092865581737806
1990-03-17,-1.1778363925791018,1.9860999733036218
1990-03-18,-1.2135240009109196,1.879804448973625
1990-03-19,-1.370526979810095,1.9186695554040387
1990-03-20,-1.4767992108341406,1.9038156063365237
1990-03-21,-1.4771542637955424,1.7532879347262913
1990-03-22,-1.726048471433291,1.4855560458534514
1990-03-23,-2.0690739696207587,1.1335245786395798
1990-03-24,-2.1436293747046977,0.8070586905761836
1990-03-25,-2.04472820204707,0.3812298879578272
1990-03-26,-2.101194662467351,-0.01754017538276461
1990-03-27,-2.023103338555693,-0.18719761598583884
1990-03-28,-1.9026049447280253,-0.49662069771369305
1990-03-29,-1.805613369467511,-0.8869977311919818
1990-03-30,-1.4948992430702113,-1.1678155635169445
1990-03-31,-1.1107925391921187,-1.2711485426883606
1990-04-01,-1.0069586567719113,-1.349769637247038
1990-04-02,-0.8310393421232631,-1.471874565706974
1990-04-03,-0.5125188024866051,-1.62645881103681
1990-04-04,0.05906860499612269,-1.5690391345272825
1990-04-05,0.5155963931084124,-1.6253099034625405
1990-04-06,0.7689300666305653,-1.6549658978592339
1990-04-07,1.1779767017451461,-1.522253230498969
1990-04-08,1.4131208238957844,-1.4271494737199235
1990-04-09,1.5357214427239103,-1.073339200435868
1990-04-10,1.6052222291051494,-0.8035260602366188
1990-04-11,1.5317276922925895,-0.6237023007079796
1990-04-12,1.405799104072201,-0.40541680816873715
1990-04-13,1.3945192858891597,0.21213194091183601
1990-04-14,1.2757467567803533,0.6810003316554071
1990-04-15,1.2330946079724139,1.0412679367103392
1990-04-16,1.0221456170554934,1.3596511926181098
1990-04-17,0.6409934455734164,1.4972009049013415
1990-04-18,0.29368498444318547,1.6486351117672995
1990-04-19,0.04634610649205193,1.7137270330728704
1990-04-20,-0.16022095255614766,1.6176915438584583
1990-04-21,-0.3073453795851948,1.7189655953072969
1990-04-22,-0.5493323286689843,1.6723632715633583
1990-04-23,-0.9982043475918265,1.6382100781646567
1990-04-24,-1.3923939452894971,1.09072580301493
1990-04-25,-1.4847585873120477,0.47257995172218664
1990-04-26,-1.5000858551663152,-0.32652775782068993
1990-04-27,-1.869337452406361,-0.9851479007878474
1990-04-28,-1.6697172211270739,-1.301252442098408
1990-04-29,-1.3052356395360811,-1.455254983384648
1990-04-30,-1.12329256668202,-1.643226572421842
1990-05-01,-0.8045770488437365,-1.7345744859256482
1990-05-02,-0.7891000405300472,-1.8920775791763367
1990-05-03,-0.6296067543401004,-1.856148795004394
1990-05-04,-0.4634337579007295,-1.7391830551156742
1990-05-05,-0.36910446213849013,-1.7157010830833799
1990-05-06,-0.4551941592853853,-1.9136531963543943
1990-05-07,-0.393171001044261,-2.0665130533236686
1990-05-08,-0.12151576502269447,-2.0574791558888696
1990-05-09,0.08131742882409292,-2.1393958972092584
1990-05-10,0.3358594940547855,-2.193776047180017
1990-05-11,0.5631187839634423,-2.3142509424232682
1990-05-12,0.9147079466558847,-2.105014396613392
1990-05-13,1.223126445295845,-1.5084638674307427
1990-05-14,1.548070884323626,-0.6316863461084671
1990-05-15,1.5546555369506552,-0.1779037535124505
1990-05-16,1.7353333908418738,0.1948564414419763
1990-05-17,1.9229911704300353,0.45924319496144494
1990-05-18,1.8555486560726773,0.6688978223392525
1990-05-19,1.6478716832457747,0.8625958951966501
1990-05-20,1.453570696866207,0.9783932474095054
1990-05-21,0.9969040696159703,1.0410825088802758
1990-05-22,0.8736456076386114,0.9477184250994556
1990-05-23,0.5169199559827711,0.8030076769832822
1990-05-24,0.31746918718259537,0.3726696344497446
1990-05-25,0.24041319982987547,-0.03574312191409108
1990-05-26,0.18283294768740907,-0.18657385978731833
1990-05-27,0.21490869989833356,-0.2281512820494136
1990-05-28,0.3733936352917674,-0.047626587494480156
1990-05-29,0.5132175595716166,-0.008926272064590584
1990-05-30,0.7573830078171114,-0.027318727969991567
1990-05-31,0.8576981547739815,0.0074114970365542045
1990-06-01,0.8675099206199441,0.23706701414779907
1990-06-02,0.8804837529365007,0.3417923802653518
1990-06-03,0.7553857515747654,0.2999911791374961
1990-06-04,0.6568203698692701,0.23616879145640504
1990-06-05,0.5777028773861198,0.13972834380015392
1990-06-06,0.30347995686711016,0.28703773481808387
1990-06-07,0.2134692738814079,0.30691173529546306
1990-06-08,0.09979810005317015,0.4812657588091601
1990-06-09,0.08164830013656744,0.6259501700831461
1990-06-10,0.07588271190618977,0.4702184306632839
1990-06-11,-0.005592658258808822,0.3733994007186626
1990-06-12,-0.23849488061811644,0.3515599274262932
1990-06-13,-0.22189392139261732,0.6063024180282705
1990-06-14,0.11077823108593966,0.7667263382948487
1990-06-15,0.4899064983406806,0.630948283393632
1990-06-16,0.7716562257057328,0.5500285856512835
1990-06-17,0.7091223811073001,0.6845353929647117
1990-06-18,0.6150694193770447,0.5636313393468795
1990-06-19,0.6376574088383106,0.5653359633619756
1990-06-20,0.4578938216419603,0.8636491933664766
1990-06-21,0.031330945874849296,0.8219049364825424
1990-06-22,-0.13563058935169542,0.6414985674307356
1990-06-23,-0.12754773344983286,0.6976399588290576
1990-06-24,0.01348200295386696,0.8514902082081072
1990-06-25,0.007657414226780209,0.9248401610904872
1990-06-26,0.04586680979872344,0.7618251181864173
1990-06-27,-0.1539695322083286,0.5840788680083281
1990-06-28,-0.3956856127253408,0.36330862564251065
1990-06-29,-0.786505565987293,-0.014704801777875745
1990-06-30,-1.0887269975374176,-0.36653428049197406
1990-07-01,-0.9612322508501243,-0.1475828071742447
1990-07-02,-0.9526086426386887,-0.22479715806069084
1990-07-03,-1.0157275121919245,-0.5071240281631397
1990-07-04,-0.9469988031246952,-0.6795107496712672
1990-07-05,-0.5979307938803663,-0.8797377915167499
1990-07-06,-0.43378659235248557,-0.7885539622886084
1990-07-07,-0.5502499669823038,-0.7234132305307432
1990-07-08,-0.6955606146130082,-0.48492851938797454
1990-07-09,-0.5819019991542784,-0.6367476680515392
1990-07-10,-0.5824318952165022,-0.5154975424797746
1990-07-11,-0.5664035078081063,-0.4105028720484411
1990-07-12,-0.6145936944237984,-0.42229116276680595
1990-07-13,-0.516213133041549,-0.5218500626297814
1990-07-14,-0.3718508832174393,-0.5440733094275813
1990-07-15,-0.39265765014624143,-0.5793303349375438
1990-07-16,-0.45137349510886765,-0.8301263135774363
1990-07-17,-0.48784117553320294,-0.8858835584160119
1990-07-18,-0.4507323281859991,-0.7952904046967803
1990-07-19,-0.1750442757626524,-0.7965609491836133
1990-07-20,0.07175477278439767,-0.6468643197426887
1990-07-21,0.10904069419565428,-0.620246697746778
1990-07-22,0.040483572038029644,-0.5020263759139628
1990-07-23,0.20759695521028002,-0.25208681862831667
1990-07-24,0.08725054137950551,-0.029599826392432464
1990-07-25,-0.013765746708700425,0.05195454435543054
1990-07-26,-0.06201017633825961,0.13114541149115025
1990-07-27,-0.407831666146754,0.20936113035435455
1990-07-28,-0.4564354413316544,0.2364839815465708
1990-07-29,-0.35469850786944107,0.3189114598943872
1990-07-30,-0.37703766881414297,0.6676590154976713
1990-07-31,-0.49527670416673814,0.61459356304677
1990-08-01,-0.41227477861247824,0.3940973246392762
1990-08-02,-0.26190426166669334,0.36670177307477236
1990-08-03,-0.01904300053301371,0.35031046819331957
1990-08-04,-0.25665683295072467,0.13985365511096498
1990-08-05,-0.658328829651864,0.02674047670566319
1990-08-06,-0.668735802615869,0.0627392227500988
1990-08-07,-0.3313564193461534,0.12632104957842
1990-08-08,-0.2428162446201483,0.000563591738895406
1990-08-09,-0.3523343111453944,0.20414562564144292
1990-08-10,-0.39151404508928705,0.28203516628805564
1990-08-11,-0.4368126244402228,0.4661359235797543
1990-08-12,-0.19607157915884463,0.47237732980506747
1990-08-13,0.002165111694350277,0.5953193634557309
1990-08-14,0.21523466078515957,0.8245068749609505
1990-08-15,0.5186494639084183,1.006575993815026
1990-08-16,0.8160703364463565,1.2191676380709062
1990-08-17,0.8122767173155354,1.405775481508146
1990-08-18,0.7600578416023084,1.298496211327998
1990-08-19,0.8187646897751246,1.6513117052428987
1990-08-20,0.46084099369842546,1.811171061022024
1990-08-21,0.2035785847967741,2.011653611977711
1990-08-22,-0.13260105819675225,1.9462599690610958
1990-08-23,-0.48639238578877936,1.686682405548923
1990-08-24,-0.43526764385497424,1.3759981050120638
1990-08-25,-0.34919874624162056,1.094090924976961
1990-08-26,-0.2165083227823485,0.9060000419026528
1990-08-27,-0.044284646764526175,0.6361694367404845
1990-08-28,0.2141785280058289,0.37021413529455255
1990-08-29,0.3783606683103385,0.03810469568761266
1990-08-30,0.4601707437421225,-0.2163764213933936
1990-08-31,0.48180752062503407,-0.18346409704211145
1990-09-01,0.4920398280293943,-0.3184787433229963
1990-09-02,0.7514862169680444,-0.41497873021405257
1990-09-03,0.9526884891589021,-0.3830843882492972
1990-09-04,0.8587137525322781,-0.3145372706619065
1990-09-05,0.49091036857936704,-0.13127669690362917
1990-09-06,0.23732661290648882,0.14626328315759238
1990-09-07,-0.019074785663901778,0.47765907648701456
1990-09-08,-0.10812784152823535,0.429520409537671
1990-09-09,-0.3262011582400956,0.14946359722066024
1990-09-10,-0.4991170675020612,0.20053543787437775
1990-09-11,-0.36186619531073666,0.17110954303842027
1990-09-12,-0.5210767613912499,-0.14372579853050008
1990-09-13,-0.6028213401495931,-0.3611131022460491
1990-09-14,-0.5158448797289465,-0.27581770236827513
1990-09-15,-0.39921358113598043,-0.27021391141608
1990-09-16,-0.3638639338843466,-0.2789987038286158
1990-09-17,-0.3322049282288872,-0.44326203497138683
1990-09-18,-0.13223948088109067,-0.5138411873701509
1990-09-19,0.039522363614300234,-0.6193306773445351
1990-09-20,0.16491907623904534,-0.5145514431383175
1990-09-21,0.47725306563166814,-0.6423972452700581
1990-09-22,0.910243707113185,-0.90041881626981
1990-09-23,0.9671047412945898,-1.1052559294783588
1990-09-24,0.9118571519188566,-1.1329528480801394
1990-09-25,0.7875112997917596,-1.0954335365680208
1990-09-26,0.6677156614260072,-0.960708376063235
1990-09-27,0.6100000789677088,-0.9021511712879153
1990-09-28,0.5143780293027904,-0.8231719767288468
1990-09-29,0.6614997417378041,-0.7715118952604322
1990-09-30,0.8167403571685996,-0.3310760138618216
1990-10-01,0.9015427650746608,0.23630221512624588
1990-10-02,0.7365370200940432,0.6800804686870986
1990-10-03,0.5046033905935186,0.971335764216089
1990-10-04,0.26698848350852533,1.34335324493993
1990-10-05,0.11887543144885811,1.5308224223563567
1990-10-06,-0.20782131585750233,1.4374622836997253
1990-10-07,-0.4795321563017771,0.9419257130447021
1990-10-08,-0.5598730377640162,0.3298471392127024
1990-10-09,-0.590299806570285,-0.0586421096217693
1990-10-10,-0.4151010466586372,-0.30838215099166233
1990-10-11,-0.4281585811412956,-0.42663762480547174
1990-10-12,-0.4006769601964949,-0.5373818826083592
1990-10-13,-0.4453400087387485,-0.48336928196141593
1990-10-14,-0.6467319620012979,-0.7733182190188814
1990-10-15,-0.7430576357191414,-0.8534973267521314
1990-10-16,-0.5984612167895678,-0.8429914936721163
1990-10-17,-0.5568147934124351,-1.024130671232358
1990-10-18,-0.334154537878053,-1.0591651447150559
1990-10-19,-0.33809923422991606,-0.9492801014328595
1990-10-20,-0.3739283464254955,-0.829356256794636
1990-10-21,-0.41556086819641225,-0.980485595017942
1990-10-22,-0.4642226556391313,-1.2015561920978637
1990-10-23,-0.2826069193888727,-1.3739466213723004
1990-10-24,-0.19667942509389585,-1.5718449635343845
1990-10-25,-0.15790244972326475,-1.3915034949987461
1990-10-26,-0.18638643365864685,-1.424815489217159
1990-10-27,0.062251853240763,-1.3013907421463469
1990-10-28,0.3271523427820007,-1.1753062920610358
1990-10-29,0.6021354232597466,-1.3252314565353531
1990-10-30,0.8962624958125271,-1.4265660063624883
1990-10-31,1.2053847558773745,-1.2270248242039434
1990-11-01,1.6951418776133507,-1.0258207188333572
1990-11-02,1.9251943592668077,-0.6899639695678479
1990-11-03,1.9503283799343776,-0.5076427760277255
1990-11-04,1.8611683369644516,-0.3182762440862415
1990-11-05,1.751066981354898,-0.09727639869806748
1990-11-06,1.82310440795981,0.3491586128259281
1990-11-07,1.88544201365877,0.5441500119588063
1990-11-08,1.6565755964181095,0.886630598700989
1990-11-09,1.3367367881310268,1.1094493654145627
1990-11-10,1.065474176671707,1.458134606598382
1990-11-11,0.7322154057753198,1.5867618646932373
1990-11-12,0.47972806109022903,1.8670656848068437
1990-11-13,0.004957877060439245,2.012294850168178
1990-11-14,-0.5676548098888087,2.105218183554817
1990-11-15,-0.8317319922274832,2.308849464903256
1990-11-16,-1.1621818982160579,2.181637248246225
1990-11-17,-1.211212957680466,1.9588616206655245
1990-11-18,-1.1683005969989808,1.569798649888106
1990-11-19,-1.2816917829528458,1.426019773796088
1990-11-20,-1.4267042731608437,1.0089374200070158
1990-11-21,-1.6363141870433333,0.6955426696213786
1990-11-22,-1.4613810180029645,0.45731964801258307
1990-11-23,-1.2732077927207583,0.43131385104868897
1990-11-24,-1.0295245870303018,0.3125595035024137
1990-11-25,-0.7677863493201993,0.5853846293318832
1990-11-26,-0.7119323280934898,0.5870342998068039
1990-11-27,-0.6417784730790936,0.5716356223621464
1990-11-28,-0.7478854381198494,0.5172559554496331
1990-11-29,-0.8872262606170658,0.6302021399796908
1990-11-30,-0.9747713435649418,0.6542519580833055
1990-12-01,-1.1629594205602116,0.3079125823261695
1990-12-02,-1.3784126724131924,0.06401456972528236
1990-12-03,-1.4196773286236979,-0.12064785446031119
1990-12-04,-1.346215507930558,-0.42786681586639425
1990-12-05,-1.2225993631322272,-0.6477513324498155
1990-12-06,-0.9797214143753347,-1.0626713372589875
1990-12-07,-0.8092837778870756,-1.7442058451971847
1990-12-08,-0.5566889019142499,-2.0635830990121216
1990-12-09,-0.15880872208923305,-1.9741097346692964
1990-12-10,0.09784788770947336,-2.100231115723372
1990-12-11,0.2170001907609041,-2.063626142664345
1990-12-12,0.4603459839449089,-1.9878887447008817
1990-12-13,0.7877724448892716,-1.912019349030906
1990-12-14,1.0275920056861874,-1.635179785424038
1990-12-15,0.9447340269349689,-1.0333959829448647
1990-12-16,0.9364211596128934,-0.5455277475920933
1990-12-17,1.0697717456646036,0.04292741774712508
1990-12-18,0.5681863431784331,0.4444255712907782
1990-12-19,0.3419725223381731,0.5857109504131971
1990-12-20,0.34304922057758436,0.8202773252995652
1990-12-21,0.17024253755293559,0.8336332090668297
1990-12-22,-0.20610988690731838,0.7436977939872514
1990-12-23,-0.4802293170348617,0.7719151716701356
1990-12-24,-0.681160197842837,0.5378061885227603
1990-12-25,-0.7820696894068532,0.4152372637656878
1990-12-26,-0.7930334204442773,0.3895805108596085
1990-12-27,-0.8847057545398085,0.3737385184314251
1990-12-28,-1.130939086009833,0.34440681269004375
1990-12-29,-1.102647585853139,0.10468269129527669
1990-12-30,-0.7651581493047083,0.13385928314089326
1990-12-31,-0.5670082549837143,0.03050680896857022
1991-01-01,-0.45998537685413554,-0.03174400769060384
1991-01-02,-0.4556935736865934,0.03163028775649039
1991-01-03,-0.34743965403141164,-0.11122442847217592
1991-01-04,-0.2035157605136597,-0.32702464082346416
1991-01-05,0.0671218122891231,-0.7013435246595792
1991-01-06,0.35169810298426657,-0.7476838415956847
1991-01-07,0.3752683877060596,-0.3204531060160636
1991-01-08,0.26795269708310976,0.04333563666900904
1991-01-09,0.12095379168983271,0.306251198803147
1991-01-10,0.11312696273578572,0.18526927553876138
1991-01-11,0.05093830147725908,-0.07425379022156961
1991-01-12,0.04184581472598096,0.0009577466025747664
1991-01-13,0.05686658434218883,-0.149582990976832
1991-01-14,-0.1031092296012034,-0.48845418076818536
1991-01-15,-0.26635350496441523,-0.9084682094550438
1991-01-16,-0.19468143052861503,-1.134937659636336
1991-01-17,-0.10759176930612346,-1.394082264345127
1991-01-18,-0.13994905720213893,-1.4949808096058985
1991-01-19,0.1973263002176871,-1.4449709939963855
1991-01-20,0.7427307739563854,-1.0886019314276547
1991-01-21,1.0632623498121507,-0.5542752377732922
1991-01-22,1.4897900460663265,-0.25502061331574666
1991-01-23,1.5513758554326227,-0.13645331374000333
1991-01-24,1.4774688870918067,-0.23266396607913126
1991-01-25,1.182448722593859,-0.020158855697117832
1991-01-26,0.9607805086849167,0.27342725006135155
1991-01-27,0.8673327987469749,0.32380249751705636
1991-01-28,0.7012416209515981,0.29134792388252134
1991-01-29,0.2604857424359155,0.4193033403885442
1991-01-30,-0.2540901933102776,0.6159242054312342
1991-01-31,-0.3241711018372319,0.6657682376089992
1991-02-01,-0.33273293355934985,0.7328436269022924
1991-02-02,-0.21167867708437113,0.7527042281488796
1991-02-03,-0.08429599437985046,0.9303485701930162
1991-02-04,0.05734887786434242,0.8670410611360733
1991-02-05,0.21290424204466232,0.577083662193047
1991-02-06,0.26669374570883364,0.334351747056696
1991-02-07,0.3565089216738698,0.30723807762006433
1991-02-08,0.3570514605774524,0.28016919760653813
1991-02-09,0.3166107076359456,0.12637373882088565
1991-02-10,0.3369413614186379,0.07750513426276397
1991-02-11,0.24288394339080205,-0.14376758443106602
1991-02-12,0.4133630555578081,-0.1547336769804339
1991-02-13,0.39850364671082106,-0.0730017846698569
1991-02-14,0.48885058140054594,0.1539685461497697
1991-02-15,0.5761585125011153,0.3661940705625627
1991-02-16,0.8489492492524507,0.6700201724598156
1991-02-17,1.007201906706898,0.8224053098977355
1991-02-18,1.0555762922851377,1.0195191566011845
1991-02-19,0.921099161439724,1.2594201665388802
1991-02-20,0.8340223342014621,1.3903291036164367
1991-02-21,0.8195529759417836,1.6619242036375084
1991-02-22,0.8330488363511336,1.6346583517511588
1991-02-23,0.6795445669699288,1.382585210125431
1991-02-24,-0.03572891204323908,1.1390163959220028
1991-02-25,-0.44448250753769625,1.0103847405962374
1991-02-26,-0.9026633158224464,0.7512742070432707
1991-02-27,-1.078258122752389,0.6929414671685049
1991-02-28,-1.2159967266499934,0.8920710462294948
1991-03-01,-1.2762481931955438,0.9912280014652052
1991-03-02,-1.5686927316290344,0.9585154371392575
1991-03-03,-1.89476628458605,0.723870275868124
1991-03-04,-2.080138337279329,0.21109578910540103
1991-03-05,-1.7971474492630062,0.06868063572227757
1991-03-06,-1.4083226804573985,-0.05864641514732675
1991-03-07,-1.2956678812840257,-0.08011203805635458
1991-03-08,-1.3404847204384838,-0.02018782426362791
1991-03-09,-1.348298556493089,0.05193909753035622
1991-03-10,-1.1230867396677513,-0.07154079143545387
1991-03-11,-0.8291006788955347,-0.22088278353643526
1991-03-12,-0.7532063486697305,-0.294410526831305
1991-03-13,-0.5378919102599777,-0.2864628724251156
1991-03-14,-0.12244055945159087,-0.061318811738996386
1991-03-15,-0.23306328278158345,-0.1809947813319517
1991-03-16,-0.4958222986505104,-0.399204062619706
1991-03-17,-0.773238328844355,-0.5007241143758511
1991-03-18,-0.7121968982339277,-0.3578789701452944
1991-03-19,-0.30915063156917505,-0.24764761368386365
1991-03-20,-0.05020838621921904,-0.3603410522985168
1991-03-21,0.053494424685390916,-0.5331762992467833
1991-03-22,0.22413423789028747,-0.5885135123720203
1991-03-23,-0.04694038263416459,-0.6665703894315981
1991-03-24,-0.27655905020304256,-0.8113314403783962
1991-03-25,-0.29167430576960846,-1.0649348791368154
1991-03-26,-0.4523027569255354,-1.3561582600881366
1991-03-27,-0.46361541418243063,-1.5509470588922567
1991-03-28,-0.009178818200097461,-1.562973270680074
1991-03-29,0.46727459342340294,-1.6843139653101293
1991-03-30,1.0159550705003897,-1.8843228212426884
1991-03-31,1.3516584111250782,-1.8441187950526878
1991-04-01,1.4258380297737459,-1.6692297059596077
1991-04-02,1.221278127217291,-1.3618529492890292
1991-04-03,1.0768865811427148,-1.3473256241800098
1991-04-04,0.987007980709309,-1.3722714593709322
1991-04-05,0.7194875676515704,-1.1910149066920432
1991-04-06,0.5189708465846167,-0.9882281779183903
1991-04-07,0.393142433555975,-0.5842156697643923
1991-04-08,0.3332794814905589,-0.3711248694574556
1991-04-09,0.40982074885736725,-0.18273383153952433
1991-04-10,0.4124786881277728,-0.08167785377579517
1991-04-11,0.400081350089152,0.10937643469590051
1991-04-12,0.5616246785670972,0.046927942212779274
1991-04-13,0.6711536784796918,-0.08723637589624998
1991-04-14,0.8642659026612161,-0.21274789065763974
1991-04-15,0.8719510796319603,-0.3576759281287861
1991-04-16,1.0178179700838377,-0.25870877996729935
1991-04-17,1.11051865813826,-0.07966956455801175
1991-04-18,1.2183597640146797,0.03753626553673045
1991-04-19,1.3935732005606383,-0.010377054669318382
1991-04-20,1.3796194527421928,0.1547388710925985
1991-04-21,1.443967775113575,0.28323713814384766
1991-04-22,1.2668459132781986,0.4123582615297464
1991-04-23,1.165274360680877,0.7563061074613378
1991-04-24,0.9154478982720103,0.8558525605989556
1991-04-25,0.8181771692453657,0.9848066401694606
1991-04-26,0.8100018950147306,1.14896236798997
1991-04-27,0.7817202658107368,1.4955824573709307
1991-04-28,0.7148058203712861,1.5865376755465541
1991-04-29,0.6807836146929666,1.4850952700965467
1991-04-30,0.8094816003212274,1.3337219535014397
1991-05-01,0.6973414363188153,1.5045528987270214
1991-05-02,0.47931878827268876,1.4060809643653
1991-05-03,0.39788077515921905,1.083005580323388
1991-05-04,0.376492712135287,0.8140633791714628
1991-05-05,0.23416894599592453,0.6094480618182403
1991-05-06,-0.11118845821888912,0.6722274772037838
1991-05-07,-0.42282483153888684,0.7846378315451593
1991-05-08,-0.8889365857901116,0.8568794509074025
1991-05-09,-1.320263101755586,0.8671128022912178
1991-05-10,-1.5883884671945252,0.6755617589950528
1991-05-11,-1.8738535659007653,0.5643307400453242
1991-05-12,-1.9379405967691374,0.4769307979404371
1991-05-13,-2.0886848004854772,0.0004701905763140891
1991-05-14,-2.2745521978866763,-0.3407771625519933
1991-05-15,-2.4539335510027667,-0.6716092922435178
1991-05-16,-2.577629255061651,-1.083863533768736
1991-05-17,-2.489935122917551,-1.3472153429995286
1991-05-18,-2.217457339101117,-1.5768845035722894
1991-05-19,-1.7337072123422879,-1.6067571995437793
1991-05-20,-1.2770012566906377,-1.7419321007801876
1991-05-21,-0.8064660957365398,-2.051887826813997
1991-05-22,-0.3040302710194788,-2.0238466819831844
1991-05-23,-0.09926601602827217,-2.0720236810296893
1991-05-24,-0.08817129649247328,-2.080190403821389
1991-05-25,-0.04262719553858399,-1.819429184446381
1991-05-26,-0.10908728464154643,-1.8011234340525757
1991-05-27,-0.06567217130102203,-1.8784252289382457
1991-05-28,0.05300289849319362,-1.7953062690872241
1991-05-29,0.2536007559103274,-1.816218385116054
1991-05-30,0.4373216813229001,-1.5566099734807575
1991-05-31,0.7290074535140784,-1.1483136082865322
1991-06-01,0.9388276555430575,-0.6805161327763369
1991-06-02,0.8753634788004865,-0.13756300474358485
1991-06-03,0.9266569769091088,0.3942368814570921
1991-06-04,1.0025465804539395,0.7538119677931501
1991-06-05,1.190623508880102,1.0675784418711278
1991-06-06,1.2262436084263333,1.0924069472662132
1991-06-07,1.3611106024402142,0.9677539421530802
1991-06-08,1.4196199363788984,0.9273366022786944
1991-06-09,1.302394351834837,1.135538432201527
1991-06-10,1.1156800130297428,1.2750243621670985
1991-06-11,0.883718164673287,1.2736403003600956
1991-06-12,0.4877201482166636,1.4637563151103936
1991-06-13,0.12440606438365333,1.3531875688696733
1991-06-14,-0.19854735551261135,1.2474236674940549
1991-06-15,-0.5188602379280725,1.168360679623956
1991-06-16,-0.44487903922459493,1.2793317430189823
1991-06-17,-0.418726173319818,1.2379494074495114
1991-06-18,-0.7846533555077512,1.32151068231096
1991-06-19,-1.1219069662808585,1.0422963179356892
1991-06-20,-1.3799997594741313,0.8007661043192628
1991-06-21,-1.5954809405013173,0.5952910495209786
1991-06-22,-1.641008857975223,0.3609888656533054
1991-06-23,-1.5660240558372664,-0.019303631878052636
1991-06-24,-1.5952722622585966,-0.32765174689987536
1991-06-25,-1.490919625156722,-0.7369730587787625
1991-06-26,-1.195306742337425,-0.9483824811690572
1991-06-27,-0.9329413854474131,-0.9936309100886033
1991-06-28,-0.6394287626168295,-0.9638141201266419
1991-06-29,-0.34140812433167106,-0.8885147382818904
1991-06-30,-0.2707545428112381,-0.7333999650465413
1991-07-01,-0.110194515036875,-0.6812873382700882
1991-07-02,-0.07304500711616178,-0.8072926660657368
1991-07-03,0.011905731147426107,-0.6536935923232537
1991-07-04,0.3300370209246619,-0.6506731947274447
1991-07-05,0.39903355991997397,-0.6051537682392011
1991-07-06,0.40177962808127116,-0.545833094959603
1991-07-07,0.5794953459166725,-0.34936863380775846
1991-07-08,0.4582601096103105,-0.3404863961765112
1991-07-09,0.37869464245002105,-0.2945136664401054
1991-07-10,0.13641191537356473,-0.17556848209014225
1991-07-11,-0.12987910214183113,-0.2412841737536092
1991-07-12,-0.35371193208860496,-0.41247585289595634
1991-07-13,0.01760196942924745,-0.33408389678097644
1991-07-14,0.370508479492641,-0.40424020325707277
1991-07-15,0.37661260905625543,-0.5971342944283818
1991-07-16,0.43249969253125553,-0.32597169405702614
1991-07-17,0.6714647204439034,-0.09071900913130618
1991-07-18,0.6375872970853047,0.4193184426827566
1991-07-19,0.6500264930930016,0.7183206675449088
1991-07-20,0.6305230151358844,0.7713327424471702
1991-07-21,0.3592227689537477,0.936358825237192
1991-07-22,0.12029014932706036,0.9447515128802793
1991-07-23,-0.13364855503571843,0.6260465429132863
1991-07-24,-0.3231950018674988,0.6435267716966984
1991-07-25,-0.41897749326252515,0.40873139796404584
1991-07-26,-0.4265897928066493,0.18506132315362006
1991-07-27,-0.42172623730620074,-0.09688188889305323
1991-07-28,-0.5094855050048189,-0.17857074109550267
1991-07-29,-0.559225174548032,-0.2614472426967893
1991-07-30,-0.4981602795398784,-0.5067866419163163
1991-07-31,-0.3754872980419465,-0.7114551859060794
1991-08-01,-0.3424501374135811,-0.9704996750701962
1991-08-02,-0.3973952206063349,-1.1206084883079415
1991-08-03,-0.34547551518232894,-1.2338820032251656
1991-08-04,-0.3057876981957055,-1.2389453561310515
1991-08-05,-0.10050123607688428,-1.2160974808899874
1991-08-06,0.04296334800067474,-1.3892203219061223
1991-08-07,0.2636785093430252,-1.2582399783803544
1991-08-08,0.44632668420174254,-1.1825401134090632
1991-08-09,0.6252631012627828,-0.8480998017392064
1991-08-10,0.6476667493873702,-0.46573412020385246
1991-08-11,0.7538235486694779,-0.10726677462481916
1991-08-12,0.9877909073974214,-0.0794287235692623
1991-08-13,1.1124569812464862,0.17948298890231001
1991-08-14,1.0069143081940553,0.5472117980152077
1991-08-15,0.8496944722600108,0.6465067034757805
1991-08-16,0.9346069591417663,0.667342853086492
1991-08-17,1.0515314165100935,0.6757372802146473
1991-08-18,0.9655926679488703,0.6161128092089833
1991-08-19,0.9040016890894699,0.7694058338350532
1991-08-20,0.8949184532535406,0.9990319000112449
1991-08-21,1.2506545472464543,1.11175496638353
1991-08-22,1.5686611588102966,1.3727528561678741
1991-08-23,1.645615753816859,1.585488775670094
1991-08-24,1.5696936716550984,1.3670960099324219
1991-08-25,1.4552838501714265,1.0654890212185228
1991-08-26,1.1176458874382087,1.0038333941287998
1991-08-27,0.9461621517436885,1.1909195001408739
1991-08-28,0.576828280722897,1.0104569005746258
1991-08-29,0.11514484948740648,1.2085459066481652
1991-08-30,-0.09009296211172725,1.1125681343276146
1991-08-31,-0.23295772269547735,0.816291603077056
1991-09-01,-0.19249799617141164,0.7228572622828404
1991-09-02,-0.10497155825469352,0.9970765914674046
1991-09-03,0.2745380508633114,1.059262996777156
1991-09-04,0.5113302714133339,1.1738170000781325
1991-09-05,0.38073195596009995,1.4923712462240362
1991-09-06,0.15166176624382835,1.8328753201843642
1991-09-07,-0.0018075346434181083,2.0190146659854515
1991-09-08,-0.10664218666484163,1.7165527510545182
1991-09-09,-0.5004925695013375,1.686136187264371
1991-09-10,-0.8666046149015083,1.691397622257821
1991-09-11,-1.078788684325929,1.6884241371127748
1991-09-12,-1.2016636511448768,1.5093687308548653
1991-09-13,-1.3101902901737261,1.4716931401903344
1991-09-14,-1.7516378614711023,1.2989755099056415
1991-09-15,-1.854240425201258,1.0151808741854131
1991-09-16,-1.6764417702452108,0.7841583205018012
1991-09-17,-1.6251893669661572,0.5056261516696209
1991-09-18,-1.3765043193918445,0.22884071870291986
1991-09-19,-1.1450156602743689,0.24717382384694622
1991-09-20,-0.8314640906257634,0.05339109551960052
1991-09-21,-0.4296647057509408,-0.2890359447414006
1991-09-22,0.041206982724014275,-0.6362222609864596
1991-09-23,0.14744761531928194,-0.5777616318306515
1991-09-24,0.24806093397419732,-0.5158274353293374
1991-09-25,0.07543521622827534,-0.3363005415547074
1991-09-26,-0.1571787682506771,-0.246404650124744
1991-09-27,-0.4659810377642303,-0.11505374749773661
1991-09-28,-0.5013163079759425,-0.0014711991733113864
1991-09-29,-0.4544968615520832,0.13021225893013028
1991-09-30,-0.5703774756060519,0.3586602735019234
1991-10-01,-0.707112896248549,0.17770448839495417
1991-10-02,-0.7538684753620727,-0.21465319306665245
1991-10-03,-0.6093321137943404,-0.80769228860022
1991-10-04,-0.6973782437706206,-1.3122608556755713
1991-10-05,-0.7430878527313618,-1.4315092794251953
1991-10-06,-0.6297364776783276,-1.5904813241791527
1991-10-07,-0.6089866492054014,-1.6806384981270621
1991-10-08,-0.3211078670627773,-1.6695104029683068
1991-10-09,0.054714074739259426,-1.9329905518916528
1991-10-10,0.25218512464219345,-2.138270753822208
1991-10-11,0.45076287959518085,-2.1578940136839635
1991-10-12,0.9078896751502222,-2.1014593971392697
1991-10-13,1.220573070741697,-2.1114320381568215
1991-10-14,1.3034829161724846,-2.018331096730342
1991-10-15,1.4835647239745982,-1.7551524196000732
1991-10-16,1.3185214179589326,-1.4650550276877612
1991-10-17,1.1969117058949086,-1.4357476006444516
1991-10-18,1.3502438055972041,-1.310472934513855
1991-10-19,1.3867952886700192,-1.1176955768309396
1991-10-20,1.3547807143802968,-0.9853902807672389
1991-10-21,1.3377437815036497,-0.765054693634879
1991-10-22,1.2061460894875358,-0.5580814777565979
1991-10-23,1.114937920566793,-0.2914196115079464
1991-10-24,0.9627332053472338,-0.1622206315545308
1991-10-25,0.8377207305452811,0.0665635158431852
1991-10-26,0.6944710866381186,0.3262457355332361
1991-10-27,0.976826446563562,0.6526455047108612
1991-10-28,0.905515016361103,0.8893986544783024
1991-10-29,0.6297971805906396,0.9091226733512733
1991-10-30,0.5160976690942692,0.8988069793621102
1991-10-31,0.3272646277245461,0.8627142733672795
1991-11-01,0.13150809674193856,0.6775406670535808
1991-11-02,0.28102437743008185,0.7313818824467069
1991-11-03,0.5894868678821699,0.7941297705540863
1991-11-04,0.5142761177488873,0.6451173114341024
1991-11-05,0.43430146454722846,0.5131853494620666
1991-11-06,0.3184529274602634,0.5738116895513764
1991-11-07,-0.0028426524490922146,0.8139078739205386
1991-11-08,-0.31438214255961816,0.9273433761580588
1991-11-09,-0.5216758724790598,1.2017454811850414
1991-11-10,-0.7663917915431662,1.1584468888587194
1991-11-11,-0.8517776131599251,0.969995859505539
1991-11-12,-0.7663937395062956,0.7864600874439616
1991-11-13,-0.7468655488764909,0.3034567327319402
1991-11-14,-0.7000944281230798,0.18705493536131276
1991-11-15,-0.5730461748537664,0.36283544749724433
1991-11-16,-0.446247076002538,0.40741356465686723
1991-11-17,-0.5748923276001473,0.2600806893605211
1991-11-18,-0.345620682965092,-0.14382482129541424
1991-11-19,-0.22206961857758087,-0.531781113854371
1991-11-20,0.07066724185722606,-0.714488850876172
1991-11-21,0.3646728724094317,-0.4582450711261542
1991-11-22,0.43860505216273377,0.0650574067274846
1991-11-23,0.47933384048402233,0.43531586666354427
1991-11-24,0.36554033080088044,0.7452409481595266
1991-11-25,0.2912917563767024,0.9254985844815596
1991-11-26,0.10833181712437005,1.205348267869845
1991-11-27,-0.03898881481931102,1.1913279683198015
1991-11-28,-0.35391418240503614,1.1068529545313381
1991-11-29,-0.6038463570928734,0.8240587082119407
1991-11-30,-0.9654573140747551,0.5631716850124608
1991-12-01,-1.054393343638767,0.3928746731616534
1991-12-02,-0.9505461035171061,0.4009218006047666
1991-12-03,-0.6892266778219812,0.5739288054161381
1991-12-04,-0.4550166067279672,0.91577045576934
1991-12-05,-0.22916873727735945,0.9615415313763116
1991-12-06,-0.14508324153275712,0.8570710312606389
1991-12-07,-0.35296686342075945,0.9068285930041355
1991-12-08,-0.7987029316178313,1.0612340142385006
1991-12-09,-1.0503277474931996,1.1055920813327094
1991-12-10,-1.1690473405386932,0.9682044010564247
1991-12-11,-1.3123795592769798,0.627397596050499
1991-12-12,-1.4541667515204806,0.17965446350172687
1991-12-13,-1.5651236685770444,-0.34972302708364916
1991-12-14,-1.4567346315986212,-0.7466783944824328
1991-12-15,-1.0738306772080013,-1.1276708723472753
1991-12-16,-0.9377958760213421,-1.3846540652630221
1991-12-17,-0.7021463440218988,-1.827688332279327
1991-12-18,-0.2370379889699835,-2.1237926759570676
1991-12-19,0.3487149059487579,-2.372723517953775
1991-12-20,0.8700424604131598,-2.4844761969127855
1991-12-21,1.1382260993846516,-2.3994612664994683
1991-12-22,1.6360001218023492,-2.008640147344694
1991-12-23,1.9434838697381158,-1.6318977187918255
1991-12-24,2.1267314738729834,-1.1607045732291374
1991-12-25,2.2691639213533668,-0.7768849318844329
1991-12-26,2.3563491168564266,-0.5701249660188847
1991-12-27,2.000599258203615,-0.6082976734481066
1991-12-28,1.7080429972448181,-0.44980186464029354
1991-12-29,1.6208773634830957,-0.3215189043004285
1991-12-30,1.3495675874577424,0.06451492878350823
1991-12-31,1.0967377056659222,0.5594715684040942
1992-01-01,0.9082994381114544,0.6540103326692267
1992-01-02,0.764770158624278,0.6604826814151705
1992-01-03,0.5361566013788528,0.681591230057094
1992-01-04,0.4922593845769796,0.8405312335760871
1992-01-05,0.33218870767638997,0.9934298393691792
1992-01-06,0.11552703526987518,1.0278003604481656
1992-01-07,-0.26046340610340674,1.1097950417937659
1992-01-08,-0.680356556247885,1.3564014409595513
1992-01-09,-1.0705585607616899,1.4272793535528445
1992-01-10,-1.4237096642525569,1.409102586119182
1992-01-11,-1.902027900422673,1.1418618696734455
1992-01-12,-2.330470987177086,0.7598559916381094
1992-01-13,-2.456501634885123,0.31164504645844227
1992-01-14,-2.350478508201421,-0.14271614234610827
1992-01-15,-2.469345293863016,-0.27569880096792293
1992-01-16,-2.138585247146239,-0.2859343089503162
1992-01-17,-1.7767543409494404,-0.4552711652766178
1992-01-18,-1.6063797801562172,-0.8667222562679451
1992-01-19,-1.6271144472840697,-0.9563009354006152
1992-01-20,-1.4438349296863635,-1.0257319040341681
1992-01-21,-1.1303842677106577,-0.8613159610093286
1992-01-22,-1.319130256436264,-0.5459274446301194
1992-01-23,-1.4412994402007098,-0.5485069933839166
1992-01-24,-1.7022005871879706,-0.7742650470529275
1992-01-25,-1.9524500279294965,-0.8609349716628192
1992-01-26,-1.8538559250269004,-1.3085966942257046
1992-01-27,-1.674288675130721,-1.6147066400016636
1992-01-28,-1.2560537299427532,-1.8521297019684624
1992-01-29,-0.9311746988868491,-1.7556647695078886
1992-01-30,-0.5462376780349026,-1.3860815279114906
1992-01-31,-0.449521185620542,-1.4323062181984902
1992-02-01,-0.3504721597910934,-1.3492385926481443
1992-02-02,-0.036516847582706964,-1.2721593371657662
1992-02-03,0.2671265221069545,-1.0797594588747452
1992-02-04,0.2805302434829428,-0.9065097161996853
1992-02-05,0.28000490646109416,-0.8063745193869468
1992-02-06,0.48711653814149813,-0.5403820312134381
1992-02-07,0.6685589605589407,-0.21240429179987355
1992-02-08,0.6484044437245297,-0.28873453911259467
1992-02-09,0.49374665394612766,-0.4383639534314879
1992-02-10,0.33083580255125716,-0.2945575052330093
1992-02-11,0.709678811491125,0.06595031889639179
1992-02-12,1.228625704530585,0.4601995995270371
1992-02-13,1.3006836268855293,0.8974391435871436
1992-02-14,1.1941348161366776,0.9461016006789619
1992-02-15,1.2332535495104147,0.9124364090684693
1992-02-16,1.6028096044354418,0.834672721181599
1992-02-17,1.9071666718039089,0.7531814049127589
1992-02-18,2.09537086640654,0.7198096134070135
1992-02-19,1.930541523774417,0.6086510402604365
1992-02-20,1.820518016646918,0.5789691757937196
1992-02-21,1.524365439456324,0.4201123828356442
1992-02-22,1.4742677537735016,0.29332835836122767
1992-02-23,1.2478822093921573,0.17769977099773573
1992-02-24,1.164733637029069,0.11632747979258902
1992-02-25,1.288789531212688,-0.06040523942966523
1992-02-26,1.122424726271473,-0.1433467625164507
1992-02-27,1.229620972015789,-0.17954687457634774
1992-02-28,1.368692278633376,-0.0501757242875474
1992-02-29,1.413450387313379,0.014532741208505324
1992-03-01,1.6261698777444162,0.4985305733533179
1992-03-02,1.9396954747396133,1.0166188420812408
1992-03-03,1.787712057652576,1.3035402231995434
1992-03-04,1.401939518663663,1.636916125878637
1992-03-05,0.8815674442156106,2.000010812021431
1992-03-06,0.3824875668017734,2.0719225302702364
1992-03-07,-0.025493706654517424,1.9668406603491624
1992-03-08,-0.2688670956676478,2.0545132369333103
1992-03-09,-0.7686604178489435,1.8366228515751732
1992-03-10,-1.3782299310377035,1.3364824204119923
1992-03-11,-1.8968300317468196,1.1235109252750475
1992-03-12,-2.036057313157516,0.8505034137930204
1992-03-13,-2.1309947444178325,0.6379127789504044
1992-03-14,-1.8676627077521637,0.5085906363387925
1992-03-15,-1.8618160491182758,0.5641489266582003
1992-03-16,-1.7549398436912342,0.5467734402014723
1992-03-17,-1.7986970675145453,0.27860967634211686
1992-03-18,-2.2056065551422264,0.07203040974582549
1992-03-19,-2.7010552961152383,-0.21986220016701175
1992-03-20,-2.68403676880168,-0.4136362199188073
1992-03-21,-2.3484495100095715,-0.5823991445805267
1992-03-22,-1.8180468958452602,-0.6547635777714982
1992-03-23,-1.4228073244955306,-0.8685178540199714
1992-03-24,-1.367593702139024,-1.2719536831088076
1992-03-25,-1.1111943660692494,-1.427380758935259
1992-03-26,-0.812184429898135,-1.4937654423460824
1992-03-27,-0.5301003720499765,-1.6954155101679003
1992-03-28,-0.06071837525293249,-2.010312394218794
1992-03-29,0.4651704297476789,-2.3288764662405876
1992-03-30,1.0896394150390172,-2.3741260897047605
1992-03-31,1.4465094282483326,-1.9858923813839129
1992-04-01,1.7505078658832256,-1.4562648639984763
1992-04-02,1.8573325193661547,-1.0051795408549282
1992-04-03,1.9067613709043076,-0.7124034337126305
1992-04-04,1.918095577722025,-0.46119317908612467
1992-04-05,1.7187867422409215,-0.4240015016377016
1992-04-06,1.3813227704968467,-0.2514610973188565
1992-04-07,1.0494434442207123,-0.07120347638704863
1992-04-08,0.9937848636635572,0.391933620783838
1992-04-09,0.8524601361140947,0.8862871798757996
1992-04-10,0.44244726958958175,1.0916359489516334
1992-04-11,0.18311196845018027,1.4229990268772998
1992-04-12,-0.21516353188562917,1.503035799830007
1992-04-13,-0.4563345090818745,1.5789980308205096
1992-04-14,-0.7337204241032421,1.5277355457493311
1992-04-15,-0.7860651014942943,1.254235838080227
1992-04-16,-0.7701780458088462,0.8625369012003918
1992-04-17,-0.6369844196163752,0.7642221316074972
1992-04-18,-0.5990660499860472,0.6650036927450135
1992-04-19,-0.47591600952168805,0.6400940168065891
1992-04-20,-0.46607744478888596,0.5639174616661424
1992-04-21,-0.6345216190146019,0.4247601739806057
1992-04-22,-0.8444006710922298,0.05939313629727122
1992-04-23,-1.027099893655571,-0.33284525926057146
1992-04-24,-1.0747069186383864,-0.4170008495406041
1992-04-25,-0.9245617363448798,-0.45465928086094803
1992-04-26,-0.9511279524685728,-0.49616317437583035
1992-04-27,-1.0812793790452286,-0.6125191987959063
1992-04-28,-0.9197143586017528,-0.8217287628361699
1992-04-29,-0.5828871059858158,-0.8285916231158541
1992-04-30,-0.10927831531969018,-0.750989246323256
1992-05-01,0.07445228863765578,-1.0469238079301038
1992-05-02,0.33915052737086165,-1.0545808750664116
1992-05-03,0.5732926989889855,-1.1558743487606775
1992-05-04,0.8305524924930102,-1.1695874885095368
1992-05-05,1.1527816408680442,-0.942484909364826
1992-05-06,1.3172792636001112,-0.5598775269840803
1992-05-07,1.4757285483535472,-0.29533028520316823
1992-05-08,1.4070157046813034,-0.10779320352581305
1992-05-09,1.4882519143933217,0.07784499386132065
1992-05-10,1.1677759071261693,0.16778276810088094
1992-05-11,0.8324155798002617,0.18888634639745713
1992-05-12,0.466817484103757,0.38242308477526005
1992-05-13,0.44388426479067294,0.7257858030398435
1992-05-14,0.6155004260723644,0.9822563331957554
1992-05-15,0.3251117116423763,1.1195055899441837
1992-05-16,-0.11405184679886547,1.0906634184537736
1992-05-17,-0.5222662239853009,1.1191726796186112
1992-05-18,-0.9416784033986662,1.1477004520775786
1992-05-19,-1.2857757479685064,0.9929747250824316
1992-05-20,-1.590994291768098,0.6907823276262975
1992-05-21,-1.379380393876486,0.19120597036200518
1992-05-22,-1.2806016585993156,-0.145772729252364
1992-05-23,-1.2366722508312076,-0.13035404062994624
1992-05-24,-1.2503928552704284,-0.04452694738039452
1992-05-25,-1.082967186723592,0.04046573941698426
1992-05-26,-1.0444902890969177,0.08263798116313514
1992-05-27,-0.9180803797135383,0.18710249165665765
1992-05-28,-0.7083413619108806,0.37308244418125036
1992-05-29,-0.29569389797062495,0.24334315911986185
1992-05-30,-0.04732548745710269,0.07359318354186065
1992-05-31,0.0387314331911913,-0.1359274387043049
1992-06-01,-0.27685390503741375,-0.2749396786035466
1992-06-02,-0.3370126005526462,-0.4143290140794056
1992-06-03,-0.1156095875770301,-0.72901402592708
1992-06-04,-0.009372174189846016,-0.9264552670550578
1992-06-05,0.18646636952312928,-0.7609458844430828
1992-06-06,0.4958524529926197,-0.6895298294642894
1992-06-07,0.6703874680774141,-0.4533482298311242
1992-06-08,0.9129378825491827,-0.5126533705744901
1992-06-09,1.0299310065584606,-0.6538775034202446
1992-06-10,1.0204771021748886,-0.5356757953116904
1992-06-11,1.2125943819251679,-0.25422715421551356
1992-06-12,1.5070993752650768,0.05430251217838318
1992-06-13,1.43634002625399,0.12752596913015038
1992-06-14,1.2840062216937747,0.19837793725863037
1992-06-15,1.0594287892002696,0.20977928304904564
1992-06-16,1.0588640709036383,0.2792511641463523
1992-06-17,0.9708409770381224,0.5199738408840849
1992-06-18,0.8858924556038023,0.6236436812819728
1992-06-19,0.7647364662347006,0.8980229268634327
1992-06-20,0.7203105404770404,1.1636473467460977
1992-06-21,0.5166142672579231,1.3634659036868557
1992-06-22,0.2712342999802775,1.3565038575760846
1992-06-23,-0.027718379084821665,1.2857675342005284
1992-06-24,-0.12338021562198095,1.0209882185836778
1992-06-25,-0.2781870538340166,0.6744253594896286
1992-06-26,-0.2814532384555144,0.49672541399745246
1992-06-27,-0.37815735152168484,0.49367161137277366
1992-06-28,-0.5229721162125511,0.543456737581787
1992-06-29,-0.6779003037889644,0.6515712838670692
1992-06-30,-0.6946614626236794,0.6427165080658414
1992-07-01,-0.6887614939199063,0.3016603900080176
1992-07-02,-0.6544762453746137,-0.12424819308199808
1992-07-03,-0.9005340758535968,-0.4367370399514692
1992-07-04,-1.0209872436708658,-0.6054253350848623
1992-07-05,-1.143578485390639,-0.5747321539471419
1992-07-06,-1.1371601112141292,-0.6658449807878962
1992-07-07,-1.2567402438236628,-0.7311950083062991
1992-07-08,-1.3139000138215537,-1.3073220847550795
1992-07-09,-1.259708170871961,-1.584169646743868
1992-07-10,-0.8775548454783646,-1.5557142661690577
1992-07-11,-0.6460879720284237,-1.6247276584789643
1992-07-12,-0.3641519933279924,-1.59529791187553
1992-07-13,0.12943426647895367,-1.531135823122242
1992-07-14,0.28668411150203005,-1.6544822428066588
1992-07-15,0.30828290137779063,-1.5471150317732356
1992-07-16,0.19153682906758024,-1.214819398455142
1992-07-17,0.35885292168622834,-0.8598732226793963
1992-07-18,0.3747622057196108,-0.6209621320252472
1992-07-19,0.2506995050385212,-0.5935490695966363
1992-07-20,0.3393715096670878,-0.4450162271200356
1992-07-21,0.4971371291219851,-0.5150775933049919
1992-07-22,0.6984601980613593,-0.6526248621775004
1992-07-23,0.7400393920972042,-0.6589203828650203
1992-07-24,0.5835636018122681,-0.6311231559925128
1992-07-25,0.4948385782781351,-0.6565529546973999
1992-07-26,0.6382716420794535,-0.6229599631818461
1992-07-27,0.819288694569494,-0.5553782828937872
1992-07-28,0.9111238672676318,-0.8767812686709356
1992-07-29,0.9376503844196222,-0.7193129917374457
1992-07-30,0.7970039722627218,-0.6582965829345941
1992-07-31,0.6488921160383535,-0.42637582230813764
1992-08-01,0.3484549440178797,-0.2012827285319019
1992-08-02,0.09396525608945376,0.00624395134844873
1992-08-03,-0.13096210031744634,0.128445256094237
1992-08-04,-0.2929937255409929,0.3078284943108023
1992-08-05,-0.3732304121385634,0.3507138394103948
1992-08-06,-0.5062729824955852,0.5903206625296904
1992-08-07,-0.6173894411705502,0.6056985381052232
1992-08-08,-0.49911478420175553,0.6074152217177292
1992-08-09,-0.6981874046107969,0.48564419214478016
1992-08-10,-0.4911074040560707,0.40934149563340394
1992-08-11,-0.23186861405091858,0.13251423020208009
1992-08-12,0.0029595554447743293,-0.09261012163653458
1992-08-13,0.2618617399941484,-0.21657537680377384
1992-08-14,0.5971987278677523,-0.2829195536439562
1992-08-15,1.004403032491399,0.06195715910825074
1992-08-16,1.380433059775881,0.44322809485279346
1992-08-17,1.395915164374836,0.5199409301574699
1992-08-18,1.4029233732887367,0.3595696484118894
1992-08-19,1.495280728661331,0.35773029037807724
1992-08-20,1.28489622039694,0.5674517773469279
1992-08-21,0.8137321717472813,0.45448528352651324
1992-08-22,0.361083714037377,0.5334681136627429
1992-08-23,0.2008738002921963,0.6264497332679996
1992-08-24,-0.08141898564882416,0.8296996181963293
1992-08-25,-0.13686922002982968,0.766431686901749
1992-08-26,0.03704497788644893,0.8173200932892009
1992-08-27,0.2783054925086139,0.8880716820958681
1992-08-28,0.7817268548837298,0.9515833897845132
1992-08-29,0.895850461756373,1.2500695170191547
1992-08-30,0.7408578812509861,1.6489984936288857
1992-08-31,0.6478283837632984,1.5918168004392625
1992-09-01,0.40006519798425727,1.3270761264883495
1992-09-02,0.3511423935721097,1.3239486352121717
1992-09-03,0.432580573486538,1.4036547884829362
1992-09-04,0.24726410547164415,1.313274988377128
1992-09-05,-0.07303393813402018,1.1443702246678917
1992-09-06,-0.3493774041048696,0.927376622405317
1992-09-07,-0.4842141537070172,0.949539196245553
1992-09-08,-0.6416536335933977,0.8603677879620965
1992-09-09,-0.7874843047108265,0.6796227062006525
1992-09-10,-0.8090129315974445,0.6776497767259206
1992-09-11,-0.9124932432659892,0.5589738554964462
1992-09-12,-1.1691113263401762,0.4770165035140503
1992-09-13,-1.220151590457384,0.4417493481730166
1992-09-14,-1.3265858546681308,0.43047417459419374
1992-09-15,-1.403108517502159,0.5704977902823588
1992-09-16,-1.3560205646568322,0.5562370702340217
1992-09-17,-1.4754195363679192,0.1542347449258958
1992-09-18,-1.5335554535547553,-0.11025922921252887
1992-09-19,-1.4602242641245617,-0.21593696409703234
1992-09-20,-1.22100359813185,-0.3678690156360643
1992-09-21,-0.9873457887976336,-0.6245217269599316
1992-09-22,-0.8609436784930143,-0.5652875485856882
1992-09-23,-0.7247735451185834,-0.7440049435625293
1992-09-24,-0.38450754172287,-0.7299869098934123
1992-09-25,-0.3495280913602737,-0.7820409716569723
1992-09-26,-0.3754346894984003,-0.7127612361590994
1992-09-27,-0.2566648241177863,-0.5249480873607859
1992-09-28,0.16486955046822505,-0.6304610313158604
1992-09-29,0.23462654814316386,-0.781171960942976
1992-09-30,0.3824460016211767,-0.8829166741694419
1992-10-01,0.40324940280424765,-0.9407691892277878
1992-10-02,0.298628392419622,-0.935081080805982
1992-10-03,0.3079617087564933,-1.1870389470465128
1992-10-04,0.3919782905879796,-1.2322683466371047
1992-10-05,0.5059655677562659,-1.2460702469562561
1992-10-06,0.7987440470597551,-0.9930277816773535
1992-10-07,1.0902196762891747,-0.7707847518484778
1992-10-08,1.237784700285601,-0.7387251504669251
1992-10-09,1.4235720512497392,-0.8329725758947292
1992-10-10,1.6679761444875119,-0.8924928181368945
1992-10-11,1.686822065077976,-0.6608339164528979
1992-10-12,1.7949718806920292,-0.44606356108711426
1992-10-13,1.7470331547009466,-0.5158481254931624
1992-10-14,1.6424416309959085,-0.5239795740986444
1992-10-15,1.517295255844026,-0.32074954038156456
1992-10-16,1.4072836730282328,0.06649938271357496
1992-10-17,1.345955889381749,0.54563623103601
1992-10-18,1.1982086491864654,0.7196349140573831
1992-10-19,1.2336754208673577,0.7980997855615652
1992-10-20,1.1810474679975131,0.7942475928450531
1992-10-21,1.1304085422938002,0.7185465289926868
1992-10-22,1.1543757089296751,0.8580932366280394
1992-10-23,0.8572216089975492,1.2418922962988506
1992-10-24,0.38983286569123554,1.424278705297397
1992-10-25,0.1403306958217786,1.3400355578269831
1992-10-26,-0.02521843875348336,1.1541472949158327
1992-10-27,-0.03423785841899551,1.0178393254531621
1992-10-28,-0.07119765258524548,0.7928618606857268
1992-10-29,-0.260999322752269,0.8367684518844581
1992-10-30,-0.41058478423546774,0.5143845478559185
1992-10-31,-0.4331346253803622,0.4013531478110648
1992-11-01,-0.5822734911078572,0.33396592247368917
1992-11-02,-0.6597509851769107,0.29039309007227876
1992-11-03,-0.8925831417725365,0.34773791653325925
1992-11-04,-1.0467174753288455,0.3576876959040206
1992-11-05,-0.9284057836859602,0.34133347166105266
1992-11-06,-0.8343298678293677,0.18872975098327519
1992-11-07,-0.6497206990319141,-0.05032458916231729
1992-11-08,-0.5980080810206833,-0.12584350551701975
1992-11-09,-0.6178312095171087,-0.5124267193971008
1992-11-10,-0.41556462125341875,-0.8208505916357443
1992-11-11,-0.01093777138625799,-0.8216667614721264
1992-11-12,0.12054264653329998,-0.7470427476921656
1992-11-13,0.13346011934644472,-0.7659513705252765
1992-11-14,0.25462093527846313,-0.4470555183384261
1992-11-15,0.3389983243922681,-0.2909703553711432
1992-11-16,0.12206890858873608,-0.2820454395942871
1992-11-17,0.11974240950933299,0.10889387614346334
1992-11-18,0.005720515330289087,0.6794337405740094
1992-11-19,-0.09723541868721636,1.1755881782379367
1992-11-20,-0.3036532025572267,1.3158556564965194
1992-11-21,-0.4769436934262771,1.1731554227839045
1992-11-22,-0.5165955734538783,1.1615052010468612
1992-11-23,-0.48999109197737306,0.8921548403642634
1992-11-24,-0.6467618186782629,0.5432073654981201
1992-11-25,-0.6107705122760775,0.32896876382531615
1992-11-26,-0.6940235122903176,-0.10575384536724039
1992-11-27,-0.8205617378427835,-0.22990166267310894
1992-11-28,-1.0959285068455737,-0.5116048245387207
1992-11-29,-0.8980742841921415,-0.6597869490770254
1992-11-30,-0.7860774262343423,-0.7170947288373983
1992-12-01,-0.5875244360353816,-0.7461553143542017
1992-12-02,-0.25748598476241413,-0.44411359301977427
1992-12-03,0.04130555540132609,-0.41365157264206637
1992-12-04,0.1724979774623352,-0.3504433074282076
1992-12-05,0.24809300406474344,-0.15982244148549854
1992-12-06,0.14495744988288845,0.08372167545735966
1992-12-07,-0.023887960750062495,0.32690318361484344
1992-12-08,-0.3409954359363479,0.34467629047013604
1992-12-09,-0.48172324579766757,0.18463856042465365
1992-12-10,-0.45315023890854345,0.16403182434130797
1992-12-11,-0.4143574162588723,0.14224331009989818
1992-12-12,-0.22352280634961316,-0.013787483386021315
1992-12-13,-0.10312714595769559,-0.23509234130360443
1992-12-14,0.09189474349826479,-0.335182418396055
1992-12-15,0.1290607006315441,-0.44110518512627456
1992-12-16,0.31823748777758754,-0.45587013844100605
1992-12-17,0.6975001386415832,-0.47313008661743966
1992-12-18,1.0191733683021278,-0.6249861954578783
1992-12-19,1.094594419494546,-0.4906150159260039
1992-12-20,0.9726957550515077,-0.1938305329437559
1992-12-21,0.9793811610834889,0.05494290316959339
1992-12-22,0.9177805685788533,0.3482670732803242
1992-12-23,0.6359930491525461,0.271851839791219
1992-12-24,0.33774528276210675,0.06713627812533846
1992-12-25,0.1430678666936622,0.27194803319738337
1992-12-26,-0.04736743401397651,0.4257821822744806
1992-12-27,-0.1997948979989294,0.3648090062078583
1992-12-28,-0.28943334813986016,0.6867426666579199
1992-12-29,-0.36971493974881386,0.9971389847588377
1992-12-30,-0.7778150026952831,1.3489725633606744
1992-12-31,-1.3293060436688817,1.6392822836389247
1993-01-01,-1.8120740756637268,1.5663282853166531
1993-01-02,-2.081640244990099,1.2379437108429265
1993-01-03,-2.6312428875168696,0.7843706999428554
1993-01-04,-3.098147340206891,0.08332252280181664
1993-01-05,-3.276509314246614,-0.5569091307227458
1993-01-06,-3.1017786026960863,-1.2578289769418378
1993-01-07,-2.3578698946581023,-1.5967903786478455
1993-01-08,-1.6323318851402473,-1.7104047412376344
1993-01-09,-1.1225090090153165,-1.6968329820418604
1993-01-10,-0.8428301173615766,-2.1713658361109367
1993-01-11,-0.5983117512266678,-2.401838325727339
1993-01-12,-0.08652288932587256,-2.7546841230904047
1993-01-13,0.2854971200896925,-2.8357272676929504
1993-01-14,0.893348525258802,-2.696203023906443
1993-01-15,1.2929530643171658,-2.3920368730776516
1993-01-16,1.6542906268708497,-2.164028231904344
1993-01-17,1.9960290963649179,-2.052046577022136
1993-01-18,2.4715614532947963,-1.788809620332327
1993-01-19,2.9368616064461865,-1.6370360157457076
1993-01-20,3.1741400986687895,-1.2389113664769413
1993-01-21,2.9973148890591723,-0.7860135370314437
1993-01-22,2.8775287257897184,-0.08522504434761083
1993-01-23,2.8521170204619017,0.4410442261815674
1993-01-24,2.5380148531834545,1.1170046964338718
1993-01-25,1.9655652268770216,1.8249104219609962
1993-01-26,1.5290451709424349,2.1854068003615383
1993-01-27,0.8783006306354775,2.245855558197863
1993-01-28,0.22619726176817953,2.23428143975546
1993-01-29,-0.44014370115385626,1.9835561167704527
1993-01-30,-0.9971353105346719,1.5708027952120498
1993-01-31,-1.2102713400603593,1.5581841666066443
1993-02-01,-1.3207093194910613,1.6421238501062068
1993-02-02,-1.562139818631831,1.637616460216751
1993-02-03,-1.9476292115236018,1.3452819334689365
1993-02-04,-2.269701903795416,1.328153206042068
1993-02-05,-2.2907830509996447,1.4197600177637224
1993-02-06,-2.390109504936316,1.3670332194353925
1993-02-07,-2.335795224334179,1.1177642581516225
1993-02-08,-2.1730500479747854,0.6361840772037785
1993-02-09,-1.9239494183175114,0.2280900437549089
1993-02-10,-1.485521640928027,-0.19871418699440538
1993-02-11,-1.1117547270116734,-0.2614499088499395
1993-02-12,-0.7089989185285202,-0.19872463719205474
1993-02-13,-0.39155518627542457,0.11803947833393807
1993-02-14,-0.2767426742165833,0.11334314149125876
1993-02-15,-0.06539803871104276,0.060594409849545665
1993-02-16,-0.1827840171437444,-0.13329635145876215
1993-02-17,-0.3251644581087204,-0.3170249705235397
1993-02-18,-0.26200444570246006,0.11378908824875072
1993-02-19,0.08882708245287933,0.3227740551186403
1993-02-20,0.3897911554322383,0.2808207095731914
1993-02-21,0.3754782289789021,0.13144556346593017
1993-02-22,0.3476305513654362,0.02821082403873077
1993-02-23,0.43698146190715503,-0.08296895624880772
1993-02-24,0.5298168580380286,-0.10847454803846686
1993-02-25,0.5257748585225763,-0.20355414144736655
1993-02-26,0.6424629084960671,-0.12340065329627678
1993-02-27,0.5632649903193834,-0.3940203380109366
1993-02-28,0.3317624715939246,-0.6791737904206808
1993-03-01,0.34734883753280693,-0.6968099057559715
1993-03-02,0.5075128787052426,-0.8579474209930822
1993-03-03,0.41482561991506656,-0.909281729350922
1993-03-04,0.7865224921462715,-1.1196187667283652
1993-03-05,1.0450516991369894,-1.4830076201957103
1993-03-06,1.368451643393383,-1.5482725461235776
1993-03-07,1.566321049860972,-1.6041846980152468
1993-03-08,1.625188662353737,-1.6240187940824802
1993-03-09,1.771604316223646,-1.5277251015081879
1993-03-10,1.7191065936561691,-1.2958991004251248
1993-03-11,1.6185289122846669,-0.9726136875875138
1993-03-12,1.4001170315210203,-0.7028857890834587
1993-03-13,1.0079719613767932,-0.37899681965387055
1993-03-14,0.37676158135909477,-0.08698002251014256
1993-03-15,0.04910048437836341,0.29796864433680004
1993-03-16,0.009333999358358647,0.7024990713353907
1993-03-17,-0.19908412275773033,0.8753946861610004
1993-03-18,-0.5132535721115453,0.9298438583311794
1993-03-19,-0.5167825768690971,0.7841794519381459
1993-03-20,-0.4402307661340063,0.35494796298486603
1993-03-21,-0.4528550809309796,-0.27828203826746034
1993-03-22,-0.36322686884132943,-0.49393730944051323
1993-03-23,-0.33250220288172844,-0.8157163507562022
1993-03-24,-0.20912668236930904,-0.8873550264344412
1993-03-25,0.0304321762057308,-0.6645076040301243
1993-03-26,0.5749743093658658,-0.2524659100365007
1993-03-27,0.835868371404014,-0.03249717968462535
1993-03-28,0.8106145720226954,0.09106078727123816
1993-03-29,0.746463383983221,0.15669367575504065
1993-03-30,0.6436484923415663,0.2710429558453842
1993-03-31,0.4427406478767394,0.5528725430861181
1993-04-01,0.6151014643344308,0.7841112050469924
1993-04-02,0.8451231343369697,0.8449947208558672
1993-04-03,0.9787216246377166,0.8387935076977632
1993-04-04,0.9169010866731578,0.6972490076801195
1993-04-05,1.079047505510545,0.7255307191988993
1993-04-06,1.002381905155141,0.9256865721656686
1993-04-07,0.8552596473287412,0.9288998182860184
1993-04-08,0.47428851942188666,0.8019082541624628
1993-04-09,0.17318592297276078,0.7611894555965636
1993-04-10,0.035532368247988944,0.9320658029001743
1993-04-11,-0.12861462481694325,1.0389961835009403
1993-04-12,-0.5122261577887006,0.9365740918474283
1993-04-13,-0.9580327318435226,0.7953812547939608
1993-04-14,-1.0833098175032572,0.6707042981796565
1993-04-15,-1.3818368229972358,0.7386958209838569
1993-04-16,-1.4418893893138647,0.7025894994499932
1993-04-17,-1.572360793190378,0.5945504494325542
1993-04-18,-1.4555183085071903,0.4468698390884308
1993-04-19,-1.4164112781451905,0.4039095876369466
1993-04-20,-1.3728978523043707,0.450345294593599
1993-04-21,-1.2584723713516288,0.17457735409044073
1993-04-22,-1.1599295552059257,0.035410744748232165
1993-04-23,-1.287646735713737,0.06758428037755938
1993-04-24,-1.2294724889181772,-0.008427781410550436
1993-04-25,-1.0795287445783344,-0.31503900425807474
1993-04-26,-1.0142461359933772,-0.4167143709139926
1993-04-27,-0.8597826947238416,-0.39300291442268676
1993-04-28,-0.49740512624791555,-0.2980405655982554
1993-04-29,-0.28822085163574873,-0.30687278267016144
1993-04-30,-0.17456987146457753,-0.2627459731553622
1993-05-01,-0.29426260295489964,-0.18281613533383725
1993-05-02,-0.20160280106526704,-0.3385725895139804
1993-05-03,-0.04618458575641556,-0.4366157655914341
1993-05-04,0.037579678103924825,-0.35376284730746954
1993-05-05,0.360204503566509,-0.2364552158957935
1993-05-06,0.48269550629781965,0.01290688669526088
1993-05-07,0.6327190600770064,0.3732744100819826
1993-05-08,0.34396295527698795,0.37308965134179223
1993-05-09,0.05292959501672742,0.1921461725568846
1993-05-10,-0.13352356457250314,-0.09760593654530415
1993-05-11,-0.16874157553568825,-0.1012375172181214
1993-05-12,-0.3835565582205715,-0.08417006365870859
1993-05-13,-0.8508024517931293,-0.262889015062296
1993-05-14,-0.9946746179987351,-0.4131298226116769
1993-05-15,-1.2096838294207783,-0.7443893484565228
1993-05-16,-1.2532920974656778,-0.9614915239503616
1993-05-17,-1.233802954065694,-0.8551152439450612
1993-05-18,-1.0808701402270113,-0.5556599136723042
1993-05-19,-0.9532656082096919,-0.4014797614300238
1993-05-20,-0.6668093506087351,-0.40309037676461984
1993-05-21,-0.7574583748472974,-0.25467794019810847
1993-05-22,-0.7536683233203455,-0.25618546348707766
1993-05-23,-0.8130340076872065,-0.3854080512837891
1993-05-24,-0.7492727266067271,-0.5707635265509047
1993-05-25,-0.40738811275925474,-0.8490883942160461
1993-05-26,-0.19880881525734986,-1.2552133656060946
1993-05-27,0.12682729269520443,-1.4772844744687381
1993-05-28,0.40883190405231,-1.5873672233877436
1993-05-29,0.7928661820241246,-1.5561666953763034
1993-05-30,1.1103092279315554,-1.3709228854281565
1993-05-31,1.1950813373627138,-1.2343177952008622
1993-06-01,1.3545605397344096,-1.1125588495553473
1993-06-02,1.5637810447548002,-1.1133462888563237
1993-06-03,1.6617282009461931,-0.9287442073157183
1993-06-04,1.7492647824709204,-0.6956595210045005
1993-06-05,1.7281770908562835,-0.508912288480173
1993-06-06,1.634971190712785,-0.32843279542326476
1993-06-07,1.4170892142485725,0.14638516455022607
1993-06-08,1.476903887691223,0.7433241501478316
1993-06-09,1.208206517491724,1.1545594194336763
1993-06-10,1.1655707642010542,1.5096101933325197
1993-06-11,1.0124164027136648,1.7776741376509095
1993-06-12,0.7647805597626747,1.6907642192826184
1993-06-13,0.278689077050955,1.3483589791574062
1993-06-14,-0.007402073972581692,1.089022387114765
1993-06-15,-0.06296959430291875,0.7457753580984301
1993-06-16,-0.08981498659534856,0.7058487431326231
1993-06-17,-0.33222065815866725,0.4494039671819907
1993-06-18,-0.39119819274008216,0.38767033155055564
1993-06-19,-0.45223636543460966,0.34186765040042266
1993-06-20,-0.8795747541789515,0.17320418320542819
1993-06-21,-1.0693353368846041,-0.02849208799801154
1993-06-22,-1.1205838532673071,-0.35478677946334547
1993-06-23,-0.8967551367698938,-0.5898433068565225
1993-06-24,-0.696596772252253,-0.4919696828873373
1993-06-25,-0.5728843524942961,-0.2715458792040349
1993-06-26,-0.7215522349627989,-0.3056545167308871
1993-06-27,-0.7699079565001237,-0.4168378169413021
1993-06-28,-0.811759157542566,-0.6740604034093257
1993-06-29,-0.753454571647114,-0.8718837696191991
1993-06-30,-0.36280069161823464,-1.034216354335304
1993-07-01,-0.07277012032681167,-1.1149513022146635
1993-07-02,0.0922011459619665,-0.992996739933709
1993-07-03,0.2855610326922684,-0.8207096581498562
1993-07-04,0.5470257835313492,-0.7994049225099633
1993-07-05,0.759898660987132,-0.4298391900652174
1993-07-06,0.7479965423184795,-0.08816604202135903
1993-07-07,0.8011987827757758,-0.07331913236656842
1993-07-08,0.6469933806132572,-0.08932695734529794
1993-07-09,0.6013504517222101,0.02099129695606884
1993-07-10,0.5683845494853526,0.18456682611578745
1993-07-11,0.16790247594828905,0.2965466888250008
1993-07-12,-0.09484557275473102,0.11369999030102694
1993-07-13,-0.25542755292768443,0.02325710662045311
1993-07-14,-0.29922017217390445,-0.3362219920424213
1993-07-15,-0.24010328748816337,-0.5851958513082878
1993-07-16,0.006586753236194399,-0.4926952657018705
1993-07-17,0.13468250575709823,-0.30827578415404133
1993-07-18,0.06682709030755314,-0.10233983856262699
1993-07-19,0.14855789270917885,0.1288437882446291
1993-07-20,0.24545162202970777,0.44693150784999747
1993-07-21,0.35622211688004984,0.7465829031417843
1993-07-22,0.552020800356962,0.543131536863888
1993-07-23,0.7028964154823054,0.4391832879726611
1993-07-24,0.6121817456965988,0.49247150533237716
1993-07-25,0.5975717344771981,0.7541708733880792
1993-07-26,0.6644273424976568,0.935567354470208
1993-07-27,0.7883812232319625,1.2406994720140379
1993-07-28,0.9819174199128289,1.4948702807069518
1993-07-29,1.0274579616755344,1.5548461491970218
1993-07-30,0.8454800960337854,1.4209112096082421
1993-07-31,0.6875896142638689,1.3745660511482611
1993-08-01,0.7116515688603937,1.6536086774454797
1993-08-02,0.6703064988172509,1.7816971769792955
1993-08-03,0.4275964383434912,2.0487545687381057
1993-08-04,0.13908868269419794,1.9236362771536897
1993-08-05,-0.20115560633994728,1.6056665664834089
1993-08-06,-0.49124648275919863,1.5683744760560527
1993-08-07,-0.8555737771194921,1.4101902868512473
1993-08-08,-0.8887699221504833,1.4073189329778164
1993-08-09,-0.6538861477213277,1.1952270127632134
1993-08-10,-0.3485551791394599,0.8705929237251016
1993-08-11,-0.3238080310035223,0.7026211227838308
1993-08-12,-0.4351994974066781,0.4283696129428569
1993-08-13,-0.4319948920477264,0.33910741611758727
1993-08-14,-0.4496280011735487,0.17787430273082105
1993-08-15,-0.7200249874476865,-0.1578429313093204
1993-08-16,-0.8128437545561525,-0.21897801429223038
1993-08-17,-0.7448005363107978,-0.4536164254885449
1993-08-18,-0.7272536360211533,-0.6858585252768051
1993-08-19,-0.996187894588906,-0.8916429005510736
1993-08-20,-0.9443179531016087,-0.813804927041216
1993-08-21,-0.8558179011016601,-0.752772122568042
1993-08-22,-0.8344846948329426,-0.6139160066264664
1993-08-23,-0.6691281880742526,-0.5919272325275298
1993-08-24,-0.5260464228034764,-0.4926825329567324
1993-08-25,-0.16993794911827664,-0.30870959248346946
1993-08-26,-0.11731638640098609,-0.47462723241193555
1993-08-27,-0.1882011851716861,-0.5507504417453105
1993-08-28,-0.3627937230541031,-0.5444574684584417
1993-08-29,-0.3735938176210583,-0.5798922538355563
1993-08-30,-0.3246505136751335,-0.5993807016970502
1993-08-31,0.023411010019216586,-0.6586495181909412
1993-09-01,0.02346305794072579,-0.5785942208723189
1993-09-02,0.3165578904401867,-0.7898669079473384
1993-09-03,0.1330296123598287,-0.7663346570186643
1993-09-04,0.22945272648338896,-0.4883582384274228
1993-09-05,0.30814836493862735,-0.3087975582737035
1993-09-06,0.3227615147326391,-0.2677247954883886
1993-09-07,0.49104813758766236,-0.521425690598068
1993-09-08,0.5158439898817861,-0.7424029996966581
1993-09-09,0.43648554016834457,-0.9031209034525765
1993-09-10,0.32018215696153696,-1.1932556612604908
1993-09-11,0.2745651920353184,-0.9640540150641832
1993-09-12,0.3586255042559381,-0.7606428288265691
1993-09-13,0.2837097364952292,-0.701953461227498
1993-09-14,0.23037958781747553,-0.4749269433670882
1993-09-15,0.08468848268349555,-0.2946084439338645
1993-09-16,-0.19184213574133865,-0.14692197055692716
1993-09-17,-0.21492151329805953,-0.059358424944623275
1993-09-18,-0.2704208994645449,-0.1530381028423468
1993-09-19,-0.4042222735447445,0.006546126642534522
1993-09-20,-0.535991769866223,0.020360632510694154
1993-09-21,-0.5194804324225673,-0.07211928138691495
1993-09-22,-0.2141075912303111,-0.2264725913572832
1993-09-23,0.04721502626388211,-0.4187637568551884
1993-09-24,0.22348805580850098,-0.48046643597608213
1993-09-25,0.3699400505772409,-0.25355988216953246
1993-09-26,0.5330001741749967,-0.13828190393155904
1993-09-27,0.8905593697478321,-0.0786204200690747
1993-09-28,0.9730899576360684,-0.15332032917908234
1993-09-29,0.9974785990513019,0.19638704109917007
1993-09-30,1.2048169331163954,0.1574896217114438
1993-10-01,1.3276980370033578,0.3001617326406077
1993-10-02,1.287776570702873,0.43091746397013614
1993-10-03,1.3405100831984313,0.4807554677745613
1993-10-04,1.4079341471276499,0.4597417740549609
1993-10-05,1.0245234930326377,0.29474472787089767
1993-10-06,0.9101993664796395,0.4723471156446753
1993-10-07,0.7259842949955002,0.5844425831890625
1993-10-08,0.5222578430623687,0.8480269593284994
1993-10-09,0.4690923957804333,1.0482848916093799
1993-10-10,0.356465283862988,0.9210823320137931
1993-10-11,0.09239820736977102,0.6373349866593617
1993-10-12,0.07181537815635934,0.5343602466044803
1993-10-13,0.03586907129534359,0.5757194142537417
1993-10-14,-0.1110917993487736,0.4827744560347489
1993-10-15,-0.45606702905340274,0.5406624839334527
1993-10-16,-0.5383579783906879,0.6955689752570942
1993-10-17,-0.5409198561915584,0.8886227382426639
1993-10-18,-0.5413590869498578,0.862313242981048
1993-10-19,-0.6012916551687794,0.827192639636029
1993-10-20,-0.4284110654668057,0.8856087465928245
1993-10-21,-0.33178670051307513,1.1127686149659177
1993-10-22,-0.5667164014379898,1.0245343135221332
1993-10-23,-0.9349275312439043,0.9228838403762523
1993-10-24,-1.404011783344023,0.9216837901071113
1993-10-25,-1.7958581717725102,0.7460718286087148
1993-10-26,-2.1482281702542965,0.5209338750485669
1993-10-27,-2.2551582259638168,0.4078364545942374
1993-10-28,-2.3261863100494486,0.0506972260309886
1993-10-29,-2.3067737454297115,-0.21541413732612594
1993-10-30,-2.2198675480405248,-0.5506689977347011
1993-10-31,-1.856772137000311,-0.9424756859058147
1993-11-01,-1.428302511049968,-1.2468238409719268
1993-11-02,-0.9671422879378483,-1.7239392737889914
1993-11-03,-0.888223750324688,-2.0459228451581115
1993-11-04,-0.6560055940353459,-2.02768149167819
1993-11-05,-0.2452857930000342,-1.7685371022210543
1993-11-06,0.11297338511568884,-1.5937734619207893
1993-11-07,0.510249137348671,-1.3750738218087741
1993-11-08,0.7949416315593218,-0.7999468837793194
1993-11-09,1.101324900888425,-0.4151241294407048
1993-11-10,1.3094219426372675,0.15049373694519977
1993-11-11,1.4685125266318195,0.8788662713590538
1993-11-12,1.4722794105143098,1.0196703024923615
1993-11-13,1.1841093099631046,0.8896144358927758
1993-11-14,0.7470036415905815,0.5723698721653505
1993-11-15,0.5539055396490377,0.38194849913775764
1993-11-16,0.1776508184654453,0.320935091596714
1993-11-17,-0.11192428584583125,0.18392623702118843
1993-11-18,-0.5782290807962384,0.1247446384704392
1993-11-19,-0.7201722011237355,-0.06812198166673346
1993-11-20,-0.7339720749954924,-0.15358316405078123
1993-11-21,-0.7459530160694646,-0.1744392056578229
1993-11-22,-0.6339072856728281,-0.41904300525883603
1993-11-23,-0.3978762472520735,-0.4283633640717944
1993-11-24,-0.30444335938055733,-0.5690638668253069
1993-11-25,-0.09488290719902172,-0.6831375331943633
1993-11-26,-0.004894735208465419,-0.7991861413885799
1993-11-27,0.00271464767677406,-1.1398070102257802
1993-11-28,0.18120257708150975,-1.4756672897952834
1993-11-29,0.7344212401433883,-1.4049998951792189
1993-11-30,0.7844216362187841,-1.1518648209596545
1993-12-01,0.9073310767524905,-0.8978919076177785
1993-12-02,0.9366024846185935,-0.7551129315584066
1993-12-03,1.1005337941298847,-0.5584094494926031
1993-12-04,1.294808951577945,-0.3300728097719848
1993-12-05,1.6947057509425485,0.06371606826946763
1993-12-06,1.813126448838025,0.16315625261392042
1993-12-07,1.659640563708587,0.14031487960438946
1993-12-08,1.4057797531783558,0.2857109111902596
1993-12-09,1.172795457789491,0.19707049112731334
1993-12-10,0.650459810174121,0.11903123172855987
1993-12-11,0.46767407590561866,0.06309728826206866
1993-12-12,0.379334833114016,0.10200211108381027
1993-12-13,0.18627951782227117,0.36864912163938585
1993-12-14,0.06567948097738308,0.6823915723977498
1993-12-15,-0.027973136545026055,0.6857470064669318
1993-12-16,-0.0282156594327029,0.5351091793118573
1993-12-17,0.018461912255348562,0.4829653982253374
1993-12-18,0.3317166004642666,0.7042069590738201
1993-12-19,0.46554860219265787,0.675227635978489
1993-12-20,0.31059689904239823,0.7253472700861224
1993-12-21,-0.022270341773409707,0.7282851448489117
1993-12-22,-0.24900872693559534,0.85210903445319
1993-12-23,-0.38899418633604965,0.9574930257291927
1993-12-24,-0.4307319026230546,0.9131091375625627
1993-12-25,-0.728242338495885,0.7412935253146636
1993-12-26,-0.6063716930287637,0.8266935836497951
1993-12-27,-0.4969630665652717,0.9486865448522236
1993-12-28,-0.5317186322864119,1.2003696062740254
1993-12-29,-0.7162111522703415,1.5517928440600122
1993-12-30,-0.8831772379370519,1.4291383204174462
1993-12-31,-0.7841162210243584,1.0338715913121745
1994-01-01,-0.6710207398368235,0.4960726384125008
1994-01-02,-0.752717748142301,0.4077666289089415
1994-01-03,-1.1727915888909686,0.37982827360175897
1994-01-04,-1.3512901755687523,0.16613190404950726
1994-01-05,-1.181378282777125,0.06502860892437153
1994-01-06,-1.1124543098514483,-0.11505289845237643
1994-01-07,-1.1831927801125006,-0.19399708663428553
1994-01-08,-0.9634297883792426,-0.14826412837853978
1994-01-09,-0.745112363956318,-0.3564733459155929
1994-01-10,-0.7032517560352561,-0.514144585828801
1994-01-11,-0.619034647853253,-0.5935220913944088
1994-01-12,-0.8007721666086246,-0.5232815527765328
1994-01-13,-0.813582511074494,-0.47729669104058725
1994-01-14,-0.7682479933132225,-0.4115196888605405
1994-01-15,-0.3579871859551455,-0.3948383117738698
1994-01-16,0.15142502776634345,-0.4620397657400398
1994-01-17,0.19333376527009255,-0.3752877701358346
1994-01-18,0.19220268864759532,-0.29850318509779505
1994-01-19,0.41615465122161405,-0.30693334900108166
1994-01-20,0.4303736634930249,-0.006692749356649375
1994-01-21,0.4948507941909906,0.03056360655556391
1994-01-22,0.5439221003969498,-0.20874776474065
1994-01-23,0.6930576167873987,-0.2295593338219296
1994-01-24,0.46337349227422253,-0.09169266181711506
1994-01-25,0.3170847059515601,-0.11322420254035208
1994-01-26,-0.004202370759618335,-0.23098687692759512
1994-01-27,-0.4527161787269171,-0.14037126349000761
1994-01-28,-0.5971202261016417,-0.2638801197234066
1994-01-29,-0.7044929168474698,-0.5141927510211405
1994-01-30,-1.0123466188429424,-0.6843842291828182
1994-01-31,-0.9724890337486168,-0.980378346737932
1994-02-01,-0.7827954670925634,-1.1637615718947343
1994-02-02,-0.6287465422405039,-1.3472486215577186
1994-02-03,-0.5242284178118074,-1.6291317953194928
1994-02-04,-0.06318003115515596,-1.5145628961665552
1994-02-05,0.4330040539418582,-1.4219681851714543
1994-02-06,0.8942775269297496,-1.416198452684714
1994-02-07,1.196739123334104,-1.343944110098131
1994-02-08,1.42645460954311,-1.1847555038584467
1994-02-09,1.5237537901494564,-1.1989743186289799
1994-02-10,1.5577302125774872,-1.3565630531228228
1994-02-11,1.739287558097884,-1.4000320338795607
1994-02-12,1.9108675218776774,-1.3431464205100834
1994-02-13,2.048318740221674,-1.1360176029443685
1994-02-14,2.2327175036725326,-0.7475308664029535
1994-02-15,2.2512250755760226,-0.2769429007089317
1994-02-16,2.278060932022341,0.34711270591531124
1994-02-17,2.1081984052728195,1.0315119922147173
1994-02-18,1.8343625368289764,1.699528451031464
1994-02-19,1.4457742587305515,2.0447783912959063
1994-02-20,1.0628327268493238,2.232329237769137
1994-02-21,0.7511141334223536,2.5079724578614147
1994-02-22,0.15265819029550717,2.4670078487279765
1994-02-23,-0.32562924987886904,2.2190841393836576
1994-02-24,-0.6747580570329406,2.210545337402592
1994-02-25,-0.8348408535575894,1.887652365276636
1994-02-26,-0.9401167374681049,1.5237175537554528
1994-02-27,-1.3386101170525986,1.3881181412265828
1994-02-28,-1.4382305261852821,1.3438111876082661
1994-03-01,-1.4514761316282567,1.103963760819829
1994-03-02,-1.5559876128930508,0.5939247265512444
1994-03-03,-1.5462856742280306,0.10877803578640165
1994-03-04,-1.2259383265581538,0.1875772849812624
1994-03-05,-0.8352001122077698,0.3873498500314421
1994-03-06,-0.7214686830431744,0.561867541520041
1994-03-07,-0.5179382840959471,0.26483197633496164
1994-03-08,-0.365963648358634,-0.29946917772357856
1994-03-09,0.005332373310186075,-0.6961420743432157
1994-03-10,-0.06250874329236716,-0.9953011881259809
1994-03-11,-0.12732039703260817,-1.1658654224795408
1994-03-12,0.15365586520791727,-1.223485671422093
1994-03-13,0.5862246273389211,-1.143004663946464
1994-03-14,0.8477010350873856,-1.0343821585238846
1994-03-15,0.7505215762601027,-0.8439229078101478
1994-03-16,0.5889503025191644,-0.8143829291304406
1994-03-17,0.5277582348374454,-0.6878928934986416
1994-03-18,0.49789267353502636,-0.6859437644481726
1994-03-19,0.3053846183488344,-0.6665214847919008
1994-03-20,0.4333463747436877,-0.6327699369607687
1994-03-21,0.6256590905808734,-0.5141350510060645
1994-03-22,0.8927667324294519,-0.23766416112631064
1994-03-23,1.0605302453458496,-0.03170933384851744
1994-03-24,0.7547712142796393,0.06077087661255134
1994-03-25,0.3961886857903415,0.20203482777254464
1994-03-26,0.1948857502993458,0.28108156567880505
1994-03-27,0.0002611631874849124,-0.07399372573846001
1994-03-28,-0.3148457519607972,-0.2599053474367175
1994-03-29,-0.4764987235945683,-0.36456751009232974
1994-03-30,-0.6060882668347329,-0.3976936913909117
1994-03-31,-0.5222856844644927,-0.3174298906376702
1994-04-01,-0.10396865876271773,-0.40882488356123553
1994-04-02,0.06631506523076776,-0.4669137115933906
1994-04-03,0.11426794836426557,-0.49406410545836527
1994-04-04,0.1648884544203069,-0.13055492034600583
1994-04-05,0.36627760415266597,0.09299304868098189
1994-04-06,0.2477310338134218,0.4687425900670514
1994-04-07,0.012792038470853606,0.5169565486268185
1994-04-08,-0.1726074390593857,0.5356895438406662
1994-04-09,-0.19552224622717243,0.6089320821866256
1994-04-10,-0.09428197844090158,0.6098331539932466
1994-04-11,-0.14183042023665873,0.1930506380528668
1994-04-12,-0.396207074361069,-0.2575629082615196
1994-04-13,-0.44372540125310067,-0.5789828680716913
1994-04-14,-0.3676722345699156,-0.6744217725485127
1994-04-15,-0.17786288101245548,-0.6992887868115614
1994-04-16,0.05561648563335523,-0.6016080322727413
1994-04-17,0.10953524093780141,-0.4676673294456081
1994-04-18,0.08849407525634972,-0.20684546504611379
1994-04-19,-0.12713409331912634,-0.15282204648465808
1994-04-20,-0.2331565928842802,-0.16817072007598402
1994-04-21,-0.21183339054745537,-0.07620330769042756
1994-04-22,-0.3164453004361309,-0.08431380525265804
1994-04-23,-0.6920724943030618,-0.11378476593062628
1994-04-24,-0.8140296333169829,-0.37209205188972033
1994-04-25,-0.6496327525073522,-0.7538454410598577
1994-04-26,-0.4357099046299023,-0.8887995537291965
1994-04-27,-0.26850719010251073,-0.770030510756342
1994-04-28,-0.1045346483265787,-0.8559314919262833
1994-04-29,0.3543506675226658,-0.7723327881408846
1994-04-30,0.6685324105119473,-0.6478986330408083
1994-05-01,0.8376082312149998,-0.25320058079100566
1994-05-02,0.9795172606332953,-0.07425321857148437
1994-05-03,0.9469159270268289,0.19225726766086618
1994-05-04,0.680063666008218,0.5015920236010432
1994-05-05,0.7541788714732871,0.5365854000873195
1994-05-06,0.7575954126595491,0.8390366910448981
1994-05-07,0.6222727585827966,1.1014998414756625
1994-05-08,0.39656786825193147,1.3883719353767443
1994-05-09,0.1382760565601579,1.6641215362121327
1994-05-10,-0.12897296846609685,1.9057626059835557
1994-05-11,-0.6223131846738387,1.9773742594365924
1994-05-12,-1.0834400655314913,1.8906227460466087
1994-05-13,-1.3542750360628604,1.7614963215528705
1994-05-14,-1.750688760823376,1.4922437941054247
1994-05-15,-1.9786828335208404,0.9644262697179959
1994-05-16,-1.9949680123585374,0.45669043876301474
1994-05-17,-1.975703403437691,0.23277329186225293
1994-05-18,-1.864210089284469,0.04703795624813929
1994-05-19,-1.7455677754344245,-0.05162931613312757
1994-05-20,-1.8212789976311277,-0.41394758948142285
1994-05-21,-1.64656134196366,-0.7066796051063874
1994-05-22,-1.4044328538598436,-0.8265225717315009
1994-05-23,-1.047705425342736,-0.9181641045762632
1994-05-24,-0.7277122979040785,-0.9272340956947277
1994-05-25,-0.5055612400497196,-0.9652486779592694
1994-05-26,-0.21752122919759706,-0.8519782788842204
1994-05-27,-0.10398087709755151,-0.8652248395476279
1994-05-28,0.04874794517947548,-0.4994569251617512
1994-05-29,0.08810357572395738,-0.34914878407313593
1994-05-30,-0.003643007426145646,-0.33330788659948546
1994-05-31,0.021864507368648377,-0.47199883683073024
1994-06-01,0.12844641126268846,-0.6542216924286431
1994-06-02,0.30965060355855845,-1.0242604399604402
1994-06-03,0.5652482459502413,-1.3183042631791178
1994-06-04,0.862871187459217,-1.4064122223944802
1994-06-05,1.1583963735785912,-1.5054745130853464
1994-06-06,1.296056826640928,-1.4279487569218625
1994-06-07,1.474685338154452,-1.0982145334554125
1994-06-08,1.8904079885621505,-0.5863273541255145
1994-06-09,1.9322199577321577,-0.3028563592219704
1994-06-10,1.868948436923936,0.0022990000084202027
1994-06-11,1.6706495337557932,0.21921534616832158
1994-06-12,1.5247700557464159,0.2919416470429136
1994-06-13,1.458892112795997,0.3368451858225053
1994-06-14,1.3116095862483947,0.36201810565964
1994-06-15,1.131169746844429,0.44482437595037455
1994-06-16,1.0620281592911653,0.6425012157926556
1994-06-17,0.7745837477085368,0.8599558921358921
1994-06-18,0.37900752346084865,0.7355960335195454
1994-06-19,-0.05374729420468471,0.8032462633141989
1994-06-20,-0.16814002973024844,0.7932786625535012
1994-06-21,-0.5078645091125573,0.4869276810039294
1994-06-22,-0.6306385594875983,0.37249241049222287
1994-06-23,-0.32449502400941643,0.34602859488596815
1994-06-24,-0.10959134406021806,0.16085019957528512
1994-06-25,-0.1801642974420171,0.13370691658166195
1994-06-26,-0.279957439376163,-0.1371986710763433
1994-06-27,-0.472802879674266,-0.3579997532562743
1994-06-28,-0.42608728407686935,-0.5944167486937159
1994-06-29,-0.274730484530426,-0.7232155665362103
1994-06-30,-0.3037580850394269,-0.6327330960185248
1994-07-01,-0.17598847708869825,-0.3729697025598564
1994-07-02,-0.08075035791710301,-0.39485216213744684
1994-07-03,0.19507649717324715,-0.43214242093284494
1994-07-04,0.4481907456343998,-0.2763556084229338
1994-07-05,0.6999197657128294,0.015222166911212545
1994-07-06,0.9346277870370234,0.2522143118842815
1994-07-07,1.1645963586650803,0.6568442670591411
1994-07-08,1.1713656447143692,0.6759531011716993
1994-07-09,1.0005615187656216,0.4791076589842832
1994-07-10,0.7119663846148132,0.34429501202273854
1994-07-11,0.5764667254205343,0.4700196652296574
1994-07-12,0.4383193704382857,0.6515028599214112
1994-07-13,0.2223514257218745,0.7758236923653637
1994-07-14,0.01311636756070178,0.9486923338553664
1994-07-15,-0.1433854055626029,0.897827543861766
1994-07-16,-0.5193091121697974,0.7496350026067756
1994-07-17,-0.7996389011298917,0.4653685160819892
1994-07-18,-0.6801150883861924,0.38099036600552955
1994-07-19,-0.6734835242294681,0.4258062980520445
1994-07-20,-0.7553996376529752,0.3185947698810229
1994-07-21,-0.7743822632013861,0.5380123083005958
1994-07-22,-0.5194226004644812,0.8659960016775877
1994-07-23,-0.5803582416934326,0.9999042660428469
1994-07-24,-0.7625079252160322,1.0631534505162272
1994-07-25,-0.7004497175321044,0.9582241257354599
1994-07-26,-0.44767267292432267,1.0042969948587956
1994-07-27,-0.0876123322489358,1.1174129177350336
1994-07-28,0.23963423952567764,1.0295984055449292
1994-07-29,0.23369543369447862,0.44481026988449096
1994-07-30,0.24822090487062698,0.19039133504108557
1994-07-31,0.14786595714759374,-0.05302552598701253
1994-08-01,-0.0011015149260894862,-0.21463992139893262
1994-08-02,0.05591895126243517,-0.2823927645918423
1994-08-03,-0.015983932189266276,-0.4244660801503592
1994-08-04,-0.20937318004297947,-0.4011316090311378
1994-08-05,-0.3061750347820405,-0.4205058273396193
1994-08-06,-0.26397745552244917,-0.4837443489864301
1994-08-07,-0.35615700450833937,-0.6954328518560767
1994-08-08,-0.6134405643804722,-1.0823373731335633
1994-08-09,-0.56940883543449,-1.3096023697507775
1994-08-10,-0.3874485903087789,-1.3747391159889568
1994-08-11,-0.5053483115005583,-1.427721441996156
1994-08-12,-0.4789171768218058,-1.4238369139136124
1994-08-13,-0.4118465051883398,-1.1226571065792863
1994-08-14,-0.1608189699819626,-0.836321291502934
1994-08-15,-0.15437887937385772,-0.7325974605747322
1994-08-16,-0.1312801048748061,-0.899841159749555
1994-08-17,-0.1663560161281468,-0.8127317919788406
1994-08-18,0.0800648604305054,-0.6030632014872672
1994-08-19,0.35956304517263427,-0.4225957015088978
1994-08-20,0.520319966506127,-0.44462943764087043
1994-08-21,0.5738876313655582,-0.3218663185937021
1994-08-22,0.7954439051591419,-0.18208783468602285
1994-08-23,0.7922611399869038,-0.01995452508574034
1994-08-24,1.130026881294643,0.0024204030658344987
1994-08-25,1.1049160766774355,-0.16037408932818623
1994-08-26,1.0240417135225874,-0.23451838568767572
1994-08-27,1.1050932323789615,-0.3457466685466576
1994-08-28,1.1368616738601016,-0.4238672197233583
1994-08-29,1.2301145473223167,-0.5663544344479251
1994-08-30,1.3720833957263596,-0.36213771210063234
1994-08-31,1.3645261171966427,-0.35228486641179774
1994-09-01,1.5339545024204169,0.012240869715270702
1994-09-02,1.5281610487765787,0.07661928193635363
1994-09-03,1.3166753998031624,0.16304513938412019
1994-09-04,1.1276099726622815,0.499375599814169
1994-09-05,1.0415049683174844,0.7068625587827768
1994-09-06,0.8748898166213899,0.8651189414364853
1994-09-07,0.7894226942270798,0.9101105107708835
1994-09-08,0.907903462644664,1.1110035069640962
1994-09-09,0.9808245204526657,1.099482984620747
1994-09-10,0.8135039724954808,1.1555959925307862
1994-09-11,0.43548880066684054,1.3366928860942187
1994-09-12,0.3055920200056045,1.3482970826016119
1994-09-13,0.22392098070360994,1.2141395988387162
1994-09-14,0.2278605341353656,1.3980472482220112
1994-09-15,0.36276536564264017,1.5020036741304685
1994-09-16,0.3300963453932468,1.5645115205569378
1994-09-17,0.18255261202368833,1.696482180136557
1994-09-18,-0.30149914635541025,1.8129398191582073
1994-09-19,-0.8968879211197903,1.6909739297114212
1994-09-20,-1.1834149935538125,1.6150996625615102
1994-09-21,-1.4370134956332956,1.6282397393437065
1994-09-22,-1.6663469494639114,1.5733929050022146
1994-09-23,-1.7308496902274069,1.3694008900951413
1994-09-24,-1.5110245884100075,1.271331129217663
1994-09-25,-1.3177710749776328,1.361044655480781
1994-09-26,-1.364478843636322,1.3504607794949208
1994-09-27,-1.3588704918862307,1.080174902971707
1994-09-28,-1.4372503320563037,0.8960809653503037
1994-09-29,-1.3869090729752458,0.5695082887554416
1994-09-30,-1.0868828058602902,0.1511886340661436
1994-10-01,-1.1067509544768652,0.1049731166661154
1994-10-02,-1.0906319490809724,-0.19359170196853645
1994-10-03,-0.9865989053247048,-0.4831458164890371
1994-10-04,-0.8504135502309692,-0.6925857469315003
1994-10-05,-0.6876118824069145,-0.7521091913196469
1994-10-06,-0.40014784242168017,-0.5989467685789058
1994-10-07,-0.29174661636233834,-0.4306686383336467
1994-10-08,-0.21895061455418569,-0.26245289746482814
1994-10-09,-0.30995985304486157,-0.27082832951115254
1994-10-10,-0.45654378880727997,-0.47892365690884636
1994-10-11,-0.39589068898077345,-0.5297615560274626
1994-10-12,-0.7295973016899624,-0.5333245478397097
1994-10-13,-0.9912806975659013,-0.30118620334916923
1994-10-14,-1.1220207341332749,-0.557839911650925
1994-10-15,-1.286258376239897,-0.8974184942317289
1994-10-16,-1.0491480786637313,-0.7887398006850627
1994-10-17,-0.9317115086238219,-0.6542642918912464
1994-10-18,-1.0666566389781047,-0.4926328794572592
1994-10-19,-0.9079249622446408,-0.5618405752341624
1994-10-20,-0.6638500567016957,-0.7727443514187313
1994-10-21,-0.49995037694172767,-1.001453026313164
1994-10-22,-0.12102501863774806,-0.8828668112766349
1994-10-23,0.19111915375392804,-0.7449059320829889
1994-10-24,0.6540279501249509,-0.48532326661882574
1994-10-25,0.8469308285200945,-0.3340654724518703
1994-10-26,0.7055061168650858,-0.2655187513772537
1994-10-27,0.43381498240473787,-0.2607240890395704
1994-10-28,0.1850540167523117,-0.39732689372873975
1994-10-29,0.08434610972375547,-0.23973700885041577
1994-10-30,-0.30569805183012555,-0.27418084432420503
1994-10-31,-0.6287783221396633,-0.5994476925704045
1994-11-01,-0.8977335309286869,-0.8082847040080876
1994-11-02,-0.9927879033644526,-1.0406785784953223
1994-11-03,-0.9561277793918136,-1.2138477395352136
1994-11-04,-0.8190594150637649,-1.212621722100485
1994-11-05,-0.6101599856361687,-1.1731550919104572
1994-11-06,-0.7163521161236247,-1.2887902929728503
1994-11-07,-0.6456802283620179,-1.5727449655860728
1994-11-08,-0.6500600568775032,-1.6830956261114518
1994-11-09,-0.4222473682880665,-1.6205155304901
1994-11-10,-0.10634396625457597,-1.6179248124448524
1994-11-11,0.030326998337638803,-1.6159082861427627
1994-11-12,0.2243667652106269,-1.3459597593248211
1994-11-13,0.26602306619283866,-1.1601954703520505
1994-11-14,0.13262844346097172,-0.8712141788358913
1994-11-15,-0.06944585488731733,-0.44291505652977636
1994-11-16,-0.15187310479020924,-0.13770262082425302
1994-11-17,-0.036927866008809554,-0.06734458056709058
1994-11-18,-0.02328235003538776,-0.19529639806578322
1994-11-19,0.03499035426882379,-0.36648420840833795
1994-11-20,0.042640839317970435,-0.6786254374420354
1994-11-21,0.15719579215724477,-0.6690796074486125
1994-11-22,-0.01161373624951427,-0.4812690835125717
1994-11-23,-0.1660405223909309,-0.36904637836800497
1994-11-24,-0.10166515266214161,-0.3197371625906449
1994-11-25,0.4300171613756943,-0.25197780539323644
1994-11-26,0.7629818752773119,-0.2301121435621188
1994-11-27,0.8891947661678479,-0.19398618538456971
1994-11-28,1.0099804514278656,-0.21193204999453508
1994-11-29,1.2152502398064176,-0.2774026971255804
1994-11-30,1.2211895077784802,-0.2545378782744331
1994-12-01,1.2885704211619937,-0.10125328102850813
1994-12-02,1.4824293743044852,-0.04573433828781268
1994-12-03,1.473846809167331,0.2268105443097737
1994-12-04,1.2225071565677659,0.33670994217322203
1994-12-05,1.1237604439938074,0.3635863164991741
1994-12-06,1.04451823494898,0.36723158965037656
1994-12-07,1.0666830819333462,0.6629167043700217
1994-12-08,0.8856924557707596,1.0611234813842512
1994-12-09,0.739847977285402,1.4280582059289173
1994-12-10,0.5781890055558006,1.659408151791101
1994-12-11,0.34489026731987543,1.7531569996418845
1994-12-12,0.26416502400715136,1.6654530774465535
1994-12-13,0.12765624605478493,1.4063304997671482
1994-12-14,0.09510709707305019,1.2900642413993932
1994-12-15,0.17477691046968682,1.3934510752349385
1994-12-16,0.0631137976726669,1.563807772841581
1994-12-17,-0.21146806942903618,1.721406013403014
1994-12-18,-0.5680755865611733,1.8672339986934594
1994-12-19,-1.148773740270221,1.70430971133264
1994-12-20,-1.6081680971282561,1.711369134759559
1994-12-21,-2.160581230175129,1.688603358677383
1994-12-22,-2.3756156011219884,1.4381431746606035
1994-12-23,-2.4634103359975827,1.0693177712742423
1994-12-24,-2.263905720755994,0.635302899364095
1994-12-25,-2.023796639406622,0.3418331590318668
1994-12-26,-1.6452726493572642,0.10489046268201842
1994-12-27,-1.2692218173113345,-0.10962416003338785
1994-12-28,-0.9761285138697723,-0.49950436295801137
1994-12-29,-0.40749739236241905,-0.9092481893332527
1994-12-30,0.17083135821757311,-1.1462961511550969
1994-12-31,0.3299825915824013,-1.369798126691707
1995-01-01,0.12062448912992187,-1.3545249456805213
1995-01-02,-0.11143128563633203,-1.1082812133198365
1995-01-03,-0.33686970403053534,-0.8172194080230689
1995-01-04,-0.4944912075763804,-0.6692227890297073
1995-01-05,-0.47377739569766825,-0.5641799636685638
1995-01-06,-0.32716550413946377,-0.7947808628261483
1995-01-07,-0.19191629940469784,-0.8112899715075814
1995-01-08,-0.0049411913647418645,-0.8213312184996125
1995-01-09,0.36565084189935737,-0.7424851605071688
1995-01-10,0.506251216658293,-0.8727664360043621
1995-01-11,0.37785283605513287,-0.7660319648503195
1995-01-12,0.6606522589924351,-0.5167236229566553
1995-01-13,0.8860533080719959,-0.4044432899261052
1995-01-14,0.7584197675991217,-0.19153087732472257
1995-01-15,0.6322413450735884,-0.2196368961582156
1995-01-16,0.715534017909151,-0.2231084395489593
1995-01-17,0.8944841204188747,-0.18440526808492758
1995-01-18,0.9544070838358079,-0.03237706848453235
1995-01-19,1.1094807485508733,0.1942991206944381
1995-01-20,1.2222216940967678,0.4548658482761642
1995-01-21,1.4800801480252794,0.6952060158007203
1995-01-22,1.5114976638194328,0.9554146581737616
1995-01-23,1.3743351029506852,1.055500577383892
1995-01-24,0.9463023628065819,1.0211842738820767
1995-01-25,0.6495425670756525,1.267811149052547
1995-01-26,0.004181580712154648,1.5777878534318346
1995-01-27,-0.6071134186472877,1.5871218667301519
1995-01-28,-1.3300637744409685,1.093467531168086
1995-01-29,-1.444443656639418,0.7130290590464166
1995-01-30,-1.459406494750858,0.35648788940683296
1995-01-31,-1.5348607630266045,0.030024825428954186
1995-02-01,-1.5136575408107855,-0.28350055098594507
1995-02-02,-1.199494910068038,-0.5872893261999065
1995-02-03,-1.0070131422572528,-0.4578340715237418
1995-02-04,-0.9263299931563536,-0.5577908666503034
1995-02-05,-0.8703361866689039,-0.6041720595572332
1995-02-06,-0.733148217356792,-0.8009707355962284
1995-02-07,-0.48330634015251767,-1.2133343927132536
1995-02-08,-0.16648358873625607,-1.6088653801318746
1995-02-09,0.14588100459818806,-1.6143388986564142
1995-02-10,0.4928695583106173,-1.4308126255411238
1995-02-11,0.7076181985610752,-1.19203336548615
1995-02-12,1.0080750784125467,-1.0564982135377046
1995-02-13,1.1632958049507411,-0.5897144537200502
1995-02-14,1.1918902661758914,-0.17827178652356662
1995-02-15,0.9879484996017424,-0.05404121418988885
1995-02-16,0.7349903675028745,0.058654982690558743
1995-02-17,0.5475503468572025,0.31672225438811846
1995-02-18,0.6559017655912264,0.2664996774835082
1995-02-19,0.5062826174454508,-0.019052318227554665
1995-02-20,0.156933158204455,-0.3194532899533621
1995-02-21,0.19531059259586414,-0.5460276215592322
1995-02-22,0.232336389585049,-0.6387258492008288
1995-02-23,0.46610783786216653,-0.6482044309848474
1995-02-24,0.8784483383272672,-0.9645959745906448
1995-02-25,1.186379585132899,-1.019941086722475
1995-02-26,1.472731328626245,-0.7936757013869392
1995-02-27,1.8086296396898582,-0.5492602703755226
1995-02-28,1.9664416426683422,-0.42102804679843764
1995-03-01,1.9319489185226622,0.05711201679605785
1995-03-02,1.6025526511903858,0.544330475813781
1995-03-03,1.4065883455327675,1.0858355586073511
1995-03-04,1.1704599063351042,1.4113680863207383
1995-03-05,0.6226542564643177,1.804540494914701
1995-03-06,0.06564570112806803,2.1169845269079226
1995-03-07,-0.4529097264102316,2.449612900329994
1995-03-08,-0.5208886367186831,2.261431765849013
1995-03-09,-0.766319109995366,1.8458148422980136
1995-03-10,-0.9118932564983177,1.332758200883758
1995-03-11,-1.0094023510189345,0.8440408304059208
1995-03-12,-1.1463466068215695,0.46203056821176736
1995-03-13,-1.1414646794547814,0.20057390428293184
1995-03-14,-1.1215738094721517,0.2995608163436923
1995-03-15,-1.0259830046620657,0.21679276103991285
1995-03-16,-0.9590633820856109,-0.09969592884018424
1995-03-17,-0.8517259334298679,-0.5652469088876279
1995-03-18,-0.9200084718890834,-0.7290427360949622
1995-03-19,-0.9650823938742473,-0.8275085880476092
1995-03-20,-1.0118870807824154,-1.0614925653477099
1995-03-21,-0.9193252783183172,-1.3108683451707144
1995-03-22,-0.43346680553964745,-1.239671769445933
1995-03-23,-0.06305919852276995,-1.1349504318335915
1995-03-24,0.4205796852252896,-0.9311519733240664
1995-03-25,0.8288713548783757,-0.7877443828535444
1995-03-26,0.9721112633737664,-0.7945148518205032
1995-03-27,0.9368922809230332,-0.6215778523173623
1995-03-28,1.2293537860548862,-0.2581662406930409
1995-03-29,1.484388125289457,0.021855209169361865
1995-03-30,1.7056364847544336,0.22476506845735372
1995-03-31,1.6813290581112292,0.24815238408306836
1995-04-01,1.322730739390046,0.32306514444961876
1995-04-02,1.0534677455699237,0.4770303888061584
1995-04-03,0.9530621512234136,0.7493402377067561
1995-04-04,1.0548945566256502,0.7625108242066472
1995-04-05,0.8631643449005652,0.9424103797432719
1995-04-06,0.6605546292963889,0.9977606506790359
1995-04-07,0.47221517594226287,1.1157783143199524
1995-04-08,0.16693181513759653,1.3949677715359137
1995-04-09,-0.014212322811666395,1.613111962531715
1995-04-10,-0.2689570175579241,1.4839153491093728
1995-04-11,-0.7157302480974365,1.3821562957104556
1995-04-12,-0.9707222370207033,1.2780799394319715
1995-04-13,-1.2146601395655823,1.1601461450565322
1995-04-14,-1.3698196189899794,1.057543662014259
1995-04-15,-1.3947956767298535,0.8386880803061573
1995-04-16,-1.3996649981930778,0.6130810447797451
1995-04-17,-1.3218697947089528,0.30550773107584234
1995-04-18,-1.2780913918867705,0.1924574442180955
1995-04-19,-1.0320780056832533,-0.05407498916895554
1995-04-20,-0.8748242904871888,-0.3741752284801786
1995-04-21,-0.6661304652380696,-0.7085430408868295
1995-04-22,-0.6661700865259738,-0.7565598196732106
1995-04-23,-0.724478327255353,-0.791735028309701
1995-04-24,-0.9592141958890634,-1.0293806392991867
1995-04-25,-1.1732211133007062,-1.2705311257171648
1995-04-26,-1.134481126693493,-1.461015907580897
1995-04-27,-1.0808772987755593,-1.4284137975292033
1995-04-28,-1.0025733901848757,-1.3357225260932954
1995-04-29,-0.8593254143728315,-1.2526357984478258
1995-04-30,-0.7157689022815361,-1.3503124209428081
1995-05-01,-0.6855452686667183,-1.45010504548493
1995-05-02,-0.6972308878300596,-1.487656094015667
1995-05-03,-0.4475240091315239,-1.5118387897797594
1995-05-04,-0.10361132823393336,-1.4974012086951276
1995-05-05,0.22748074607374177,-1.3890599452511434
1995-05-06,0.4086538459205726,-1.144466448770101
1995-05-07,0.8371684730839583,-1.1885115388512082
1995-05-08,1.4894116509212,-1.099047483601415
1995-05-09,1.865878531562046,-0.6825803258755495
1995-05-10,2.003432077914167,-0.17343398566171292
1995-05-11,1.9183333050125022,0.36697727157146
1995-05-12,1.6364390366495691,0.8216082135917732
1995-05-13,1.5693385047084283,0.9721267434577587
1995-05-14,1.5296522984882004,1.1499906009735699
1995-05-15,1.366711654996956,1.3367035754096723
1995-05-16,0.9580614812598283,1.4382921190900917
1995-05-17,0.6101570736334555,1.5755946599817712
1995-05-18,0.2875846743318021,1.3789590563395235
1995-05-19,-0.34518317214789246,1.2687904553907192
1995-05-20,-0.8279025608649961,1.3603392773392384
1995-05-21,-1.4218743644497747,1.2280928541325795
1995-05-22,-1.8467425979576357,1.0165109898082751
1995-05-23,-1.9019377861615334,0.8712066151399415
1995-05-24,-1.9127945046104649,0.6733867959241459
1995-05-25,-1.8538413575904589,0.35166989905491686
1995-05-26,-1.7005618360018444,0.1651349410835381
1995-05-27,-1.4304510812802937,-0.06956618000068504
1995-05-28,-1.0384001762538209,-0.18429195182784175
1995-05-29,-0.6291761484466171,-0.17080408398777636
1995-05-30,-0.3413972741851,-0.32176967791073224
1995-05-31,-0.14192340094855724,-0.12243885234954231
1995-06-01,-0.11990982011551736,0.01298422611252818
1995-06-02,-0.050445442466083616,0.21212979393894707
1995-06-03,-0.11548184416058939,0.3187384118576385
1995-06-04,-0.2554489215064999,0.3156018316580298
1995-06-05,-0.1289047848991635,0.12081750852404503
1995-06-06,0.012140761812211272,0.10310156064090145
1995-06-07,0.16014133021469368,0.21672102973598403
1995-06-08,0.47922845076649856,0.2738970326039211
1995-06-09,0.4882112763916024,0.13332739167598415
1995-06-10,0.5740514159170284,0.1341388709284035
1995-06-11,0.5214386145170917,0.13911702815294702
1995-06-12,0.4761692385655682,0.14661083599019362
1995-06-13,0.5710704315902575,0.037269980084751145
1995-06-14,0.6881724343417268,-0.1547522791218889
1995-06-15,0.9970058780071323,0.03584469214852419
1995-06-16,1.2545147726054922,0.4214433509102607
1995-06-17,1.2093939330971408,0.503675998492818
1995-06-18,0.9537869352121846,0.4381496706480167
1995-06-19,0.6871048123016696,0.47111028975475794
1995-06-20,0.4691199760436356,0.6373265011107634
1995-06-21,0.16312306454942457,0.7679948262830687
1995-06-22,-0.22253662710564248,0.737139381806784
1995-06-23,-0.2570936654653215,0.7194479871130386
1995-06-24,-0.21830647052184124,0.6295960873003796
1995-06-25,-0.2433775173368794,0.48527581407825066
1995-06-26,-0.07323153313392138,0.42247935066236914
1995-06-27,-0.1483783159351628,0.24376446714333783
1995-06-28,-0.25454001537415955,0.0626925403734907
1995-06-29,-0.430374335508364,0.024488474626973927
1995-06-30,-0.35359812906843946,-0.017260439343592695
1995-07-01,0.022072566980698444,-0.2329628964486316
1995-07-02,0.14052658198061743,-0.6537038345511433
1995-07-03,0.27757111147265756,-1.1750516006664025
1995-07-04,0.7262850504030937,-1.4610168857913128
1995-07-05,1.0798351814507743,-1.4020593561162633
1995-07-06,1.02262672889464,-1.1119566267530552
1995-07-07,0.8777556821077533,-0.6634607518831911
1995-07-08,0.6587287885267237,-0.12797146484115499
1995-07-09,0.6489449897802234,0.3779360251719745
1995-07-10,0.6419357163514017,0.7340731519155133
1995-07-11,0.45852787434800624,1.1444553013880814
1995-07-12,0.08699600188985881,1.1964631983308534
1995-07-13,-0.17936105966618446,1.0492161114152252
1995-07-14,-0.0653392651033666,0.8786165730592806
1995-07-15,-0.1003652151986658,0.4875021754990276
1995-07-16,-0.289235039935006,0.17958611506471422
1995-07-17,-0.42936229945382887,0.0007311269154373598
1995-07-18,-0.6452177172159203,-0.08381515118082167
1995-07-19,-0.8890583870988864,-0.2160353793146446
1995-07-20,-1.1619430597550144,-0.4628767176252122
1995-07-21,-1.2515220066009498,-0.7607284034193815
1995-07-22,-0.9041556213271313,-1.0205697779029352
1995-07-23,-0.6413704556695294,-0.9586629734314742
1995-07-24,-0.5708033719843447,-0.9207449161115555
1995-07-25,-0.44613660168853725,-0.9479457722290946
1995-07-26,-0.22941145739344354,-0.8784126868853155
1995-07-27,-0.20548788790522757,-0.6687747464051609
1995-07-28,-0.2899745267248834,-0.7593483985470957
1995-07-29,-0.4401232583315243,-0.9607432770251917
1995-07-30,-0.6287821690782981,-1.1384386781864282
1995-07-31,-0.3745405031555906,-1.3641734298553885
1995-08-01,0.11405584344662832,-1.39655413980948
1995-08-02,0.4538394099702808,-1.3706185090392047
1995-08-03,0.6541668852464233,-1.3625103993580436
1995-08-04,0.44871463691339397,-1.3616826654602536
1995-08-05,0.2511320316678949,-1.2926511292976
1995-08-06,0.005084991134538561,-0.9974904505539068
1995-08-07,-0.22619579192408268,-0.5175652688005284
1995-08-08,-0.6060011624113656,-0.7068888155301664
1995-08-09,-0.7904560635327554,-1.0245646399678199
1995-08-10,-0.7768682001496152,-1.5902106670124432
1995-08-11,-0.7184648408614733,-1.764095755592375
1995-08-12,-0.7196650661025187,-1.6512894220900074
1995-08-13,-0.6255308530391366,-1.4038929489878953
1995-08-14,-0.5325376940683734,-1.05878561095781
1995-08-15,-0.5158058290603651,-1.1742823525899106
1995-08-16,-0.7873225977844189,-1.0350090576467992
1995-08-17,-0.8404619685758925,-0.782255373397477
1995-08-18,-0.5870966596313644,-0.7011125784219676
1995-08-19,-0.6046934771413278,-0.69414303908081
1995-08-20,-0.5258635407890855,-0.5317463258772779
1995-08-21,-0.26976547854271576,-0.29351373341591885
1995-08-22,-0.1385412837616152,-0.11137919482309797
1995-08-23,-0.08749471386876752,-0.012957972325137873
1995-08-24,0.2545967567324496,0.0015988910930019179
1995-08-25,0.6315860480076091,-0.23086389895391649
1995-08-26,0.963842406109304,-0.6563353359764342
1995-08-27,0.9733854848101896,-0.7161342048343949
1995-08-28,1.021347878903994,-0.6308643540202462
1995-08-29,1.2541476965715281,-0.2571023097633838
1995-08-30,1.3699699900158613,0.3106049815748507
1995-08-31,1.55842241994279,0.5120388358507136
1995-09-01,1.6404768080752072,0.6366989029865276
1995-09-02,1.6468930604504979,0.9460593475468385
1995-09-03,1.4970754083475943,1.0290351875537296
1995-09-04,1.2751599513234768,1.1475925973545433
1995-09-05,0.7811031160783706,1.295207499862064
1995-09-06,0.22689309967787055,1.2616370233684435
1995-09-07,-0.11377411125667851,1.1752971083475783
1995-09-08,-0.29771346193217596,1.1981803202718329
1995-09-09,-0.30625353489398316,1.0283149209381823
1995-09-10,-0.4661286512590728,0.7276926106730358
1995-09-11,-0.7067728476009366,0.4158519187201004
1995-09-12,-0.8891155821974076,0.42081115251332707
1995-09-13,-0.6733311238879658,0.32192487577829965
1995-09-14,-0.4154243155307654,0.27212805366508874
1995-09-15,-0.23922876339844398,0.2492514370557748
1995-09-16,-0.13712676033306104,0.2528605216241448
1995-09-17,0.23038765090103025,0.4042554549473155
1995-09-18,0.4889056360111468,0.7883608476127064
1995-09-19,0.6099794324608272,1.1066793565168183
1995-09-20,0.5311679017932301,1.2305728727803065
1995-09-21,0.497073749493347,1.2392767689450819
1995-09-22,0.346883358798741,1.1442725831687346
1995-09-23,0.3973339404817714,0.9965302948359577
1995-09-24,0.34002306235986685,0.619221023837142
1995-09-25,0.2860221030329046,0.36950573075599175
1995-09-26,0.1942571386881371,0.18847006604316316
1995-09-27,-0.056601289497947134,-0.19635802162510205
1995-09-28,-0.11141461418054295,-0.06586499361439808
1995-09-29,0.09539861235826834,-0.1473998931284536
1995-09-30,0.23984208588077274,-0.23737333367885574
1995-10-01,0.22080920007863133,-0.2501044863948352
1995-10-02,0.3474269258225334,0.07751212070953109
1995-10-03,0.4355741850878352,0.26738980554680436
1995-10-04,0.3427754274500975,0.27283144115547214
1995-10-05,0.12088241883582837,0.4075574944510199
1995-10-06,-0.09388250014082024,0.42679564677529874
1995-10-07,-0.45692365012309866,0.4042294422168495
1995-10-08,-0.2646313943870271,0.7147017506502629
1995-10-09,-0.272035716263208,0.6392582279190472
1995-10-10,-0.42510801318425057,0.517541756488576
1995-10-11,-0.6202966783726668,0.4206382183467013
1995-10-12,-0.6271749155842035,0.12354098885354486
1995-10-13,-0.5568038241195564,-0.09800681172992468
1995-10-14,-0.453981370385294,-0.43921769862813637
1995-10-15,-0.2563159715216376,-0.7405669182698938
1995-10-16,-0.2521540362605065,-0.994780926779363
1995-10-17,-0.3277130553969435,-1.1834202431776144
1995-10-18,-0.3899000360032124,-1.2028899485685285
1995-10-19,-0.3488564644274988,-1.0230577846421365
1995-10-20,-0.07823317391213101,-0.808169276718665
1995-10-21,-0.16413507087781062,-0.588571185374614
1995-10-22,-0.40647169134210615,-0.5719600709952541
1995-10-23,-0.48060813443909683,-0.5163294751799458
1995-10-24,-0.4590065422378256,-0.5274773197475341
1995-10-25,-0.5033197576877164,-0.4841449593608816
1995-10-26,-0.41885749560817964,-0.5164387783378035
1995-10-27,-0.2710345885809311,-0.6073792793086478
1995-10-28,-0.10428541297807495,-0.8193450378114508
1995-10-29,0.1730073888502977,-0.9140701612668128
1995-10-30,0.6151012827698982,-0.745389268407261
1995-10-31,0.8979484250494246,-0.5392905705336799
1995-11-01,1.1196752220772286,-0.11169600024941764
1995-11-02,1.2082722986216552,0.10623453324709888
1995-11-03,1.1995183647121088,0.08733688892836333
1995-11-04,1.1523801222927175,0.1415646698535096
1995-11-05,0.9724577061148812,0.12114687056343104
1995-11-06,0.8058202761818124,0.061740088628705975
1995-11-07,0.7782448827595704,0.11051655072661241
1995-11-08,0.671424724550431,0.0328868087905234
1995-11-09,0.6801991219055372,0.020691782775928473
1995-11-10,0.7500906965224194,-0.07677025476579626
1995-11-11,0.7762695453027526,-0.10186509414146654
1995-11-12,0.7884137430126805,0.027584498074605765
1995-11-13,0.7365364053149693,0.15730099208843154
1995-11-14,0.6799339045891435,0.10028308058765141
1995-11-15,0.6560102068999422,-0.17523359594464316
1995-11-16,0.48147471012351734,-0.04693559762013994
1995-11-17,0.6366985078335136,0.29922348808780014
1995-11-18,0.8472089278981437,0.4190302728181883
1995-11-19,1.1436005130637337,0.3578933686015899
1995-11-20,1.0717695382565182,0.47547400799216927
1995-11-21,1.0404349581116539,0.658629526512957
1995-11-22,1.0281971353402966,1.2260204728852988
1995-11-23,0.8351464180644381,1.5913230257710957
1995-11-24,0.6113238588592615,1.5477109446481416
1995-11-25,0.6506546522451736,1.5893631221106637
1995-11-26,0.5666939175584205,1.5532302177098138
1995-11-27,0.2314211185020397,1.3210794589879082
1995-11-28,-0.14963375027507206,1.1749401203858576
1995-11-29,-0.36757439269264164,1.182362606372551
1995-11-30,-0.45057429546851824,1.2012144660022632
1995-12-01,-0.535451459267228,1.0823293325335603
1995-12-02,-0.47649594749980967,1.1001290646953368
1995-12-03,-0.46211971384184186,0.7915944402434186
1995-12-04,-0.3219704859759277,0.6220821716966062
1995-12-05,-0.4072530787450714,0.66447908592915
1995-12-06,-0.3987056436914174,0.7038360675146598
1995-12-07,-0.369921140315162,1.1268495502909794
1995-12-08,-0.6499448650982373,1.6235774447941238
1995-12-09,-1.0141136379335276,1.7897523681434313
1995-12-10,-1.2988298202861865,1.6629533060351418
1995-12-11,-1.2099954706977787,1.5836625163644158
1995-12-12,-1.0809599234630236,1.399553532935298
1995-12-13,-1.1305180699210011,1.0465886606558958
1995-12-14,-1.4903352041415763,1.0673059944762295
1995-12-15,-1.661091551112249,1.0500876495676155
1995-12-16,-1.554694823017303,0.7941536311874378
1995-12-17,-1.3624307186171933,0.6202638731002255
1995-12-18,-1.4230456768489215,0.5694632512157991
1995-12-19,-1.5364770952469433,0.2501552018689443
1995-12-20,-1.6752716808322596,0.21350696267754918
1995-12-21,-1.512933074275606,-0.02634248031851565
1995-12-22,-1.2460373800370297,-0.1173135463107261
1995-12-23,-0.9495997419586583,-0.03792985899693138
1995-12-24,-0.6898653578254141,0.017401780049526864
1995-12-25,-0.5967852737619606,-0.2636142878621347
1995-12-26,-0.5162287063530673,-0.280400576625557
1995-12-27,-0.6412321722818785,-0.31020994737928853
1995-12-28,-0.6950441707093289,-0.16963192499265764
1995-12-29,-0.5021376887652009,-0.16779323435743515
1995-12-30,-0.47959771859208966,-0.12050854755978725
1995-12-31,-0.6484539140093917,0.3081351352241268
1996-01-01,-0.6306049255850951,0.15925926437082688
1996-01-02,-0.7375420208986767,-0.010771558423232588
1996-01-03,-0.5251182070658665,-0.09966123635415045
1996-01-04,-0.5826279347732374,-0.09830515539409318
1996-01-05,-0.6465678277687948,-0.44906635412387813
1996-01-06,-0.5504635712334377,-0.46433290800768284
1996-01-07,-0.3117115069890546,-0.4840554842235721
1996-01-08,-0.04740101207433385,-0.47378119814476705
1996-01-09,-0.013092790226487263,-0.47607528087960826
1996-01-10,-0.09209143808138616,-0.5083173780531834
1996-01-11,-0.2379854072039496,-0.7104718717326661
1996-01-12,-0.3671417845865437,-1.0463978216538026
1996-01-13,-0.37785186753864697,-1.408099972790656
1996-01-14,-0.2674147922331314,-1.6494650574032497
1996-01-15,-0.11360873620798775,-1.7326996085624955
1996-01-16,0.1548938057473326,-1.8872262872181806
1996-01-17,0.5435610294433465,-2.0608107071814894
1996-01-18,0.8410926171075505,-1.9709816362054686
1996-01-19,1.0512506332129805,-1.7695197122157307
1996-01-20,1.0488336207480722,-1.6509723686375717
1996-01-21,1.1608870675782368,-1.2325677628582237
1996-01-22,1.232306097353716,-0.9971387766156279
1996-01-23,1.355277616345905,-0.7170007960915763
1996-01-24,1.2102870105972605,-0.6518728088074526
1996-01-25,1.1558730372477337,-0.6325405405086398
1996-01-26,1.1047681489043895,-0.3750409381866491
1996-01-27,0.6753711426726748,-0.2510650135066547
1996-01-28,0.6917191662004897,-0.19406156278425282
1996-01-29,0.9225753099910053,-0.14696286916793327
1996-01-30,1.0292007279338227,-0.08016585200598843
1996-01-31,1.163024274972024,-0.17219387023303817
1996-02-01,1.163058226884146,-0.5015481247557457
1996-02-02,1.1010185282290363,-0.562805684139406
1996-02-03,0.9394437754486723,-0.47720210890537723
1996-02-04,1.0886553255552844,-0.20597864335157112
1996-02-05,1.238347164188982,-0.09635289290062228
1996-02-06,1.1339369716132988,-0.3219621009813384
1996-02-07,1.0256092325776514,-0.49560445934304675
1996-02-08,0.898272304935889,-0.5560909999363378
1996-02-09,0.6173492619464894,-0.7029764985167519
1996-02-10,0.4236967129054005,-0.694120707860046
1996-02-11,0.41526346908874123,-0.5429583296984708
1996-02-12,0.3518579844542168,-0.24074505491857776
1996-02-13,0.3343589113949053,-0.2552440009705399
1996-02-14,0.3113359289308557,-0.23135075012448067
1996-02-15,0.4484873661150433,-0.2539189621006403
1996-02-16,0.3243495559503938,-0.4170294168863168
1996-02-17,0.1709773422945443,-0.637410525014284
1996-02-18,0.25575400204977405,-0.7644082803347011
1996-02-19,0.2832088904583379,-0.6498705409339627
1996-02-20,0.33639329424752423,-0.6264505151900803
1996-02-21,0.5346504526163398,-0.6440916892059518
1996-02-22,0.5015639955833728,-0.31474042327085516
1996-02-23,0.3230611927166281,0.16269535050944697
1996-02-24,0.21149991328549894,0.38647042629962386
1996-02-25,0.1070007448859645,0.460050651615891
1996-02-26,-0.07363725562023245,0.5546382999348812
1996-02-27,-0.43078708351400924,1.0048868889519982
1996-02-28,-0.6149524659025456,1.3024290225355255
1996-02-29,-0.5359728496088862,1.5926681047180549
1996-03-01,-0.6242215797083812,1.6410568577229845
1996-03-02,-0.8540619797932517,1.8683960724358224
1996-03-03,-1.1642165067622772,1.8886333317033113
1996-03-04,-1.4090664073542178,1.8139636197596083
1996-03-05,-1.495869701776891,1.7543843036845146
1996-03-06,-1.6190856693378883,1.7735947986831169
1996-03-07,-1.8899857647983063,1.8685029585935344
1996-03-08,-2.113611088587093,1.751029738816733
1996-03-09,-2.331417824130564,1.3973423578468651
1996-03-10,-2.5292966311904936,0.9440062666879105
1996-03-11,-2.6312522947040806,0.6394027916468105
1996-03-12,-2.6648729625958927,0.3896262989890453
1996-03-13,-2.641739431760101,-0.2771548027675355
1996-03-14,-2.2434517725738603,-0.7505973128038961
1996-03-15,-1.9739925195100039,-1.10646226516775
1996-03-16,-1.5207772043742747,-1.5825012062511998
1996-03-17,-0.9819006054314834,-1.742246366033554
1996-03-18,-0.6588905964578406,-1.7878707362748971
1996-03-19,-0.31524231748850917,-2.1568351755628163
1996-03-20,0.21324307463846398,-2.3297063288353193
1996-03-21,0.4077038654259285,-2.1585255724151646
1996-03-22,0.39656700563794545,-2.174936994105712
1996-03-23,0.16023001707548817,-2.1350552179699402
1996-03-24,0.2455504020012495,-2.1692710657583385
1996-03-25,0.5531031526696655,-1.9855774729290125
1996-03-26,0.9968151027271771,-1.752964637347175
1996-03-27,1.2786587467433275,-1.3879556497655279
1996-03-28,1.2764102809976396,-0.9698223011134915
1996-03-29,1.2512285499077442,-0.7560219822342304
1996-03-30,1.5251360735917971,-0.4192735995071974
1996-03-31,1.7290317712476362,-0.02987771628243226
1996-04-01,1.8699679137577394,0.12231398586404611
1996-04-02,1.9810084310846767,0.4859858117183232
1996-04-03,1.81116432313386,0.8926603366259993
1996-04-04,1.6611244621472396,1.2239766584524288
1996-04-05,1.2785938319067707,1.3507459412084692
1996-04-06,0.8597232139312234,1.517620315276193
1996-04-07,0.5580443762594829,1.561869821370916
1996-04-08,0.4975664628275699,1.3692599534165841
1996-04-09,0.5354816988766009,1.3678167405114194
1996-04-10,0.6736009932893167,1.2392521102864467
1996-04-11,0.5471663988740866,1.095917045735148
1996-04-12,0.14642048789456283,0.8439451305045631
1996-04-13,-0.147370146696896,0.450912523247929
1996-04-14,-0.34443760193496986,0.17053308582789306
1996-04-15,-0.35867823914970026,-0.13654186400223553
1996-04-16,-0.36645669042003015,-0.2576120198822154
1996-04-17,-0.20901095647132314,-0.48719990970905147
1996-04-18,-0.16117535051682572,-0.43905930848156444
1996-04-19,0.027313225724807304,-0.2719889792267794
1996-04-20,0.1591938407727809,-0.0986954290416995
1996-04-21,0.2887281521453599,-0.06321728418077076
1996-04-22,0.29955524050092186,0.03982817229957575
1996-04-23,0.5404771014012638,0.2744356976188758
1996-04-24,0.6875552140873219,0.3249507046273628
1996-04-25,0.7126482891985538,0.43031697526659074
1996-04-26,0.6735514741622616,0.26845328908128857
1996-04-27,0.6103719775783283,0.20589688904749465
1996-04-28,0.8006346753718757,0.1466406845360226
1996-04-29,0.8988519563082528,0.16446436739429687
1996-04-30,0.9903735996197027,0.30825661169678104
1996-05-01,1.0512349750401604,0.3438313729545267
1996-05-02,1.116651882450373,0.305738835827566
1996-05-03,1.1365336461681863,0.642881280573956
1996-05-04,1.237586283219345,1.0076880011909284
1996-05-05,1.3665916325954608,1.39338555766873
1996-05-06,1.2055463759559335,1.7030252477223036
1996-05-07,1.1054284932079905,1.9018692559549242
1996-05-08,0.7597916767896836,1.884036376571468
1996-05-09,0.08585831272868952,1.6699167213844397
1996-05-10,-0.395498742681649,1.7621375240068529
1996-05-11,-0.8611208802695816,1.7661697845952349
1996-05-12,-1.1158857192153178,1.5050681226784777
1996-05-13,-1.1476828645736514,1.4637899966249717
1996-05-14,-1.251212783154387,1.5103856782264662
1996-05-15,-1.5322060440155423,1.548721461177517
1996-05-16,-1.8327980437194817,1.5723488134221135
1996-05-17,-1.910330025239847,1.4146795870495412
1996-05-18,-1.822530817970399,1.0606471175404788
1996-05-19,-1.7556041856203877,0.4501245871850629
1996-05-20,-1.5924126802464718,0.005040900818962719
1996-05-21,-1.2780602194191721,-0.3108202623428831
1996-05-22,-1.0642190141385524,-0.6254837848802319
1996-05-23,-0.8557251567675375,-1.045452907999345
1996-05-24,-0.9700371346541816,-1.0584187395391078
1996-05-25,-1.0409491094330248,-0.9502113512612861
1996-05-26,-0.9288224993511276,-0.9158800933263389
1996-05-27,-0.6529075481269424,-0.9766930525920011
1996-05-28,-0.664933435530146,-1.1194864531648647
1996-05-29,-0.5981476453953669,-1.30720791196612
1996-05-30,-0.5477679055233341,-1.192514214873414
1996-05-31,-0.3393948659353526,-1.458890065466433
1996-06-01,-0.12755098376635154,-1.8046658403143354
1996-06-02,0.08080051832501535,-2.047152333181611
1996-06-03,0.23074749725082597,-2.1760338722241004
1996-06-04,0.5437322688931133,-2.1721889917048802
1996-06-05,0.8155873849310464,-2.085254569510418
1996-06-06,0.7635780636986976,-2.096335901448457
1996-06-07,0.7424035655130126,-2.001710697027847
1996-06-08,0.7914239400185863,-1.8219475777498184
1996-06-09,0.8478192643077442,-1.7415977635648765
1996-06-10,1.030781337707975,-1.371792372004862
1996-06-11,1.3515766386585992,-0.8969047880068874
1996-06-12,1.4941834756704513,-0.6226758478908284
1996-06-13,1.6315166499838092,-0.39495385649410886
1996-06-14,1.6595209600776708,-0.1038311441183768
1996-06-15,1.535559446823207,0.33297149082447575
1996-06-16,1.4424924698562214,0.590179078809404
1996-06-17,1.2536138046532594,0.8074195108166355
1996-06-18,1.1916896115687716,0.9525828968606289
1996-06-19,1.1253983004282435,1.1636326972889324
1996-06-20,0.6867846453238594,1.0356627951124238
1996-06-21,0.2449325352447906,0.7764910312130576
1996-06-22,-0.41618075227234985,0.6271956338401522
1996-06-23,-0.9974574061506045,0.5944139272754769
1996-06-24,-1.3676668691994656,0.6302115689092272
1996-06-25,-1.7982838104881893,0.4057814684647093
1996-06-26,-2.1114445584694708,0.26012556381458163
1996-06-27,-2.153570892990277,-0.15985724394393755
1996-06-28,-2.0683662615066383,-0.8377367785632939
1996-06-29,-1.840756304554206,-1.2366291952719952
1996-06-30,-1.4020144548317082,-1.6692216088045018
1996-07-01,-1.1580135712487774,-2.1322678134718243
1996-07-02,-1.0355203322332613,-2.0845736589724075
1996-07-03,-0.8262020168243447,-2.07676005522583
1996-07-04,-0.5410647660757616,-1.9633860082239212
1996-07-05,-0.11117834873644641,-1.6201092812822195
1996-07-06,0.17961206058037985,-1.4405263728386644
1996-07-07,0.26528681903283496,-1.164978112039271
1996-07-08,0.3502416227512043,-0.7656161579305388
1996-07-09,0.5392638020332424,-0.3672809965267647
1996-07-10,0.7314736696667624,-0.12252630323016
1996-07-11,0.8912558947543758,-0.03494433547626731
1996-07-12,1.0516798995985333,0.1453145126701101
1996-07-13,0.9367424753200182,0.38502943694249725
1996-07-14,0.8763137020696946,0.8485432545317173
1996-07-15,0.7992605664192977,1.2252619393835227
1996-07-16,0.7011412585062952,1.330222760492832
1996-07-17,0.6593674884543298,1.3637228584972143
1996-07-18,0.81071909281577,1.3436698766667527
1996-07-19,0.6853447108774814,1.6330315832055557
1996-07-20,0.3629247038529768,1.8502192785857896
1996-07-21,0.02497173572027279,1.7638037928448902
1996-07-22,-0.10436649632391946,1.5712963401308557
1996-07-23,-0.024540817371686095,1.4504835958887057
1996-07-24,0.24332832795852805,1.3687122844446562
1996-07-25,0.32058335019253553,1.302108546593165
1996-07-26,0.3524153751917944,1.2621921190329128
1996-07-27,0.2537063956893588,1.582126849356665
1996-07-28,0.20786189794821716,1.5602393606158629
1996-07-29,-0.0045780784739569876,1.6057396528283867
1996-07-30,-0.3097399187846415,1.8124688675787157
1996-07-31,-0.6008240018248322,1.8906172100630596
1996-08-01,-0.6839350826793363,1.5349659454448263
1996-08-02,-0.6648428574387886,1.4557818118902983
1996-08-03,-0.632099681984735,1.3482633225963434
1996-08-04,-0.7066111823082086,1.0925331572715935
1996-08-05,-0.9338164163446138,0.6709989764280689
1996-08-06,-1.0251675114675043,0.19631081012843168
1996-08-07,-1.2708087348758101,-0.019776452483127597
1996-08-08,-1.5311861760525318,-0.048356490265315605
1996-08-09,-1.5243296705047795,-0.1612196819228085
1996-08-10,-1.4761014838898654,-0.3554407568008027
1996-08-11,-1.5777123508962905,-0.43576013655297446
1996-08-12,-1.5136734654059056,-0.504271649014196
1996-08-13,-1.2946242696810903,-0.6548902630703328
1996-08-14,-1.2247465074572814,-1.0827745253527468
1996-08-15,-1.2183587725346126,-1.469710571579243
1996-08-16,-0.7695924149968754,-1.7763458258423832
1996-08-17,-0.27115656148073797,-1.5024563931762325
1996-08-18,0.26933578782723216,-1.2824107989132618
1996-08-19,0.6874095941866991,-1.3532805801383723
1996-08-20,0.6931206536372803,-1.3219105803868727
1996-08-21,0.6210817193134315,-1.1306317392917422
1996-08-22,0.40041542557963544,-1.0924147953571217
1996-08-23,0.22380203111017516,-1.2526512464679367
1996-08-24,0.33792738050004667,-1.3796701541706944
1996-08-25,0.25452538814877584,-1.2531967034502307
1996-08-26,0.2612225513884198,-1.0200431385043034
1996-08-27,0.5544126034838003,-1.032733730828117
1996-08-28,0.5214486433111744,-0.9735978095715102
1996-08-29,0.20703531819697346,-0.8149619964895813
1996-08-30,-0.0730329526967934,-0.8584035916714967
1996-08-31,-0.12959587344458198,-0.8153122310650057
1996-09-01,-0.24757824592925642,-0.5934196987015115
1996-09-02,-0.26452796649084953,-0.6249392821242742
1996-09-03,-0.22797823446672688,-0.4599927779308302
1996-09-04,-0.24013180688799604,-0.27439840997388587
1996-09-05,-0.10505880150955603,-0.16620913487834613
1996-09-06,-0.056689215926725524,-0.33377035291725526
1996-09-07,-0.0070011592924568095,-0.27028055850204097
1996-09-08,0.1686751417055476,-0.20062823098544122
1996-09-09,0.37308384474713924,0.09125554555942679
1996-09-10,0.48589808356304115,0.3313830720358331
1996-09-11,0.709068608803829,0.5922635232882537
1996-09-12,0.7802622328439992,0.8393103820728516
1996-09-13,0.8366367054255334,0.9100494065751078
1996-09-14,0.7561294429653719,0.7832288331125168
1996-09-15,0.7647294973475902,0.46946841126446553
1996-09-16,0.9678272371537049,0.3111623777884148
1996-09-17,0.9307666335075221,0.11620263202395717
1996-09-18,0.9666030470329797,0.12055818337063422
1996-09-19,0.9384093312704537,0.39802306284653943
1996-09-20,0.8023550995497186,0.9901278614519068
1996-09-21,0.6488891963024389,0.8242247358273457
1996-09-22,0.41814061863106566,0.40739222525732244
1996-09-23,0.26043538038335695,0.37571932805614505
1996-09-24,0.09784529005197913,0.392006179059417
1996-09-25,-0.3181594977069868,0.4150842570649674
1996-09-26,-0.3349499501467043,0.09177557826334667
1996-09-27,-0.2559964084422535,-0.1459675868311793
1996-09-28,0.11040940719529356,0.06581739892741632
1996-09-29,0.5007061122863241,0.15675174613027093
1996-09-30,0.6139995068014199,0.2124932071096165
1996-10-01,0.7510619869212986,0.2649783995178927
1996-10-02,0.7743007053391873,-0.05199909729747002
1996-10-03,0.553432392146994,-0.3672082586378076
1996-10-04,0.3497218690838932,-0.4042787822762005
1996-10-05,0.1384977773926832,-0.6284941293377186
1996-10-06,-0.010266185088645569,-0.8067523611266649
1996-10-07,-0.10925806684380046,-0.9920417397736458
1996-10-08,-0.30306016384167755,-0.7426311909064542
1996-10-09,-0.35719832762284404,-0.4241789305447111
1996-10-10,-0.22432684921462015,-0.09977344959764779
1996-10-11,-0.21111384746621037,0.1647408841673862
1996-10-12,-0.4714435425057416,0.24055405430135493
1996-10-13,-0.6348052739835435,0.061031627625545586
1996-10-14,-0.8423271039745539,-0.11149408606089717
1996-10-15,-0.8945068069840446,-0.0505965625499746
1996-10-16,-0.7284137219035526,-0.2527832073627583
1996-10-17,-0.3609742186637886,-0.2578847804501784
1996-10-18,0.1392639942250976,-0.37603674066418796
1996-10-19,0.4767120604199936,-0.37903370836902134
1996-10-20,0.7628445354170266,-0.4173236229064809
1996-10-21,0.8561825859574564,-0.24190167898427187
1996-10-22,0.8983536061106245,-0.09997388238755034
1996-10-23,0.9466766506953528,0.051305129749684875
1996-10-24,1.1536416232543378,0.027492915118310916
1996-10-25,1.3452420933659075,0.006018136038474791
1996-10-26,1.4020425417590883,0.060820816694573614
1996-10-27,1.1123531220109877,0.17977476506603013
1996-10-28,0.9609346378347675,0.44220597607923456
1996-10-29,1.057387281305005,0.7765651172158149
1996-10-30,1.1320637097147508,0.9492489930279655
1996-10-31,1.0784374686987321,1.0549885162425456
1996-11-01,1.1284336092665483,0.9071406777669027
1996-11-02,1.1580467644144485,0.9591707261500233
1996-11-03,1.2525350029096034,0.9601506895942202
1996-11-04,1.3374796880786082,1.0487709424145968
1996-11-05,1.2509808029971692,1.2149162120248538
1996-11-06,1.0580337175263266,1.5217421431235094
1996-11-07,0.6219937669005074,1.8765662839250192
1996-11-08,0.14936049066265586,2.163580535820356
1996-11-09,-0.2562081517909164,2.260616155467022
1996-11-10,-0.8918983868384068,2.15037086477443
1996-11-11,-1.3647036105907613,1.9267961805370255
1996-11-12,-1.9922454532935898,1.7473487421113645
1996-11-13,-2.5951727515659964,1.1344735103271764
1996-11-14,-3.078445826539785,0.5181443629311975
1996-11-15,-3.096431539033445,0.013639006704167041
1996-11-16,-2.744594687188242,-0.3545333338723904
1996-11-17,-2.2604384799668016,-0.6054403666527173
1996-11-18,-1.9691363908806154,-0.7009789390554545
1996-11-19,-1.777225281953909,-0.8830105453187171
1996-11-20,-1.3513856974671439,-1.16887508809329
1996-11-21,-0.9313381464610279,-1.3079554296346767
1996-11-22,-0.6473280034753817,-1.2340995104635735
1996-11-23,-0.6135589884026351,-0.9976390438510012
1996-11-24,-0.5712989820491199,-0.8269918704955068
1996-11-25,-0.5367589993394095,-0.7229826439066465
1996-11-26,-0.23592711442183015,-0.6867939365317592
1996-11-27,-0.2142361466264488,-0.4005095934869451
1996-11-28,-0.047501102034661076,-0.1922458273032625
1996-11-29,0.15138761730885067,0.13364427093719225
1996-11-30,-0.03360307444343915,-0.0843616746127116
1996-12-01,-0.29256070559729863,-0.38321958523476085
1996-12-02,-0.20027401903226613,-0.6948571571615932
1996-12-03,0.23219882065327926,-0.8989487266562087
1996-12-04,0.8603776993357342,-0.6899524478122833
1996-12-05,1.1064703686424064,-0.7929270455107614
1996-12-06,0.9152176082893355,-0.8165754180654434
1996-12-07,0.915639904699851,-1.1028738468387456
1996-12-08,1.4369966680889925,-1.2581957339140064
1996-12-09,1.9320266661275698,-1.3515208388984448
1996-12-10,1.966088961089557,-1.4399916410455744
1996-12-11,1.9883915483369639,-1.227589420101709
1996-12-12,2.03716577717125,-0.9584590109988994
1996-12-13,1.9549682459593574,-0.5836737929995016
1996-12-14,1.9327940205219516,-0.13853974983605838
1996-12-15,1.6868589439549666,0.23472548880489788
1996-12-16,1.4714124711314283,0.6723381710452646
1996-12-17,1.1712547241138178,0.6965877521500227
1996-12-18,0.7842352756412599,0.7512424123787068
1996-12-19,0.5382972019303739,0.8486392756382588
1996-12-20,0.5637862709583195,1.018757332255028
1996-12-21,0.5222453720900722,1.3865533136201063
1996-12-22,0.4384201273635803,2.0746531994857187
1996-12-23,0.01207898772979921,2.5820673557004974
1996-12-24,-0.7119729205742703,2.8474463685703277
1996-12-25,-1.5476617883850186,3.0722665159910694
1996-12-26,-2.2881130908377894,2.889042376721607
1996-12-27,-2.386440516693843,2.7611189612934153
1996-12-28,-2.6611942939245545,2.6614032680568647
1996-12-29,-2.9148548735339137,2.4766963819908767
1996-12-30,-3.0319349294057005,1.6948464271254844
1996-12-31,-3.029667660782392,0.8021823801575172
1997-01-01,-2.4576204756109634,0.39103294771586716
1997-01-02,-2.0860074239440456,-0.16705653050833144
1997-01-03,-1.9351721224593497,-0.6665698559890623
1997-01-04,-1.984015414346839,-0.6014006431610808
1997-01-05,-1.921648026173825,-0.4973717841594109
1997-01-06,-1.9161946398896534,-0.6895966201700389
1997-01-07,-1.64876989962943,-0.8167603100043457
1997-01-08,-1.5426377277397056,-0.9503979493743171
1997-01-09,-1.444459338745052,-1.2660001656543403
1997-01-10,-1.2752046662955774,-1.5356189724422087
1997-01-11,-0.8209769329216803,-1.7498682191116082
1997-01-12,-0.38013398675852694,-2.038409449459805
1997-01-13,-0.06986793358789674,-2.1739890730283284
1997-01-14,0.10676345857177616,-1.9516952280134967
1997-01-15,0.2506884557132744,-1.9623968810390173
1997-01-16,0.5289949442164581,-1.8059348241049962
1997-01-17,0.46560665275636165,-1.5592619800845928
1997-01-18,0.4649558401067431,-1.19180539179224
1997-01-19,0.45648875269314176,-0.9996952900628785
1997-01-20,0.463541601692885,-0.7383662069476065
1997-01-21,0.5190616417902414,-0.6694072918590739
1997-01-22,0.4901568570861196,-0.5359033781396328
1997-01-23,0.5198335514749725,-0.2907428982698086
1997-01-24,0.5445142848736969,-0.3163862716192694
1997-01-25,0.4784916224798474,-0.4089906427567134
1997-01-26,0.6997043623050658,-0.29758656915970233
1997-01-27,0.9428347877002413,-0.4911425514887443
1997-01-28,0.6981724185886212,-0.6283230323497566
1997-01-29,0.7224632989114306,-0.6842454766598385
1997-01-30,0.9535744692782538,-0.6984590853338424
1997-01-31,1.1232729264530308,-1.1113101561312932
1997-02-01,1.0789634002358959,-1.2867888264099212
1997-02-02,1.3182699295350404,-1.1600253642328944
1997-02-03,1.5591456933031587,-1.2492612723307734
1997-02-04,1.6817851545983316,-1.4134439540372603
1997-02-05,1.6957621058113943,-1.3739005640967286
1997-02-06,1.9826549216420846,-1.1198251248359838
1997-02-07,2.1225038261775047,-1.040223746369231
1997-02-08,2.088231191402621,-0.9415666361715637
1997-02-09,2.0800100713619236,-1.0151677418830782
1997-02-10,2.10952116671838,-0.7763154154222462
1997-02-11,2.2860905895595716,-0.6830506859964006
1997-02-12,2.3656991464542783,-0.591160344318604
1997-02-13,2.4228281960114764,-0.6380129590221456
1997-02-14,2.441917851886218,-0.6246855090656577
1997-02-15,2.4362903116408807,-0.4142887451746977
1997-02-16,2.6887492600601575,-0.16003582477925093
1997-02-17,2.9303939870814566,0.01778915686496183
1997-02-18,3.164550584745138,0.2731064352428432
1997-02-19,2.9456981649798784,0.43452546395123576
1997-02-20,2.6519347569669587,0.5862960540444271
1997-02-21,2.284400779875503,0.6428341726560736
1997-02-22,1.982801150210974,0.8889957274362533
1997-02-23,1.6123996983582773,1.3988781412194118
1997-02-24,1.159544608076083,1.8136260282331733
1997-02-25,0.7837972665423286,2.145840018772915
1997-02-26,0.5600592370204126,2.1980342153436525
1997-02-27,0.29329615529943126,2.1082290605583887
1997-02-28,0.019733614199172998,2.5585771091163267
1997-03-01,-0.2266875407361411,2.7012747052777755
1997-03-02,-0.47150698899139953,2.8083482405511973
1997-03-03,-0.27122351110636805,2.993725933734681
1997-03-04,-0.1415779006665808,2.91587334003379
1997-03-05,0.2222676685404668,2.918788266853657
1997-03-06,0.3475373791456937,2.9962711168163416
1997-03-07,0.10888213154039536,3.066613195060846
1997-03-08,-0.38902410039818264,3.0214308143589084
1997-03-09,-0.8448911197665506,3.2115634019516923
1997-03-10,-1.428549522877573,3.2840974164285908
1997-03-11,-1.9152378082074686,3.0351895935937145
1997-03-12,-1.894267076703753,2.6797316247502647
1997-03-13,-1.7024111205132155,2.4395463961151416
1997-03-14,-1.9623778045730553,1.9795672351157816
1997-03-15,-2.153024000616608,1.5043771330005067
1997-03-16,-2.638124913651973,1.3002356819371392
1997-03-17,-3.0679487612044043,1.1657447421282634
1997-03-18,-3.3783858989809774,1.0995012677614335
1997-03-19,-3.6229221197334813,0.6885814355444836
1997-03-20,-3.5052738272031543,0.2792986785108612
1997-03-21,-3.4778249460053843,-0.20019500755767874
1997-03-22,-3.3725283586338213,-0.680157447170646
1997-03-23,-3.295743171005542,-0.8049182415091156
1997-03-24,-3.416719848176537,-1.1720122759469234
1997-03-25,-3.259678304577607,-1.8641412406505389
1997-03-26,-2.693580257650622,-2.461312943728278
1997-03-27,-1.932349342950011,-2.6455751989303224
1997-03-28,-1.2766593688688217,-3.1755266925975363
1997-03-29,-0.7340502885927991,-3.55834819199762
1997-03-30,-0.26812223373192046,-3.6766408313530343
1997-03-31,0.2631327637223897,-3.5144419203137462
1997-04-01,0.885088897280035,-3.316126887056288
1997-04-02,1.3196988522161208,-2.831407284838481
1997-04-03,1.6504071385656782,-2.3453682371004017
1997-04-04,1.6055894938025885,-2.1647636202992575
1997-04-05,1.2460074616487617,-1.6597661634196708
1997-04-06,0.9448533679306164,-1.2715780383949535
1997-04-07,0.9956604032860141,-0.9480453042626381
1997-04-08,1.1696750077057296,-0.6650162840498349
1997-04-09,1.3300658668487246,-0.18241724416259464
1997-04-10,1.3111238261945257,0.43051022784368953
1997-04-11,1.1817569794974734,0.5902597967586659
1997-04-12,0.9249399570992745,0.6805014711475443
1997-04-13,0.3621384219894581,0.5792425102236555
1997-04-14,0.10810379861681631,0.6038046631317243
1997-04-15,-0.1935784625701349,0.5235494552737373
1997-04-16,-0.7057222042756577,0.25455970297965264
1997-04-17,-1.160356808895376,-0.12419928256215006
1997-04-18,-1.4219898681404872,-0.5754762834385283
1997-04-19,-1.6425486197236856,-1.0627885960899404
1997-04-20,-1.6880483231924417,-1.3184742687063165
1997-04-21,-1.7619199249639423,-1.7653615947327879
1997-04-22,-1.6446014410908076,-1.9452576528937682
1997-04-23,-1.534206854950242,-1.8819196393645403
1997-04-24,-0.9392748067905112,-2.1935336441250026
1997-04-25,-0.7815288603506241,-2.0762384996039835
1997-04-26,-0.37358604486310354,-1.9284387086854313
1997-04-27,0.010034186199856474,-1.814460351749554
1997-04-28,0.6139596715135595,-1.561351499308907
1997-04-29,1.1838524295796633,-1.2823913337039177
1997-04-30,1.5738698170853884,-1.118118768775868
1997-05-01,1.7479472457839689,-1.0936369624399964
1997-05-02,1.5905524038852727,-0.9987455243653838
1997-05-03,1.5246702719351883,-0.6087043327724736
1997-05-04,1.4384596132762555,-0.4044804349801589
1997-05-05,1.1604257265211328,-0.17406224199496367
1997-05-06,0.7407775351737551,-0.11709669287030106
1997-05-07,0.5035372604308624,-0.448565715257411
1997-05-08,0.48321857253384853,-0.6006782480262688
1997-05-09,0.47402404675285287,-0.575515438918455
1997-05-10,0.5477815922652058,-0.5936982019181046
1997-05-11,0.5815876813511026,-0.3979338476787069
1997-05-12,1.0049093151705477,-0.042673831341344705
1997-05-13,1.3892509998867648,-0.022515843787270503
1997-05-14,1.8171991781344468,0.21961497732029273
1997-05-15,2.097154840217757,0.49808212438498833
1997-05-16,2.2776507431299935,1.0842997146724598
1997-05-17,2.4008012735875925,1.4642014163413308
1997-05-18,2.2212435889211357,2.0005968339674647
1997-05-19,1.9027022569355794,2.4836587684553013
1997-05-20,1.488624049747797,2.856166197036789
1997-05-21,0.8928633363281238,2.852986142196399
1997-05-22,0.04763142527510513,2.8696562420711595
1997-05-23,-0.47005370604221786,2.8296842948628185
1997-05-24,-0.8639319509982456,2.9146720084184796
1997-05-25,-1.2861624940449514,3.0362954738100254
1997-05-26,-1.5411847848428473,2.9925060394300838
1997-05-27,-1.7990137684768541,3.0622859165100613
1997-05-28,-2.063342877473816,2.6727284570612393
1997-05-29,-2.251145796898812,2.243402386933668
1997-05-30,-2.3358017020503237,1.9738454142985227
1997-05-31,-2.3728470355093223,1.9367258502416935
1997-06-01,-2.375147239180578,1.6224165278688063
1997-06-02,-2.119972987910763,1.1721742633795373
1997-06-03,-2.285893077896519,0.7599958564643171
1997-06-04,-2.279429629421457,0.44424792166698845
1997-06-05,-2.056593362229756,0.17621916462112316
1997-06-06,-1.7611053204725224,-0.10127105661263358
1997-06-07,-1.8586489114386635,-0.22978615208781292
1997-06-08,-2.0164519922007895,-0.07687674018074993
1997-06-09,-1.9462790935446772,0.07052339244462191
1997-06-10,-1.954985933241261,-0.11697379024643303
1997-06-11,-2.153832684975022,-0.40194609113645247
1997-06-12,-2.1367992225992456,-0.9221093170616824
1997-06-13,-1.968541544061906,-1.450981395160406
1997-06-14,-1.7147973744064486,-1.67769949713809
1997-06-15,-1.0776369156456094,-1.8000078463880334
1997-06-16,-0.5594588077226124,-1.8055148464494446
1997-06-17,-0.30999196316854616,-1.3531613630195425
1997-06-18,0.10905634518007719,-0.9199446178080454
1997-06-19,0.47895716175097514,-0.5550082720614127
1997-06-20,0.40594307331892726,-0.6148622443544633
1997-06-21,0.501891702417491,-0.6902965650298009
1997-06-22,0.5686808315270325,-0.8621418954099646
1997-06-23,0.4415717833334445,-0.9586217358049083
1997-06-24,0.34891926071106394,-1.3762507139629074
1997-06-25,0.29436620082425935,-1.8136369975338837
1997-06-26,0.2986041493230658,-2.0943554366188413
1997-06-27,0.34108717264540905,-2.2715897076200235
1997-06-28,0.45927885337421487,-2.4030898887060896
1997-06-29,0.6465547936791747,-2.379685465151178
1997-06-30,0.684053073953912,-2.355413449537003
1997-07-01,0.998161351300372,-2.2503850674878305
1997-07-02,1.5429404013381551,-2.1471179219443446
1997-07-03,1.7052913385318444,-1.8727785332873974
1997-07-04,1.9098535448363076,-1.6179311001581922
1997-07-05,1.9121462901418609,-1.600814096105895
1997-07-06,1.7577443918273385,-1.5566114920120946
1997-07-07,1.5325197772147794,-1.4198041691828065
1997-07-08,1.5368759125142324,-1.0665254147209757
1997-07-09,1.6619437417640612,-0.49233246051439405
1997-07-10,1.5929975702448111,-0.2135432311529087
1997-07-11,1.5379398528891375,-0.2876361570112457
1997-07-12,1.4241575250522207,-0.46566207231395806
1997-07-13,1.3084541018573197,-0.4619673146638609
1997-07-14,1.0640199651233588,-0.42869299174684106
1997-07-15,0.941810621321269,-0.24110509705037328
1997-07-16,0.8811851849862431,0.009147798991927192
1997-07-17,0.6306491593074494,0.2315627222298571
1997-07-18,0.47171293096910694,0.24700495574969195
1997-07-19,0.6982059993101272,0.027348487485443166
1997-07-20,0.8691270716654035,0.040768383649081
1997-07-21,1.0340252321536445,0.3806497304040242
1997-07-22,1.1794806779576792,0.8055968952140129
1997-07-23,0.738761556190344,1.0593022877221148
1997-07-24,0.13706079693268816,1.2154525003100785
1997-07-25,-0.03181872019926663,1.616186382099635
1997-07-26,-0.07193803772816186,1.6766837431085722
1997-07-27,-0.07368695846840362,1.6161304121891382
1997-07-28,-0.1716055621966299,1.4020522785200158
1997-07-29,0.05390101104743285,1.4133590494201274
1997-07-30,0.21426743443387536,1.462950495856248
1997-07-31,0.24602942325966493,1.355295338192841
1997-08-01,0.4612871695640718,0.9509009973879703
1997-08-02,0.8364610199733733,0.5910268434440091
1997-08-03,1.1524456819313555,0.5792880355243685
1997-08-04,1.1686392089246647,0.7416642165782075
1997-08-05,0.9930065178510813,0.9402063036236017
1997-08-06,0.7101807271972099,1.1111379551680882
1997-08-07,0.28263988332035284,1.3264726798638495
1997-08-08,-0.008294068257209937,1.5389807278191039
1997-08-09,-0.07481976633020417,1.621270163128991
1997-08-10,-0.3344278541119044,1.7634381590445132
1997-08-11,-0.5843282520840046,1.6178366456398645
1997-08-12,-0.6555987936546205,1.5627104797805205
1997-08-13,-0.6668307092365774,1.2058558502107646
1997-08-14,-0.567692377600107,1.036830184246695
1997-08-15,-0.4250130687279584,1.0226721554479585
1997-08-16,-0.198634247212927,0.9043986013628764
1997-08-17,0.15994117951573092,0.6798715459756605
1997-08-18,0.3169393114289856,0.6759714374402483
1997-08-19,0.3798246678785321,0.8462162748575254
1997-08-20,0.5028408485960661,0.5565512749412007
1997-08-21,0.4017588701802078,0.20406073582498926
1997-08-22,0.15749775904826424,0.5755799469320824
1997-08-23,0.01920342713410393,0.7572770094660252
1997-08-24,-0.11546240577008816,0.9419657391064192
1997-08-25,-0.23103215206810077,1.0580749280764037
1997-08-26,-0.2077745756207385,1.0579268868243155
1997-08-27,-0.018647080382739534,0.8884453269258835
1997-08-28,0.08185047074395771,0.613509394169596
1997-08-29,0.06334183998798472,0.5095689086205564
1997-08-30,0.10338458621318716,0.5498248448770885
1997-08-31,-0.20275418172751702,0.5698107126580013
1997-09-01,-0.3824592373772638,0.4315153143312718
1997-09-02,-0.649287430430497,0.24372904691874203
1997-09-03,-0.79292955412282,0.06913421832805237
1997-09-04,-0.9506337704136947,0.01374028469725705
1997-09-05,-1.0315801893364365,-0.15904230100291858
1997-09-06,-0.8756907199785695,-0.17990243881559567
1997-09-07,-0.9327262228354929,-0.32218816909225256
1997-09-08,-0.8683707444571055,-0.45296804711609845
1997-09-09,-0.5946422187663225,-0.6807948777554819
1997-09-10,-0.45468008568726115,-0.8794615818383884
1997-09-11,-0.46916581562507065,-1.0716781019701596
1997-09-12,-0.6337205023534064,-0.994051600270541
1997-09-13,-0.7724633638020699,-0.5588613415787048
1997-09-14,-0.44707776269204513,-0.12466494754009073
1997-09-15,-0.3188164700126306,0.08544671448038656
1997-09-16,-0.5244172233252682,0.3530321035742065
1997-09-17,-0.5845563378023904,0.42506753442838163
1997-09-18,-0.552240083785856,0.4247742999151567
1997-09-19,-0.19188726297095227,0.416349679651611
1997-09-20,-0.13136024852040237,0.5093757576813035
1997-09-21,-0.2861156827584691,0.4410133863345384
1997-09-22,-0.15258734293944984,0.68979788834364
1997-09-23,-0.07729698392615422,0.6330252974418724
1997-09-24,0.04870336196460192,0.5547594589074476
1997-09-25,0.24511172316924892,0.5560519258076618
1997-09-26,0.43449292357048575,0.2514757357112713
1997-09-27,0.543714247689827,0.0713194914617169
1997-09-28,0.5476259588984075,0.012823260958027376
1997-09-29,0.5075169505746198,0.32182079245066303
1997-09-30,0.5991313224995836,0.36081179313123213
1997-10-01,0.5445209234740617,0.43987851852886073
1997-10-02,0.2339555311272813,0.4135407016884842
1997-10-03,0.010224248991390903,0.46293743908215335
1997-10-04,-0.14107642951564733,0.6332638788001572
1997-10-05,-0.1805535015131721,0.7708317152685962
1997-10-06,-0.5021242946276305,0.8541811394211496
1997-10-07,-0.6708456128443024,0.7733835997955408
1997-10-08,-0.7952338724892097,0.6566895569553051
1997-10-09,-1.0835672314167455,0.43114844448132356
1997-10-10,-1.4526185819401825,0.19544104665251918
1997-10-11,-1.7431152311342604,-0.29338481259161714
1997-10-12,-1.8065368882786876,-0.5512925299419653
1997-10-13,-1.8900205948271216,-0.7789861773366463
1997-10-14,-1.598319313499705,-1.0677541089780096
1997-10-15,-1.404504051193691,-1.0063230880691392
1997-10-16,-1.0806527657263538,-1.0975921545564198
1997-10-17,-0.699593746631645,-1.2680697290823246
1997-10-18,-0.21773423114731266,-1.1022362324251262
1997-10-19,0.0928980157978765,-0.7698940026879043
1997-10-20,0.14691026735506862,-0.5845478087797992
1997-10-21,0.38656950876163143,-0.2762482959097559
1997-10-22,0.6334189835575423,0.02833398115261653
1997-10-23,0.7039509462316571,0.2359327506450017
1997-10-24,0.4202398449836959,0.34543892196526765
1997-10-25,0.07658410869596038,0.4344910434942884
1997-10-26,-0.17358265956914257,0.3862304978105631
1997-10-27,-0.4081564768224606,0.2839187138721049
1997-10-28,-0.42475903048466945,0.1483283515093933
1997-10-29,-0.4602776086967171,0.19979423835370647
1997-10-30,-0.5481135712429592,0.35188339913357275
1997-10-31,-0.5557807611609283,0.446264227422895
1997-11-01,-0.6193588640810067,0.4074042498372438
1997-11-02,-0.8237104736794533,0.2773739228775039
1997-11-03,-0.9293894039540385,0.4197607907623199
1997-11-04,-0.9558365801862899,0.3966765963508476
1997-11-05,-1.06141321125498,0.039295145737008166
1997-11-06,-1.1046384079301952,0.19674966878547137
1997-11-07,-1.0616621964355724,0.03279257659172134
1997-11-08,-1.0823370192587525,-0.2946332079780682
1997-11-09,-0.9251244085923477,-0.539451182773431
1997-11-10,-0.9142041843240688,-0.7699762331310415
1997-11-11,-0.5747750727661012,-1.0064758709196493
1997-11-12,-0.2513904466177458,-1.0519364385948335
1997-11-13,0.11499843246349241,-1.202861441811147
1997-11-14,0.21864506558018015,-1.324389170103599
1997-11-15,0.39027787679638254,-1.347582404284258
1997-11-16,0.7253004312099709,-1.17019986115675
1997-11-17,0.9348488329095469,-1.435299028135382
1997-11-18,1.085456339927019,-1.6422924393005105
1997-11-19,1.1263980335333863,-1.371673867009489
1997-11-20,1.2463349132256638,-0.8967411450443371
1997-11-21,1.4646428273641425,-0.34632667408974466
1997-11-22,1.2959871740846916,-0.3062167474909602
1997-11-23,0.9632947424463832,-0.532662467046845
1997-11-24,0.7512594574098536,-0.6753027607323666
1997-11-25,0.35501621517065485,-0.5702397161300912
1997-11-26,0.17179488488787542,-0.5423047073021767
1997-11-27,0.12354979178154199,-0.6827912873588748
1997-11-28,-0.08676129650467297,-0.6094299987093406
1997-11-29,-0.27544337850937756,-0.7406466112394432
1997-11-30,-0.3733917131913619,-0.9468342036625611
1997-12-01,-0.2959171029454128,-1.287717461090565
1997-12-02,0.008587476092978732,-1.5260955538784924
1997-12-03,0.3261633732964081,-1.7600833995040046
1997-12-04,0.6121564884354804,-1.7458170602840155
1997-12-05,0.6731415170388682,-1.570837629591233
1997-12-06,0.9309134758606229,-1.320061662148995
1997-12-07,0.9867891329350085,-1.1907142325664914
1997-12-08,0.8274746714230822,-1.0562431549753561
1997-12-09,0.6337276813549683,-0.7352469664282212
1997-12-10,0.33461022225457193,-0.492772424339785
1997-12-11,0.1216395336807967,-0.35220700696073143
1997-12-12,-0.15097264011388203,-0.4240555358660564
1997-12-13,-0.10445992600619207,-0.5188608197462181
1997-12-14,0.08441732016668631,-0.7034749487253209
1997-12-15,0.38308641607691746,-0.8878311369223845
1997-12-16,0.6503544822317567,-1.0802001747261496
1997-12-17,1.0720359836382183,-1.2150732680775163
1997-12-18,1.305651011448331,-0.7396813654476495
1997-12-19,1.512686921417594,-0.09532906900294404
1997-12-20,1.632805408519411,0.25177414138478704
1997-12-21,1.7288035614606745,0.647860958884266
1997-12-22,1.8278882099646248,0.6697533324237765
1997-12-23,1.7821349273421783,0.5899198239489621
1997-12-24,1.6329375146805727,0.5656069442265886
1997-12-25,1.512243497430267,0.5439451846043691
1997-12-26,1.2123999604229898,0.43335370267104656
1997-12-27,1.0849113882613601,0.6936289301554562
1997-12-28,0.9640292737238371,1.1650454026391819
1997-12-29,0.6753773449103063,1.2459429947684235
1997-12-30,0.6179880468229626,1.2007253916068412
1997-12-31,0.6200176007211811,1.4335630288539951
1998-01-01,0.4949953002625467,1.5365087570620988
1998-01-02,0.050827439128448476,1.3932176576367705
1998-01-03,-0.295532879641839,1.5172464716342493
1998-01-04,-0.7910433108643926,1.5222447648848945
1998-01-05,-1.271529859341573,1.4685293164752558
1998-01-06,-1.7259623907163177,1.3867843271204934
1998-01-07,-2.1301518936278723,1.2603772840332177
1998-01-08,-2.273188017332205,1.0319492081252066
1998-01-09,-2.3482651245372583,0.5126838247867536
1998-01-10,-2.1491342626786776,0.25238764742512776
1998-01-11,-1.7352186735917703,0.07787872096589303
1998-01-12,-1.1913057461160728,-0.5002014113664489
1998-01-13,-0.48224076179816305,-0.7705908708465421
1998-01-14,-0.1998336127110777,-0.6625536131070028
1998-01-15,0.16758635192410717,-0.24040869133522427
1998-01-16,0.2925701017254883,0.1994642708458776
1998-01-17,0.47905776359623664,0.5186798482145336
1998-01-18,0.6500673731046193,0.7587194091397823
1998-01-19,0.48583554349388963,0.9030032864320052
1998-01-20,0.3232415734526965,1.118423056403315
1998-01-21,-0.13796811516802276,1.1945375722177414
1998-01-22,-0.29156833879076344,1.1907963033828943
1998-01-23,-0.523493726812813,1.1678357056035296
1998-01-24,-0.8517055626970598,1.0018446092768156
1998-01-25,-1.1381451829766192,0.7942400384029547
1998-01-26,-1.1431033978853944,0.3790042610322269
1998-01-27,-1.0913630870245294,0.04346891612530421
1998-01-28,-0.9072464725905925,-0.23371910279273525
1998-01-29,-0.7084937022280093,-0.5509507515016733
1998-01-30,-0.7107464362551593,-0.760550174616176
1998-01-31,-0.5869447158360854,-0.7726828148104905
1998-02-01,-0.45818135201273735,-0.7064238779891087
1998-02-02,-0.7662291361423981,-0.7009710635569292
1998-02-03,-0.8281434078681057,-0.8801659857401559
1998-02-04,-0.823236815214672,-0.8413609152041596
1998-02-05,-0.6405168761042622,-0.5585912758800154
1998-02-06,-0.7318896195316913,-0.45569278555493203
1998-02-07,-0.7318420258469787,-0.47001768178181824
1998-02-08,-0.7809796302201207,-0.5425487324305642
1998-02-09,-0.7541403334512703,-0.4095716694668416
1998-02-10,-0.5351134487804105,-0.6980079787381283
1998-02-11,-0.2616552872161516,-1.0021227773369301
1998-02-12,0.15474823548530556,-1.167832672637717
1998-02-13,0.551064547607763,-1.1011457582455413
1998-02-14,1.0180921012395092,-0.9188434147382772
1998-02-15,1.1452569623221995,-0.9542156458203497
1998-02-16,1.3133840107413854,-0.9616133321168338
1998-02-17,1.3774515880375608,-0.7980911079965994
1998-02-18,1.3532322869033568,-0.578178151796434
1998-02-19,1.0634915628495396,-0.2865844695304072
1998-02-20,0.9411628387240384,-0.025758729780807732
1998-02-21,0.7383536007003964,0.43464838479759094
1998-02-22,0.31844648134858394,0.7268173196185973
1998-02-23,0.06503699278059853,0.6832079132999714
1998-02-24,-0.29200253810646687,0.565199925769714
1998-02-25,-0.35692523734209086,0.24945528371372322
1998-02-26,-0.37213060949153026,-0.4883039591108709
1998-02-27,-0.1786458131036706,-0.7533061710997652
1998-02-28,0.07679129632850079,-0.5421137983194352
1998-03-01,0.16695618995589373,-0.309178747200986
1998-03-02,0.1237745442227267,-0.1414152699556701
1998-03-03,0.054906637209658736,0.09954789567707403
1998-03-04,-0.1321555654401796,0.5242802856646847
1998-03-05,-0.18986215697308734,0.4786478246389047
1998-03-06,-0.30319004141712685,0.6634064707828344
1998-03-07,-0.3672079245554707,0.8102219415605435
1998-03-08,-0.142279673517452,0.8975784609824574
1998-03-09,-0.11402407067400243,0.8730344691894654
1998-03-10,-0.04620014375913097,0.8041795190959952
1998-03-11,0.19441311589613847,1.1055416902520057
1998-03-12,0.2185300309056738,1.1488250767434967
1998-03-13,0.37205245326168035,1.1095047476655797
1998-03-14,0.30114099384393833,1.0273865812217313
1998-03-15,0.03419463107802243,1.0052358865903994
1998-03-16,-0.4200877687163769,1.0884917875439983
1998-03-17,-0.6197704371905084,1.1038897702678014
1998-03-18,-0.5481103692942697,1.078586041221332
1998-03-19,-0.5840366189830669,0.9727180787719221
1998-03-20,-0.8499205481732597,0.6657978119889479
1998-03-21,-1.0251136849778018,0.49548854502430123
1998-03-22,-1.2161066034008459,0.1879747489271085
1998-03-23,-1.2991119047561803,-0.17796708709302209
1998-03-24,-1.2983935675416804,-0.4602105585993821
1998-03-25,-1.2133889285538992,-0.8144796094765322
1998-03-26,-1.1232402988760755,-1.2363363680570747
1998-03-27,-0.9630189243192337,-1.305956413249721
1998-03-28,-0.846173361853824,-1.1895011550462313
1998-03-29,-0.526747712029873,-1.3017776773972758
1998-03-30,-0.17814888297433526,-1.3045176859394683
1998-03-31,-0.0931093235946082,-1.2000759389251086
1998-04-01,-0.07053884231986322,-1.1154528636554206
1998-04-02,0.09538293318636944,-0.9623639055783612
1998-04-03,-0.10328135732982953,-0.7731821609075128
1998-04-04,-0.512534338446736,-0.7019739708219538
1998-04-05,-0.7816022687508452,-0.7903365080753454
1998-04-06,-0.6735980879341265,-0.8497238984700272
1998-04-07,-0.3494723400721882,-0.8335811802074873
1998-04-08,-0.16439688782639741,-0.6506984999232489
1998-04-09,-0.10093477434927921,-0.5846636013375883
1998-04-10,0.1152635446574716,-0.28962603506377294
1998-04-11,0.5337230896246403,-0.007745971024407752
1998-04-12,0.7966511468420748,0.022303417869720888
1998-04-13,0.8889941985299581,-0.03555065936928664
1998-04-14,0.9241573463239038,-0.1040380953410505
1998-04-15,0.9968484930503883,-0.15602562760024086
1998-04-16,1.0189288290470695,-0.05946048891654154
1998-04-17,0.6234926555252711,-0.04426340177008447
1998-04-18,0.27426707853355164,-0.11431361209755114
1998-04-19,-0.17283160713094053,-0.1817705562230576
1998-04-20,-0.30692882692088386,0.1251456877329631
1998-04-21,-0.3338610944335599,0.5092904649077573
1998-04-22,-0.21141462664712796,0.4119264782847769
1998-04-23,-0.462727369338331,0.29082839595461485
1998-04-24,-0.7955291481548189,0.008766533679742946
1998-04-25,-1.1217529789757457,-0.4651861178829399
1998-04-26,-1.1806862802618776,-0.8451623644762847
1998-04-27,-1.4223658275057254,-0.9517043128417162
1998-04-28,-1.5503981846832522,-0.9217598270521377
1998-04-29,-1.418069111340023,-0.9743145080551829
1998-04-30,-1.3764770256598562,-0.9510349274463207
1998-05-01,-1.5794755847184905,-0.9748563236562751
1998-05-02,-1.7971368192569706,-1.097819920696338
1998-05-03,-1.675574023530226,-1.3921361746182352
1998-05-04,-1.158799575551232,-1.6800673025565882
1998-05-05,-0.7549573288943473,-1.7404916024969233
1998-05-06,-0.500536206648268,-1.818621105677692
1998-05-07,-0.06754679696245142,-1.6414280736852926
1998-05-08,0.36444662193903354,-1.4866459657045576
1998-05-09,0.7552599513518609,-1.4522356303615518
1998-05-10,0.988080670377928,-1.4235935735327996
1998-05-11,1.395806387193623,-1.2574985431122996
1998-05-12,1.802260664904752,-0.9658575890609604
1998-05-13,2.2535479503330045,-0.4855164578346117
1998-05-14,2.4751184455395876,0.06789159004495231
1998-05-15,2.5261162833547424,1.0210366832944018
1998-05-16,2.1335210568757677,1.9637074478904977
1998-05-17,1.817560570470263,2.2186476905537043
1998-05-18,1.6765488938105064,2.552593198668969
1998-05-19,1.2485582228573842,2.3068358751732982
1998-05-20,1.1477132508723742,2.166424379840361
1998-05-21,1.1198378452836855,1.9904551265386725
1998-05-22,0.7666912945154835,1.8942803886878135
1998-05-23,0.337696708072505,1.8142738832619174
1998-05-24,-0.023953868547373715,1.7079668101790237
1998-05-25,-0.2021203999696203,1.8002342595462608
1998-05-26,-0.47426989056210916,1.6513962897524437
1998-05-27,-0.5292005627746432,1.6007728943272335
1998-05-28,-0.32418698517922534,1.521572418740792
1998-05-29,-0.25192168178139135,1.345231563099075
1998-05-30,-0.4382242197181956,1.0648219061666908
1998-05-31,-0.6939094431845791,0.5267565287264684
1998-06-01,-0.3085543789605451,0.18051056239576302
1998-06-02,-0.065044359092783,0.026358953035945803
1998-06-03,0.13049699183812555,-0.11336441599388293
1998-06-04,0.41211379436756873,-0.25975173867447365
1998-06-05,0.7018857604640455,-0.23253009820782702
1998-06-06,1.0985461923100164,0.045622641624897244
1998-06-07,1.350217257744147,0.318381920980389
1998-06-08,1.3160247450249045,0.6323125000484902
1998-06-09,1.4052207722207135,0.9355756260679706
1998-06-10,1.2943387902116066,1.0157127811927054
1998-06-11,0.733337490551869,1.0138650798767586
1998-06-12,0.2177278069710649,1.072155544371042
1998-06-13,-0.016146119834456924,0.8877474161379936
1998-06-14,-0.08729662063528926,0.9047539739303301
1998-06-15,-0.0967761942574841,0.9532176213720104
1998-06-16,-0.17423958200260617,0.7196044316872983
1998-06-17,-0.3658511831570643,0.4356172652298281
1998-06-18,-0.32697751700401556,0.3353135003474405
1998-06-19,0.017156194905043123,0.2952392687640024
1998-06-20,0.45955251054692736,0.0885453561413387
1998-06-21,0.771067713536729,-0.04481441898803562
1998-06-22,0.9838103776611767,-0.09056908049188285
1998-06-23,0.9782691747082776,-0.012385978101432103
1998-06-24,0.8986195394270743,0.0634326147505537
1998-06-25,0.8772618470525019,0.11759187882227835
1998-06-26,0.96902726970207,0.23103017242020937
1998-06-27,0.6223523238348128,0.1478213746737648
1998-06-28,0.41749967782524033,0.23693086191801524
1998-06-29,0.47013373153369636,0.3687233076601947
1998-06-30,0.5445468923043397,0.4148101772828288
1998-07-01,0.4397249979421244,0.3183662303225848
1998-07-02,0.3589600106996452,0.23742842741048167
1998-07-03,0.052626705405406385,0.11316122804693819
1998-07-04,0.014342059237046265,-0.08351807726906567
1998-07-05,-0.04728815531775888,-0.310638227899134
1998-07-06,-0.1809436830938898,-0.4416596566270833
1998-07-07,-0.02021978088853866,-0.66395676319568
1998-07-08,0.09235408408424726,-0.8312376650382135
1998-07-09,0.09859830396993122,-0.8627253745659258
1998-07-10,-0.11672066497125001,-0.7936976773112681
1998-07-11,-0.238782097730203,-0.787423040511398
1998-07-12,-0.28921110205500455,-0.7294227294311202
1998-07-13,-0.42919214849131526,-0.5951503637746355
1998-07-14,-0.4233640331539053,-0.49967511527430974
1998-07-15,-0.48193123161436463,-0.660458321347406
1998-07-16,-0.45191582970585,-0.8738798537689002
1998-07-17,-0.43941806788968624,-0.7480900255510478
1998-07-18,-0.4689427340921092,-0.5966542574721567
1998-07-19,-0.5511847678365284,-0.5249949057408699
1998-07-20,-0.20793210713741464,-0.21366648348180048
1998-07-21,0.1463169530929706,-0.142587599476168
1998-07-22,0.3687146739118737,-0.18876981144824892
1998-07-23,0.38862939755833364,-0.0714585262706235
1998-07-24,0.41562243453326875,0.13672866036470338
1998-07-25,0.2538347060030172,0.28122971975009836
1998-07-26,0.1691015607454392,0.2097504037755979
1998-07-27,0.2753915308246502,0.3095915696217769
1998-07-28,0.24749651572642453,0.49795047785579744
1998-07-29,0.12970851021724866,0.451858830392
1998-07-30,0.2436210784078092,0.5676107267149114
1998-07-31,0.09975896123556881,0.9215624914125639
1998-08-01,-0.1589808961169252,0.9317412765590191
1998-08-02,-0.5993122380331622,0.8279202889752652
1998-08-03,-0.8040787566206491,0.962190752028254
1998-08-04,-0.5539124602349845,0.9756454336328149
1998-08-05,-0.4938516030032562,0.7087330303098276
1998-08-06,-0.6584258421728182,0.5490985406011739
1998-08-07,-0.6730053812829941,0.1967641553845332
1998-08-08,-0.3605629078542785,-0.10383100413609614
1998-08-09,-0.46122108170403414,-0.4558063525772311
1998-08-10,-0.5965509824516877,-0.5430450807887622
1998-08-11,-0.5073529609445391,-0.6716773860954798
1998-08-12,-0.5011943016884173,-0.778326239458445
1998-08-13,-0.587024253564982,-1.056147676283494
1998-08-14,-0.5916516259228727,-1.1901353435283353
1998-08-15,-0.6495584070976647,-1.41461426196127
1998-08-16,-0.4502032467996735,-1.1616009865928663
1998-08-17,-0.07371610559741935,-1.2303072747598955
1998-08-18,-0.03417345940295899,-1.4250455592761608
1998-08-19,0.14207049118970705,-1.1537442433310028
1998-08-20,0.26089274337188223,-1.0909466731889887
1998-08-21,0.23156562658134353,-0.8824264046582347
1998-08-22,0.04287852561358694,-0.8022652515848708
1998-08-23,-0.13551284526428073,-0.9238657049426859
1998-08-24,-0.3598192081717961,-0.8028153461560933
1998-08-25,-0.3711922783385849,-0.765071316662414
1998-08-26,-0.518627670987939,-0.8054129533926895
1998-08-27,-0.7889579287510853,-0.6321003086145918
1998-08-28,-0.8882139126664211,-0.1784587278995577
1998-08-29,-1.0559097994556017,-0.11108625396467735
1998-08-30,-1.1935852772504563,-0.016588583951923908
1998-08-31,-1.2105348036923542,-0.09813427199067745
1998-09-01,-1.2102033993013148,-0.12664746768116933
1998-09-02,-1.0660801344613497,-0.45671703457337
1998-09-03,-1.148541412799534,-0.620627452438132
1998-09-04,-1.6994056870171546,-0.4688822614437016
1998-09-05,-1.888390366127473,-0.3950493305877183
1998-09-06,-1.5845260569297959,-0.5549410175003116
1998-09-07,-1.3777430433012,-0.7010502722351332
1998-09-08,-1.066472867874077,-0.7381128502818949
1998-09-09,-0.6796958488249183,-0.6630793102489004
1998-09-10,-0.34701210689212675,-0.7312091109528727
1998-09-11,-0.22646450564104545,-0.6608447669003268
1998-09-12,-0.059568988345496995,-0.7326730548278276
1998-09-13,0.0079902352800782,-0.7826626035655924
1998-09-14,0.05422604662558341,-0.9086874882661602
1998-09-15,0.3719537723662713,-1.0213193871114157
1998-09-16,0.6056833614557973,-0.9620862928675075
1998-09-17,0.9188637813234636,-0.8752213263527934
1998-09-18,0.9693551564406223,-0.7954619159690076
1998-09-19,0.904085206642133,-0.7270572864245058
1998-09-20,1.0644794721875515,-0.5039391763822616
1998-09-21,1.2680091503394937,-0.4030925630224131
1998-09-22,1.4163185820156063,-0.35227290095459923
1998-09-23,1.312275534229935,-0.3240324801329177
1998-09-24,1.2340932998181728,-0.3711669705307774
1998-09-25,1.1317759945352843,-0.5235717480722936
1998-09-26,1.2484101391638747,-0.38124653184366064
1998-09-27,1.5047710038645998,-0.11931420424624964
1998-09-28,1.7509154291793347,0.18078052152321758
1998-09-29,2.046981580173395,0.3309531007096985
1998-09-30,2.3012557081510203,0.10333050779311306
1998-10-01,2.2876785404298015,0.18841263880219095
1998-10-02,2.2110936855401473,0.14649996291747938
1998-10-03,1.9343327878490773,0.4352201484229533
1998-10-04,1.4665843232581814,0.7547455008890709
1998-10-05,1.030547798201823,0.9282466161125493
1998-10-06,0.7492795609617814,0.9263688973432465
1998-10-07,0.6039593696575759,0.9605904109677246
1998-10-08,0.4866069872200114,1.0957998829556888
1998-10-09,0.13983669502676047,0.9286645363460917
1998-10-10,-0.25774792236959565,0.8026082026716306
1998-10-11,-0.44780858924575634,0.2954275614008032
1998-10-12,-0.42284601861520926,0.15450728781523546
1998-10-13,-0.12620088116390693,0.43287505960504297
1998-10-14,0.1615499642073809,0.49286191127072393
1998-10-15,0.5055282350190439,0.6030834179681903
1998-10-16,0.6025586659689383,0.7577856697014594
1998-10-17,0.3876561040148896,0.8394549158828294
1998-10-18,0.0631660360336465,0.6546965996161896
1998-10-19,-0.4746503198496829,0.2216289290378509
1998-10-20,-0.7305224949457418,-0.08151099705877922
1998-10-21,-0.704427575868333,-0.12083469619168734
1998-10-22,-0.5807042370565932,-0.3145993590251313
1998-10-23,-0.4907203852818683,-0.17948858784145474
1998-10-24,-0.38306558560016296,-0.26700309355455987
1998-10-25,-0.12265814601777691,-0.29936873605927244
1998-10-26,0.06911550201372954,-0.017880823704333505
1998-10-27,0.13699719579649566,0.06759518504751645
1998-10-28,0.37636531309017063,0.1243913350057247
1998-10-29,0.44477615979184754,-0.0320924041460007
1998-10-30,0.2305684989650585,-0.17195677557990516
1998-10-31,0.03815308441584502,-0.2606166563731126
1998-11-01,-0.17857286044260157,-0.00521517065788605
1998-11-02,-0.33583087406800255,0.020730821189154886
1998-11-03,-0.4066968012463013,0.043516361747767525
1998-11-04,-0.2577089752252627,-0.12140986838177628
1998-11-05,-0.14460511286858155,-0.33327939664422895
1998-11-06,-0.054335651341785654,-0.41270627497116025
1998-11-07,-0.021198321025441107,-0.1288251697036364
1998-11-08,0.32763130012532815,0.1964084507264168
1998-11-09,0.8165876594008449,0.3616504324236767
1998-11-10,1.0215115891889732,0.5376291356275651
1998-11-11,1.1049042531686806,0.5234436671794319
1998-11-12,1.2081133788231295,0.7103046904663011
1998-11-13,0.8669427195958194,1.100520587335007
1998-11-14,0.6575213046154369,1.5629643647285894
1998-11-15,0.344109326254333,1.7238941506974022
1998-11-16,0.1322474091224187,1.7335208915537819
1998-11-17,-0.23670615441251786,1.5609518523407793
1998-11-18,-0.530186496758435,1.6047371074725914
1998-11-19,-0.44053587208485817,1.7472710350591765
1998-11-20,-0.29885504202222957,1.9283713539712353
1998-11-21,-0.33575335842668375,1.8313514145503056
1998-11-22,-0.42828622114698744,1.6424062593323336
1998-11-23,-0.699196015818624,1.2825909214997482
1998-11-24,-0.8488371828907654,1.2133144070750763
1998-11-25,-0.9350753672403445,1.4886826799051658
1998-11-26,-1.0375984928396667,1.2905170667491839
1998-11-27,-1.1066236429885599,1.0613670632143628
1998-11-28,-0.9016895682657319,0.8333377433558065
1998-11-29,-0.8642788696290672,0.8471702673356587
1998-11-30,-0.7880695187215834,0.8540868383584128
1998-12-01,-0.6291372519291374,0.4362232209767733
1998-12-02,-0.5204361830311026,-0.06788689160284038
1998-12-03,-0.30444917401483196,-0.5926062133440667
1998-12-04,-0.11054376900096452,-0.9942018540888038
1998-12-05,-0.03326220111681979,-1.221951482621314
1998-12-06,0.1486508722053952,-1.1476490378160056
1998-12-07,0.3114799338281735,-1.0683339127786289
1998-12-08,0.48353457932926996,-0.7684330152443657
1998-12-09,0.7265155730230567,-0.603086536886124
1998-12-10,0.9055669915204598,-0.21407674202447768
1998-12-11,0.6184650946814538,-0.10675417097644202
1998-12-12,0.3867085020753652,-0.020188212113689413
1998-12-13,0.37376290910265464,0.16089299747935948
1998-12-14,0.35958671466362635,0.23911105401978294
1998-12-15,0.3404314605953976,0.24347336605598585
1998-12-16,0.41767938541857524,0.27636522475615516
1998-12-17,0.24163808230878053,0.27509863242738
1998-12-18,-0.1032035772795136,0.2858728667383771
1998-12-19,-0.1705883307553345,0.40084497614344616
1998-12-20,-0.20175402710483795,0.375413133676071
1998-12-21,-0.4154690831390826,0.4640939503840016
1998-12-22,-0.3938939469026529,0.2042929759822251
1998-12-23,-0.2467990346574191,-0.25839390526950606
1998-12-24,-0.28388731173400134,-0.6058751421905891
1998-12-25,-0.3555841708131361,-0.9558879589801095
1998-12-26,-0.4279076471184346,-0.9309684418131101
1998-12-27,-0.5984844773697651,-0.7530436190339238
1998-12-28,-0.4767370736923285,-0.541914015503524
1998-12-29,-0.24619953290372745,-0.6500009199074418
1998-12-30,-0.21526021433682388,-0.3864639237572109
1998-12-31,-0.25042152177799437,-0.18940775533886314
1999-01-01,-0.2099909990409633,-0.20066753382670685
1999-01-02,-0.2530906507246173,-0.5025997158094411
1999-01-03,-0.590233217499163,-0.41499007554567424
1999-01-04,-0.9248250398451501,-0.15952914275152275
1999-01-05,-0.8620242077304178,0.005242692021910395
1999-01-06,-0.5485540202377566,0.13196821768812422
1999-01-07,-0.38029660335765175,0.23471079937634737
1999-01-08,-0.44004984200412955,0.1325794925269226
1999-01-09,-0.760189510263497,-0.17441853742774202
1999-01-10,-1.128773365988176,-0.5178041761593671
1999-01-11,-1.460364905059829,-0.8379667185971996
1999-01-12,-1.3663723910928924,-1.120116310475813
1999-01-13,-1.11234168531774,-1.598095263075895
1999-01-14,-0.815668244123769,-1.9670737112906442
1999-01-15,-0.5323369413736687,-2.1906673051278203
1999-01-16,-0.11169966569698433,-2.316905082610716
1999-01-17,0.16448977986285587,-2.2434817413939796
1999-01-18,0.6901813659364271,-1.9912390722353517
1999-01-19,1.0610185366368592,-1.759301204531486
1999-01-20,1.3338825352025938,-1.5475723883942754
1999-01-21,1.6397154155244371,-1.050240970759484
1999-01-22,1.8150431037819605,-0.7184438605068362
1999-01-23,1.7192094887656542,-0.2856991534263153
1999-01-24,1.398061182109012,0.49495362693467365
1999-01-25,1.4052002139515822,1.0573805509181038
1999-01-26,1.1860810130630954,1.5890707514855775
1999-01-27,0.99597854790264,1.9521287232646227
1999-01-28,0.9323718841806061,1.9690713404318363
1999-01-29,0.6659534612457871,1.7572652504832893
1999-01-30,0.27125249993678335,1.6697335314109227
1999-01-31,0.0985580620150578,1.5420374372825567
1999-02-01,0.1172371293829052,1.3738421550410407
1999-02-02,0.12966441812938964,1.1569154855311274
1999-02-03,0.19992155311288173,0.9169905584043697
1999-02-04,0.21799821422120172,0.8584460234925588
1999-02-05,0.28564424384820014,0.9087191195752351
1999-02-06,0.5334217613942911,1.0373182119559778
1999-02-07,0.6893196708336619,0.9348365882024628
1999-02-08,0.3792574141616594,0.9397114113227218
1999-02-09,0.2255803007414055,0.8694318839318047
1999-02-10,0.06480204941211627,0.903963993317322
1999-02-11,-0.37131074182392076,1.2750937635956492
1999-02-12,-0.7922310795886812,1.6704705536417455
1999-02-13,-1.1589132345548514,1.6666823512245512
1999-02-14,-1.8664427078174826,1.6830665444622444
1999-02-15,-2.5401489598582145,1.596635897236139
1999-02-16,-3.0807388551516093,1.3452794413677356
1999-02-17,-3.265349752957117,1.157411006745187
1999-02-18,-3.1041468488186204,0.9805064208350478
1999-02-19,-2.8064431632520006,0.49234472301056886
1999-02-20,-2.2844147717132146,0.06755918563144511
1999-02-21,-1.8089657080680739,-0.2172718382164135
1999-02-22,-1.2517597125447053,-0.344055242840228
1999-02-23,-0.9583426338372308,-0.5250626607129852
1999-02-24,-0.9120071713629709,-0.6899739950833386
1999-02-25,-0.6951101416624287,-0.8038448712171069
1999-02-26,-0.8069274100401231,-1.1687116411888268
1999-02-27,-0.8964957255933182,-1.3887417312422359
1999-02-28,-0.6634785140374979,-1.3920524574014892
1999-03-01,-0.3011229225094883,-1.245415985702765
1999-03-02,-0.01281737352781196,-1.1509807855850533
1999-03-03,0.053706918819247135,-1.0438346313971525
1999-03-04,0.21329320262482251,-1.0143736076532937
1999-03-05,0.5136779182074434,-0.7643432711713077
1999-03-06,0.5757680796534871,-0.7311736025002598
1999-03-07,0.4409415984271555,-0.8231357141075942
1999-03-08,0.44192165878551143,-0.8721217425627259
1999-03-09,0.6242406718383758,-1.0700111366202323
1999-03-10,0.554235388669528,-1.2847588201770503
1999-03-11,0.4800348764060181,-1.234506436267632
1999-03-12,0.6045035935654062,-1.3557851943911028
1999-03-13,0.3996285788987938,-1.5022262314817578
1999-03-14,0.4893344913066315,-1.5773188876968525
1999-03-15,0.673082069498952,-1.6737326121994194
1999-03-16,1.0664844913231901,-1.672170961470714
1999-03-17,1.300189761580401,-1.7048461327698994
1999-03-18,1.395745743849926,-1.2723555599141838
1999-03-19,1.607010492378048,-0.9229178564226799
1999-03-20,2.085164648182775,-0.8831519483031189
1999-03-21,2.3499925751566813,-0.7094924386545206
1999-03-22,2.2649949113683574,-0.642427781499961
1999-03-23,2.0384410737927534,-0.6814098321784966
1999-03-24,1.534666810270142,-0.3700942705815194
1999-03-25,1.2071330911223217,-0.2700476385696977
1999-03-26,1.0211638285923756,-0.4249453740248669
1999-03-27,0.9105690554015508,-0.3086853027812249
1999-03-28,0.8048970844077126,-0.14777759955018113
1999-03-29,0.49916264674385497,-0.10514149892679472
1999-03-30,0.3000336853444216,0.11817614612220298
1999-03-31,0.49274649797762843,0.3110639305098343
1999-04-01,0.2707000059118429,0.4304315789120667
1999-04-02,0.22645783759820812,0.5719555965518217
1999-04-03,0.229220287074982,0.5863766611644505
1999-04-04,0.43701851927398305,0.7066727263091872
1999-04-05,0.7642565416922896,0.7331582602924755
1999-04-06,0.78033550999143,0.8644415623568467
1999-04-07,0.5718669277018972,0.882413575558387
1999-04-08,0.6088255451605086,1.1423340593667375
1999-04-09,0.8604648126427334,1.00047104390065
1999-04-10,1.208650315270978,0.6209905886060465
1999-04-11,1.3992317343593634,0.36492038390901793
1999-04-12,1.7447726901007303,0.49343502284040364
1999-04-13,1.8573569009860407,0.7422716749108583
1999-04-14,1.8953904840420484,0.765294782126362
1999-04-15,1.6759785938352547,0.9367887722797068
1999-04-16,1.3895008498161616,0.9806269595671067
1999-04-17,1.1025120261424048,1.0377872461416662
1999-04-18,0.8471786339955031,1.0809806564276618
1999-04-19,0.648604083690351,1.1428374049582781
1999-04-20,0.3449816600075067,1.2161069466803995
1999-04-21,0.18871301576546923,1.3423769263939127
1999-04-22,0.03531252506865989,1.4881907342688028
1999-04-23,-0.31740749774801974,1.3351825289209767
1999-04-24,-0.9439099296796382,1.2979042168403447
1999-04-25,-1.35305501345226,1.1073494193608204
1999-04-26,-1.5331250033495558,0.994040132290187
1999-04-27,-1.699144013976193,0.9164954339542177
1999-04-28,-1.7611722700895525,0.9787016809528326
1999-04-29,-1.855674251638176,0.8479250820048938
1999-04-30,-1.734482605011951,0.5123566779404775
1999-05-01,-1.5946023834815821,0.19919143830993533
1999-05-02,-1.3713976140833526,-0.1621590540264925
1999-05-03,-1.2980497406125473,-0.36528313521881683
1999-05-04,-1.1816176638418268,-0.598245864583441
1999-05-05,-1.1069050678081784,-0.855188218789722
1999-05-06,-1.0522698644705892,-1.0789535025686
1999-05-07,-1.0120070853356122,-1.002609758263543
1999-05-08,-1.0739676360073047,-1.052083093705778
1999-05-09,-0.980376785101495,-0.9781047731470622
1999-05-10,-0.6995297770917707,-1.1177383225555557
1999-05-11,-0.6042168496108272,-1.2198729632195409
1999-05-12,-0.6499246754505048,-1.257557233543944
1999-05-13,-0.5102323557921807,-1.1037930625555181
1999-05-14,-0.3025864176048214,-0.9875110119279074
1999-05-15,-0.010127986755363555,-1.0020829271400968
1999-05-16,0.15658529289337159,-0.8622714302543294
1999-05-17,0.3829827752691561,-0.6801515153823328
1999-05-18,0.5977067547611219,-0.5530432775355129
1999-05-19,0.8352225865727478,-0.4461850912982818
1999-05-20,0.8849213497153924,-0.5039163896790931
1999-05-21,0.8864284402627116,-0.40184895562082074
1999-05-22,0.718999191735684,-0.2286818869291222
1999-05-23,0.8110782609278488,-0.0036782735005995316
1999-05-24,0.9568554784785945,0.15367111335641612
1999-05-25,0.938333982190666,0.21883752520227676
1999-05-26,0.9609369915511774,0.6648194388823482
1999-05-27,0.9217226271063207,1.0104071653567148
1999-05-28,0.837502099840456,1.094977108393987
1999-05-29,0.5808700697858922,1.19102414754002
1999-05-30,0.2177169036811055,1.275846939889777
1999-05-31,-0.13934783180458898,1.3067630712896285
1999-06-01,-0.3790881595326033,1.2650211295502467
1999-06-02,-0.4958847354159495,1.144014817311901
1999-06-03,-0.6261879908092957,0.990670198967937
1999-06-04,-0.5781472435435497,0.9370755781778529
1999-06-05,-0.5401932734108428,0.9269522643587181
1999-06-06,-0.5220621655137717,0.7961530550665211
1999-06-07,-0.2626726474196312,0.7390610154182939
1999-06-08,0.05669199508548427,0.7789560891379059
1999-06-09,0.16689813630261394,0.725620324163641
1999-06-10,-0.1226155130114909,0.6915042723273216
1999-06-11,-0.37962912291528456,0.5135811429899223
1999-06-12,-0.31370701895204506,0.4834304361836954
1999-06-13,-0.30820646155502585,0.37875486692228083
1999-06-14,-0.39166078707463103,0.40475730716567426
1999-06-15,-0.45924093810293454,0.2473074236211825
1999-06-16,-0.49523765292798,0.08428291430063732
1999-06-17,-0.4821796183540992,0.06152444723462038
1999-06-18,-0.40725897488404644,0.2010966812518028
1999-06-19,-0.317006903183322,0.04765959185486674
1999-06-20,-0.36406772988769565,-0.09091714907562837
1999-06-21,-0.34107465363744527,-0.11140757419521762
1999-06-22,-0.4355253579394237,-0.1387561618749222
1999-06-23,-0.4931520091280451,-0.43922537891309293
1999-06-24,-0.7608871329285787,-0.6762419962221543
1999-06-25,-1.0312122739014091,-1.0617667574491414
1999-06-26,-1.223626375172245,-1.100347309726341
1999-06-27,-1.0925395492157992,-0.9883806383965891
1999-06-28,-1.0408056211925547,-0.8283972184412286
1999-06-29,-1.0986813959520612,-0.7484075074703762
1999-06-30,-0.9098423001977438,-0.6938443681068851
1999-07-01,-0.9236047687066121,-0.8736871175257065
1999-07-02,-0.9720292236817277,-0.8863206285448153
1999-07-03,-0.623365768634263,-1.012875636205028
1999-07-04,-0.41816159429663985,-0.9669883440386743
1999-07-05,-0.31097270895199974,-0.8479206302136495
1999-07-06,-0.11110771559905318,-0.7748805966387966
1999-07-07,0.03703331469436058,-0.7336666605195878
1999-07-08,0.22689520930698107,-0.5523891360076214
1999-07-09,0.3166001059539079,-0.43069122773026264
1999-07-10,0.6089968471694961,-0.2293228691926889
1999-07-11,0.7232757524936534,-0.042598648407291696
1999-07-12,0.6307780394973195,0.15229541990521658
1999-07-13,0.5933769899748781,0.28305561996077055
1999-07-14,0.47306428991869687,0.13711860666598805
1999-07-15,0.44750873094360866,-0.02051718016745791
1999-07-16,0.6256372556888047,-0.12716822525687524
1999-07-17,0.7532802982870266,0.050777973037636724
1999-07-18,0.7334719078260301,-0.13893837915077062
1999-07-19,0.8484551117194363,-0.13321867520464997
1999-07-20,1.2006785442094783,0.045278019260936976
1999-07-21,1.3669236966402685,0.2207732707093096
1999-07-22,1.2693111578335408,0.35227577795594595
1999-07-23,1.18281736697235,0.324080741962687
1999-07-24,0.9907247793227741,0.46526788705071664
1999-07-25,0.8486542462718674,0.7188685341420693
1999-07-26,0.8075030420527267,0.7442440554209355
1999-07-27,0.8073068427998613,1.0021053830763405
1999-07-28,0.5664031755779151,0.9839838891142624
1999-07-29,0.4419433206158854,0.8034013608317357
1999-07-30,0.11091937855124236,0.7243525469670558
1999-07-31,-0.313988669671278,0.5716559355461904
1999-08-01,-0.4239779378072488,0.5471232019237117
1999-08-02,-0.2620468008734851,0.5494515391761269
1999-08-03,-0.1194853050913382,0.4918008747199437
1999-08-04,-0.1150907546053405,0.579782719873058
1999-08-05,-0.25849778884732505,0.6985306948909299
1999-08-06,-0.292873048687077,0.6908537354089413
1999-08-07,-0.10053284132814937,0.9885367549684854
1999-08-08,0.2128969488820621,0.8569094320716653
1999-08-09,0.2903182785647959,0.6445233761801261
1999-08-10,0.20708092385728308,0.35237898249012134
1999-08-11,0.18142107400972798,0.4185599583447634
1999-08-12,0.00773989925078225,0.3191902408879454
1999-08-13,-0.2599702961959715,0.3224893702106188
1999-08-14,-0.49530583493819214,0.09576272705691101
1999-08-15,-0.7044586046613028,-0.10993506485830971
1999-08-16,-0.9728892096952704,-0.15929267608128966
1999-08-17,-1.3151547572084084,-0.27805558016695425
1999-08-18,-1.2157136084056879,-0.5384859184249025
1999-08-19,-1.0704861996613133,-0.8113112999727629
1999-08-20,-1.0250691813273485,-0.7325021425614583
1999-08-21,-0.9177546191109086,-0.8509326101063176
1999-08-22,-0.6576808706322282,-1.1217342597227775
1999-08-23,-0.28922158614128607,-1.240288174135102
1999-08-24,0.0755943371055964,-1.0827169713091152
1999-08-25,0.3438554271721864,-1.0478344234717583
1999-08-26,0.6842989739431923,-0.7275602018802284
1999-08-27,0.8965870594178355,-0.6625926132553486
1999-08-28,0.8296205384318295,-0.4724883836058414
1999-08-29,0.5810599464898653,-0.06144627568487784
1999-08-30,0.3287450953703135,0.13434668355360563
1999-08-31,0.20979626119522093,0.35817260097704146
1999-09-01,0.09303019520313803,0.5982906408485819
1999-09-02,-0.09746003946318182,0.7740118473816796
1999-09-03,-0.09918269193783932,0.6264919788333003
1999-09-04,-0.36623076443581626,0.5127699659948487
1999-09-05,-0.7408181208823362,0.46931227606959997
1999-09-06,-0.971694672204421,0.3333177163484274
1999-09-07,-1.350393046365046,0.08870425460562073
1999-09-08,-1.262082389870927,0.00424316619528562
1999-09-09,-0.8666698055998917,0.16810910237807597
1999-09-10,-0.48361396155683734,0.15269868404740358
1999-09-11,-0.3517133483866318,-0.05154694978418053
1999-09-12,-0.4974865397989244,-0.0512735358907611
1999-09-13,-0.5867697409707133,0.1855674856062216
1999-09-14,-0.43431191221907356,0.04146725629789517
1999-09-15,-0.28191812198961114,-0.06603756269024592
1999-09-16,-0.31962508103564324,-0.11800140001370903
1999-09-17,-0.46273654537953746,-0.28984996633289806
1999-09-18,-0.6201019717014737,-0.5882520336221888
1999-09-19,-0.8686359773473816,-0.7641197803601413
1999-09-20,-0.9325680722916649,-0.9255035447755626
1999-09-21,-1.0148113480844536,-0.8669277668845605
1999-09-22,-0.9738165043873889,-0.9950859882126258
1999-09-23,-0.8568803244389808,-1.3858796935399553
1999-09-24,-0.8123937856595469,-1.6820014287626992
1999-09-25,-0.5785769394600986,-2.0001441895221213
1999-09-26,-0.7272463612104259,-2.0922363005259914
1999-09-27,-0.587988708034047,-2.2612119049858066
1999-09-28,-0.2845548160333409,-2.4497207100262752
1999-09-29,-0.17745331519606952,-2.4324437639852277
1999-09-30,-0.11841185989568384,-2.451135077535717
1999-10-01,0.06551641024592697,-2.223651770239928
1999-10-02,0.10882995162843438,-2.16846478418501
1999-10-03,0.05326498062059647,-1.9757110097001096
1999-10-04,-0.16055954702810976,-1.9042553326308655
1999-10-05,-0.20091933932828515,-1.7057270705228487
1999-10-06,0.0032810902462087855,-1.3673867908830912
1999-10-07,0.28524555730238493,-1.3151068957003478
1999-10-08,0.4920295436349764,-1.3128241693385438
1999-10-09,0.6951409141819713,-1.0686653962412733
1999-10-10,0.843364806213896,-0.8492491294457291
1999-10-11,0.7642377210356869,-0.6929924750485307
1999-10-12,0.7004106332691649,-0.6078061763940938
1999-10-13,0.6173556626452191,-0.5514703820076612
1999-10-14,0.6610926002692669,-0.5131400307011822
1999-10-15,0.8947404259682296,-0.5822889463046348
1999-10-16,1.0503580537019301,-0.4712688871579164
1999-10-17,1.036669663358696,-0.46683211729603735
1999-10-18,1.0922228717114957,-0.2558602055592489
1999-10-19,1.122398861658906,-0.19722021533333733
1999-10-20,1.2519193852768844,-0.14769409675187245
1999-10-21,1.2053265594380107,-0.06173944938020587
1999-10-22,1.1231122763357204,0.13596145876497528
1999-10-23,0.9900880734269011,0.13753271215167912
1999-10-24,0.8140993891044601,0.21658498108237098
1999-10-25,0.9091827817238555,0.43256928257358057
1999-10-26,0.9964676132862941,0.6325020377964008
1999-10-27,1.3869425133157227,0.6307315858114078
1999-10-28,1.6995995785284377,0.7627501415667459
1999-10-29,1.7683387627409348,0.882414919998196
1999-10-30,1.8985508375013076,0.8279202593947579
1999-10-31,1.8511403752159639,1.1318296626418334
1999-11-01,1.944582960969845,1.414987416379755
1999-11-02,1.913843175649662,1.7186988961946787
1999-11-03,1.7763661908088,2.0930385945305026
1999-11-04,1.5017102338262303,2.211708872896193
1999-11-05,1.0418972838023217,2.3867048161213624
1999-11-06,0.46493548371414595,2.7867468598111347
1999-11-07,0.09917908961635143,2.8767266083497596
1999-11-08,-0.3560606395717181,2.7141086667474346
1999-11-09,-0.6912183440032111,2.40588633033866
1999-11-10,-0.7511243545796332,1.9389660775773077
1999-11-11,-0.9746266185324537,1.7759562480425986
1999-11-12,-1.0867476617565666,1.5109249145336223
1999-11-13,-1.4057142800030353,1.5216673554787934
1999-11-14,-1.575999756503466,1.2502035344331104
1999-11-15,-1.6470681049997675,0.7832545643970924
1999-11-16,-1.5569588103514462,0.6925647920380948
1999-11-17,-1.2569228230815588,0.753099860694596
1999-11-18,-1.175471606075489,0.8759983724718731
1999-11-19,-1.1866019668182008,0.834180233913494
1999-11-20,-1.0552607755851726,0.7780650903747897
1999-11-21,-1.022469962925779,0.5295222715638427
1999-11-22,-1.2416265312994454,0.0376801232663418
1999-11-23,-1.1646362453176267,-0.3622044071030235
1999-11-24,-0.7526996753855782,-0.30824023633799996
1999-11-25,-0.5100780612848099,-0.24145320421058486
1999-11-26,-0.4848807254262717,-0.10112572361482103
1999-11-27,-0.3517626000014961,-0.06914064189180356
1999-11-28,-0.2241513983551167,-0.2943036708712905
1999-11-29,-0.07092803900522639,-0.2522035493385421
1999-11-30,0.2126856677158277,-0.253935318512372
1999-12-01,0.3654304576505363,-0.3959507119844524
1999-12-02,0.5456839974968839,-0.24284792397747962
1999-12-03,0.38086996667126877,-0.39280843533064286
1999-12-04,0.35367157170756824,-0.20152446431589555
1999-12-05,0.5914119143726554,0.22453142412885552
1999-12-06,0.7699962035115109,0.5237363248474627
1999-12-07,1.0890421410450783,0.8198996017681063
1999-12-08,0.947666554375106,0.7343855994283798
1999-12-09,0.7751903032686628,0.7018180122041934
1999-12-10,0.5969174188933356,0.8634751244516452
1999-12-11,0.4123848738615478,0.8885480766571914
1999-12-12,0.4854644688020721,0.7825189779065038
1999-12-13,0.4176339916560228,0.5834078542442076
1999-12-14,0.3980080418017255,0.6967659085583847
1999-12-15,0.14028791834321463,1.0640442368072798
1999-12-16,-0.07332604169301647,1.464183783515692
1999-12-17,-0.34118855664422587,1.4689996465623967
1999-12-18,-0.7824772957852952,1.060445773852338
1999-12-19,-1.1110863213701452,0.8786750332486405
1999-12-20,-1.3558571544889702,0.7029334842677027
1999-12-21,-1.6587283143400853,0.5342308975009632
1999-12-22,-1.7727837689378836,0.8347586249711245
1999-12-23,-1.7634935902459845,1.1398123007362508
1999-12-24,-1.632162047946446,1.057788141681943
1999-12-25,-1.6487403025109038,0.7992911038749467
1999-12-26,-1.4968599473512911,0.7049284122344706
1999-12-27,-1.3822921003529884,0.3120011398556877
1999-12-28,-1.3574423910734188,-0.0133975541806316
1999-12-29,-1.1539176970658784,-0.2543999389004482
1999-12-30,-1.03945045614812,-0.48415915038626817
1999-12-31,-0.991161333918323,-0.5465388911617338
2000-01-01,-1.0250404003759224,-0.6273611553272628
2000-01-02,-1.0131303949463293,-0.5532485106117477
2000-01-03,-0.79487760695563,-0.7164813871885233
2000-01-04,-0.5695883877713991,-0.757636680273828
2000-01-05,-0.35875988078662047,-0.8679883758850703
2000-01-06,0.06525964701573302,-1.1637784344408133
2000-01-07,0.2061239118779429,-1.5079822637522073
2000-01-08,0.4868689687453035,-1.4748204700162937
2000-01-09,0.7466795665146281,-1.3939113568257255
2000-01-10,1.0123363408959456,-1.3603703888702454
2000-01-11,1.080900721388445,-1.2371297684233566
2000-01-12,0.8245008279936944,-1.0540731496767533
2000-01-13,0.6530225252545158,-0.785337892605373
2000-01-14,0.43475557259328396,-0.49619815787055704
2000-01-15,0.39009301872477165,-0.4475653964041456
2000-01-16,0.4015665188016793,-0.4849567590663045
2000-01-17,0.30920320219590486,-0.4697638431140733
2000-01-18,0.10850429469457269,-0.4981313740935817
2000-01-19,-0.0601158927795511,-0.5798735793356868
2000-01-20,-0.04873626129414749,-0.7068633611974342
2000-01-21,-0.37121604364641464,-0.723081487266307
2000-01-22,-0.6085924071786217,-0.7191499284165134
2000-01-23,-0.6783143267000752,-0.6492837495258432
2000-01-24,-0.5049592852607641,-0.6101709225773648
2000-01-25,-0.45414371650988666,-0.5717874698352807
2000-01-26,-0.5836463286323308,-0.7293981973000989
2000-01-27,-0.658012805530251,-0.8251149130983585
2000-01-28,-0.5858630099835961,-0.6324335815074352
2000-01-29,-0.35728199878494055,-0.39037248807634256
2000-01-30,-0.10218769563176652,-0.5333225359388365
2000-01-31,0.04192842738476543,-0.6350922693638049
2000-02-01,0.01739644409212073,-0.8449297182194958
2000-02-02,0.19379901506546732,-0.9406666759691863
2000-02-03,0.3684026221058649,-0.7369162099468789
2000-02-04,0.4398489875237899,-0.7204157826974408
2000-02-05,0.4811032419818992,-0.49528040523360684
2000-02-06,0.5904024174389213,-0.06341214719589833
2000-02-07,0.559573364476898,0.29621919326261614
2000-02-08,0.34136073571279135,0.4541611444887585
2000-02-09,0.03410921261673504,0.6035582931744784
2000-02-10,-0.24151652809925625,0.8128443965054872
2000-02-11,-0.3607383380716407,0.6707511777199622
2000-02-12,-0.24089585572227518,0.38893117924187987
2000-02-13,-0.2295908979714177,-0.06344664462384214
2000-02-14,-0.3467951592835841,-0.6014896136749723
2000-02-15,-0.5193777001525975,-0.8526891908497243
2000-02-16,-0.12981852339669472,-0.7279908460811444
2000-02-17,0.3101779112029885,-0.6251866046401929
2000-02-18,0.761581499945444,-0.4907965039713232
2000-02-19,1.2962132471994698,-0.211613105222404
2000-02-20,1.5396064532175988,-0.034813680291857656
2000-02-21,1.513269191221618,0.14057389628317823
2000-02-22,1.6328725101963382,0.08959753411641024
2000-02-23,1.6398285685228917,-0.03454783650947771
2000-02-24,1.4876446389301798,0.06205484217768097
2000-02-25,1.4650271051862376,0.0317034810777354
2000-02-26,1.360532055292548,-0.11290738503257877
2000-02-27,1.1953897534728417,0.02964874931028961
2000-02-28,1.2305681452065242,0.09307058784718382
2000-02-29,1.2166579888363818,-0.09282043119403392
2000-03-01,1.2623069241124873,-0.17065942387129365
2000-03-02,1.261427805401695,-0.030507369966271018
2000-03-03,1.322060608871584,0.04399469682288644
2000-03-04,1.056025055399134,0.2430079967793359
2000-03-05,0.7389194086970045,0.40576911913695113
2000-03-06,0.7488652719925346,0.5661793967226697
2000-03-07,0.5533341984920541,0.7219751156294484
2000-03-08,0.4365178135050081,0.741681161815328
2000-03-09,0.4839675921191639,0.5711630599378575
2000-03-10,0.39041190339645737,0.4380772745234843
2000-03-11,0.23507410477756374,0.613871272038686
2000-03-12,0.08163678248637513,0.5845500351630174
2000-03-13,0.21347514930542646,0.5083184073394976
2000-03-14,0.13040391253554184,0.342380967541922
2000-03-15,0.13742458066778776,0.27376224844636493
2000-03-16,0.19068705581141315,0.18449527906147806
2000-03-17,0.14674530512968537,0.23821984214163056
2000-03-18,0.10379923250039048,0.3256284878861509
2000-03-19,-0.09327624720046589,-0.019399158740881956
2000-03-20,-0.2594433263203378,-0.3669814290852713
2000-03-21,-0.4348404420773834,-0.4218955836924371
2000-03-22,-0.8460047603837411,-0.5321964902777517
2000-03-23,-1.0809212731367062,-0.8593132715720422
2000-03-24,-1.2493143259505863,-1.153596230684315
2000-03-25,-0.9831852935702027,-1.3043425217978508
2000-03-26,-0.7629841797078547,-1.1519228274953737
2000-03-27,-0.7589564342372096,-1.0023564316918299
2000-03-28,-0.6840914768116226,-0.838613672906435
2000-03-29,-0.7739072904495083,-0.6541513647979109
2000-03-30,-0.7325305997967444,-0.5847155779932689
2000-03-31,-0.4964514590665064,-0.4733084936704316
2000-04-01,-0.28989058873109913,-0.5464849176128864
2000-04-02,-0.04544225769580819,-0.487765166867407
2000-04-03,0.23506201651554964,-0.4032018929313798
2000-04-04,0.45702479989078665,-0.2817825194627917
2000-04-05,0.5506666179464796,-0.17829581803308997
2000-04-06,0.47455871909949177,-0.1409398670458366
2000-04-07,0.301973748024106,-0.057953169185618505
2000-04-08,0.0959641756474125,0.08800748941278977
2000-04-09,-0.1305550106844274,0.04765386222152857
2000-04-10,-0.2383726907108563,-0.04924852451767195
2000-04-11,-0.3488108672848574,-0.024348005907199925
2000-04-12,-0.3418914037477821,0.0764301887067229
2000-04-13,-0.23889035275866422,0.15429919627945218
2000-04-14,0.05037417404689088,0.24135500667198123
2000-04-15,0.26659647602185743,0.3343467202440482
2000-04-16,0.572982399647337,0.4281964753675665
2000-04-17,0.6371444295952056,0.6130140455515154
2000-04-18,0.6152689958748742,0.7494373478069398
2000-04-19,0.5547310968597502,0.7521028585166408
2000-04-20,0.41260152817724566,0.662182641475858
2000-04-21,0.25613243333511276,0.640604159308576
2000-04-22,0.15793304018088042,0.7345688648523498
2000-04-23,0.05892919271906018,0.7055743655156019
2000-04-24,-0.09492997772750975,0.6726342586693657
2000-04-25,-0.15483845058041962,0.7401706155049824
2000-04-26,-0.24889213061932464,0.8599187170101601
2000-04-27,-0.20066051390649245,0.81965859009668
2000-04-28,-0.11146740120295758,0.6659392706903949
2000-04-29,-0.049762874964585944,0.6615503924907885
2000-04-30,-0.008358078659584548,0.7831014867224786
2000-05-01,0.028015580964255136,0.9670118309405986
2000-05-02,-0.048069721418434116,1.1744470853438866
2000-05-03,-0.031770340232465694,1.28362932847034
2000-05-04,-0.25951843122433865,1.1587269729136316
2000-05-05,-0.4765097964458405,0.9863159646186254
2000-05-06,-0.5986544437806169,1.0256085867475955
2000-05-07,-0.6195303712894109,1.069683912522103
2000-05-08,-0.5742366032635324,0.9194470096765046
2000-05-09,-0.6704316213278265,0.8216692477295398
2000-05-10,-0.7576448606616634,0.6464397255775108
2000-05-11,-0.7475839113560265,0.5617718763215904
2000-05-12,-0.6779493593042925,0.7103568805328535
2000-05-13,-0.4426509328459986,0.7791609193407367
2000-05-14,-0.3130429666625935,0.7844671046033236
2000-05-15,-0.1596646433024864,0.5632900786829277
2000-05-16,0.06244044982580561,0.2979095741969059
2000-05-17,0.022019839997866553,0.05512445269242649
2000-05-18,0.048582787170065624,-0.056816695556705044
2000-05-19,0.06499569074424108,-0.08402972260595118
2000-05-20,-0.032007502490173007,-0.09674187526496689
2000-05-21,-0.23552641330012536,-0.176198543644922
2000-05-22,-0.3351246637374107,-0.581672133319098
2000-05-23,-0.2659080587024327,-0.846626833803752
2000-05-24,-0.14876034185991185,-0.86069295208233
2000-05-25,0.031168169921591944,-0.756393466986376
2000-05-26,0.10279673520980138,-0.6807228320042588
2000-05-27,0.18808650613331832,-0.8284401520700669
2000-05-28,0.10814055452455484,-0.8476628819400608
2000-05-29,0.1336959189962392,-0.727879366846579
2000-05-30,0.27969250142714297,-0.7691733847818436
2000-05-31,0.35298653816112374,-0.9173711537294159
2000-06-01,0.4324842323461484,-1.0327698625226878
2000-06-02,0.24181772578223623,-0.8670202279441871
2000-06-03,0.029283818888823407,-0.7355657094677138
2000-06-04,-0.019644791815750497,-0.7205704857028652
2000-06-05,0.17428813386235012,-0.7554884786644841
2000-06-06,0.4992843597069866,-0.6980812653009916
2000-06-07,0.7478656962155926,-0.5402446366352721
2000-06-08,0.7397482521143044,-0.37944221254207916
2000-06-09,0.7811459778654852,-0.15025768625130356
2000-06-10,0.7343110456631572,-0.008847953392021875
2000-06-11,0.7690694679881334,0.1802837990214077
2000-06-12,0.42639603073245774,0.2243914901773413
2000-06-13,0.2988645834443526,-0.029423990484213576
2000-06-14,0.16934720149223315,-0.11189064019918062
2000-06-15,0.12275529444511055,-0.3296022297736612
2000-06-16,-0.22840309500273215,-0.41517496494607614
2000-06-17,-0.18610961912554835,-0.5922539607156678
2000-06-18,-0.1419010746540977,-0.7623751134377723
2000-06-19,-0.1356914920180069,-0.7650490353765986
2000-06-20,0.04587264220037162,-0.9231892243121703
2000-06-21,0.14648156552939126,-1.05420793143927
2000-06-22,0.36479541137889077,-0.9772989688607262
2000-06-23,0.5947178112060231,-0.9339421043683629
2000-06-24,0.7270036065897613,-0.7165957250849919
2000-06-25,0.8400551552816352,-0.321703785859413
2000-06-26,0.82856716684337,-0.22905318632017585
2000-06-27,0.5517293829135609,-0.23876091244260192
2000-06-28,0.5106897922291285,-0.08520584749347415
2000-06-29,0.5569931701468859,-0.062415755304311364
2000-06-30,0.4570330255932546,0.09775447688040526
2000-07-01,0.14268026829448388,0.06978352750374359
2000-07-02,0.23107440242978447,0.15036220833427355
2000-07-03,0.37316181261465226,0.5436146063930765
2000-07-04,0.614449540945379,0.8968999347268028
2000-07-05,0.8367573821851955,1.1895668515485707
2000-07-06,0.8444366003438323,1.777604324996533
2000-07-07,0.8903631108652297,2.1378570325437565
2000-07-08,0.9036983335604116,2.33061875407498
2000-07-09,0.8494808947902907,2.3795114525048344
2000-07-10,0.5270005926767096,2.1843271883459887
2000-07-11,0.03791640295301507,1.859220670997918
2000-07-12,-0.4468727528900463,1.5478869404846325
2000-07-13,-0.994620155525713,1.291554485127309
2000-07-14,-1.4717394251536393,0.9881810324959812
2000-07-15,-1.5125328547526105,0.6917248182421184
2000-07-16,-1.2430110543996478,0.45436283959063145
2000-07-17,-1.1937082868241418,0.29234263173369385
2000-07-18,-1.029263815596241,-0.062066406573465155
2000-07-19,-0.9939423936195269,-0.2717506885078797
2000-07-20,-1.0079652684948974,-0.5396468083406231
2000-07-21,-0.9628206852805452,-0.6680944693944855
2000-07-22,-0.7394398032020537,-0.5293380919646035
2000-07-23,-0.8329665136953354,-0.6404842115922548
2000-07-24,-1.0974947065593994,-0.5996998603243178
2000-07-25,-1.109082432439561,-0.6454943878126922
2000-07-26,-1.1637725570795545,-0.8430659866645627
2000-07-27,-1.267809996867305,-0.7337844707914707
2000-07-28,-1.3553840784186857,-0.8441528737982787
2000-07-29,-1.4443235352997026,-0.9462380268655552
2000-07-30,-1.5545487246647571,-1.0975102866017545
2000-07-31,-1.4651736361215106,-1.2227070171308139
2000-08-01,-1.2401707038493137,-0.9507368499887964
2000-08-02,-1.0086287279813608,-1.010125114461365
2000-08-03,-0.8846793618958898,-1.1458447470625133
2000-08-04,-0.7236989961909058,-0.9458595328800953
2000-08-05,-0.4495158324757159,-0.8604742226315495
2000-08-06,-0.2964869465539478,-0.9645805486266671
2000-08-07,-0.2956034757091082,-1.1060275524967416
2000-08-08,-0.29565430932461084,-1.3004136185507562
2000-08-09,-0.05922427174958163,-1.3287364200206788
2000-08-10,0.29554057132584566,-1.333225738756873
2000-08-11,0.4332577989237599,-1.0403685405753333
2000-08-12,0.6646349927823129,-0.6818458502614659
2000-08-13,0.975958958434277,-0.4648644261488623
2000-08-14,1.1187664869607843,-0.0339096580044283
2000-08-15,1.2795118457192012,0.2251672477339664
2000-08-16,1.3730053923423167,0.04343839309507655
2000-08-17,1.5191278735012783,-0.003710466189232792
2000-08-18,1.4303137239200152,0.2535829337980778
2000-08-19,1.3934884386747506,0.6977002396345139
2000-08-20,1.4341630986081684,1.325081601663841
2000-08-21,1.2053589287774742,1.6633973612034973
2000-08-22,0.7428163179854891,2.008818791363564
2000-08-23,0.714326613550015,2.168062797494256
2000-08-24,0.6440476602403336,2.151517238979811
2000-08-25,0.49484640199435603,2.3931593920243635
2000-08-26,0.25899774656491514,2.3142627197897463
2000-08-27,0.10163893796563638,2.2870576012978265
2000-08-28,0.16870104315951395,2.098631202312354
2000-08-29,-0.1637577245175727,2.1157078513181182
2000-08-30,-0.32639828110705565,1.8445523945290634
2000-08-31,-0.4632590333354806,1.2688355360820587
2000-09-01,-0.727080264922641,0.8110640266261236
2000-09-02,-0.9723305982867074,0.19268752193672742
2000-09-03,-1.0792309713511723,-0.1281072771002397
2000-09-04,-1.0923856687418942,-0.4072443608414058
2000-09-05,-1.1527734460372239,-0.6271105642835008
2000-09-06,-1.0505170403420196,-0.8347190425836156
2000-09-07,-1.0189644577769366,-0.7958629077817823
2000-09-08,-1.0534050566004183,-0.7061924383772439
2000-09-09,-0.9209887666262018,-0.7604471281371847
2000-09-10,-0.7874494610590543,-0.6770238886492232
2000-09-11,-0.8025666396509282,-0.9075264915901111
2000-09-12,-0.7158241429681061,-0.989796037490259
2000-09-13,-0.5570027678986746,-1.1714844219640175
2000-09-14,-0.3959378992826752,-1.3777795954735066
2000-09-15,-0.32860376635924465,-1.4270740498562746
2000-09-16,-0.25406059762964384,-1.15090449758947
2000-09-17,-0.325805663666008,-1.2484840549641978
2000-09-18,-0.3375923736937847,-1.4843413299467112
2000-09-19,-0.4523673689654478,-1.487394642946109
2000-09-20,-0.35328014861361934,-1.3110598880002322
2000-09-21,-0.34405524019535294,-1.3156511259050878
2000-09-22,-0.33658383167790146,-1.3189637078051717
2000-09-23,-0.20786340407054116,-1.350042594146656
2000-09-24,0.0017960031690183837,-1.3396744468731077
2000-09-25,-0.02040852529123486,-1.3302543659027295
2000-09-26,-0.13364969384068054,-1.2675744978165946
2000-09-27,-0.2833171286869882,-1.3499573332191535
2000-09-28,-0.20149514519981263,-1.656769346724887
2000-09-29,-0.06303949671395695,-1.826374427891958
2000-09-30,0.14075916465723295,-2.091670826247435
2000-10-01,0.47365930868801814,-2.2675883432873065
2000-10-02,0.8157146556757058,-2.1858000008234124
2000-10-03,1.0700320330115884,-1.9498570003014246
2000-10-04,1.1366587679472904,-1.6802342883617276
2000-10-05,1.1202552176728924,-1.3131803081145046
2000-10-06,1.0743615774865993,-0.5732403195001616
2000-10-07,0.9507333463790636,-0.024062607299654155
2000-10-08,0.7779044775431726,0.5388857453186019
2000-10-09,0.6120949687431231,1.040610606129346
2000-10-10,0.46499037061898313,1.2418163130662916
2000-10-11,0.4281530164644094,1.3753552030372036
2000-10-12,0.5282145886826617,1.3607511402716042
2000-10-13,0.648934421408429,1.2467531513244625
2000-10-14,0.7586900376635418,1.1368821842899761
2000-10-15,0.8548297120878015,1.0428738546279537
2000-10-16,0.9709686820000337,0.7416621188897327
2000-10-17,1.2139433076599473,0.8083597860193283
2000-10-18,1.0132458412152723,0.7211841556473783
2000-10-19,0.7300054158303892,0.7861353580910452
2000-10-20,0.7363917279771051,0.9177648138828781
2000-10-21,0.5815642571975207,1.2208259473193595
2000-10-22,0.5507558994173662,1.4284771169568085
2000-10-23,0.3906721139107589,1.7212768531324556
2000-10-24,0.1373040991192825,1.7470638575379844
2000-10-25,0.05429817067768256,1.7466666706411678
2000-10-26,0.04683007554861679,1.7133450902883218
2000-10-27,0.00027592313875287645,1.6986197614456184
2000-10-28,0.03845619770522315,1.6317477069057664
2000-10-29,-0.10103609471574614,1.6389553518850066
2000-10-30,-0.5075573258485793,1.5957684947821618
2000-10-31,-0.6331187964372608,1.5972896516672976
2000-11-01,-0.7560927326226493,1.4724880256133346
2000-11-02,-1.1220330867726824,1.4660184045392328
2000-11-03,-1.4206732604989836,1.4127407600088058
2000-11-04,-1.5763470834496427,1.380789449355178
2000-11-05,-1.58148055870153,1.065315347666188
2000-11-06,-1.3593942261338832,0.8535872313514893
2000-11-07,-1.490315350310286,0.39037520180408025
2000-11-08,-1.5744283981660683,0.06730382036498943
2000-11-09,-1.6800834937998144,-0.11889171361767382
2000-11-10,-1.6035183096822447,-0.3334569638968784
2000-11-11,-1.3759505216765813,-0.7342548057399721
2000-11-12,-0.8202065736695023,-0.8409756624197039
2000-11-13,-0.5689392569280632,-0.9867321063839796
2000-11-14,-0.2873559611719573,-1.3412069648214864
2000-11-15,-0.0993209035053102,-1.6960302232909068
2000-11-16,0.12514227481651086,-1.9621438193644314
2000-11-17,0.5220258072868629,-1.8895607936573677
2000-11-18,0.9984419264951923,-1.6659325630499882
2000-11-19,1.1592915357760947,-1.4303135054438099
2000-11-20,1.193699876526592,-1.1097165274024976
2000-11-21,1.1834521894518804,-0.815464815406161
2000-11-22,1.2517630133783508,-0.48628381992388575
2000-11-23,1.4798209064511303,-0.07714198416303764
2000-11-24,1.5034398058966396,0.4028120326774768
2000-11-25,1.2253610456036326,0.7034550425938162
2000-11-26,1.147446250497072,0.8325640816436838
2000-11-27,1.2807424803829317,0.9241300456217438
2000-11-28,1.1489874581951065,1.1702839478657858
2000-11-29,0.8489130198284139,1.3920797204250945
2000-11-30,0.6748047660826056,1.692530124875595
2000-12-01,0.4886626223898093,1.9310675124988101
2000-12-02,0.27686059836673516,1.8566110396967834
2000-12-03,0.09201450142152541,2.0576684108713406
2000-12-04,-0.17002543091918568,1.827578559755239
2000-12-05,-0.42267863753191753,1.816923047822238
2000-12-06,-0.5954030009151066,2.0140047474803895
2000-12-07,-0.8246636157095796,1.8475152036594062
2000-12-08,-1.0982808969543711,1.6533508789637898
2000-12-09,-1.3702535410696148,1.6523042611067087
2000-12-10,-1.2860354641299454,1.5284222160595595
2000-12-11,-1.3675035913476963,1.3562003829921159
2000-12-12,-1.6015375181454354,1.300081186175901
2000-12-13,-1.8088759807964105,0.8056131588954191
2000-12-14,-2.092113635296858,0.4203612349263296
2000-12-15,-2.1325974363067437,0.09442713535286078
2000-12-16,-1.938936636959037,-0.12266271414326804
2000-12-17,-1.8494877975647186,-0.34554292336187636
2000-12-18,-1.483574799695663,-0.6042363844080599
2000-12-19,-1.2127561785593062,-0.7571856488757083
2000-12-20,-0.9454266707761685,-0.6867844585032956
2000-12-21,-0.5568824579214962,-0.7340940510878349
2000-12-22,-0.2037838581857187,-0.7668704420788172
2000-12-23,-0.0972102112059956,-0.34546325779095677
2000-12-24,-0.017140479300085724,-0.06204678728056577
2000-12-25,-0.0905658631088419,-0.1856926345953322
2000-12-26,-0.297741545993079,-0.4495812390453884
2000-12-27,-0.5215613880330607,-0.7041498023820888
2000-12-28,-0.3558546097360077,-0.8592710041149065
2000-12-29,-0.22213216405908326,-0.6568108542115827
2000-12-30,-0.15675129859224712,-0.46806353922295696
2000-12-31,-0.21484506231019537,-0.6929598037954424
2001-01-01,-0.33232722892357364,-0.9406648331425045
2001-01-02,-0.2557823214909798,-1.006005721525804
2001-01-03,-0.002983484114704827,-0.915717905045673
2001-01-04,-0.011350380318109544,-1.1879670001303024
2001-01-05,0.03683425284333937,-1.2855928387149036
2001-01-06,0.1295721352758593,-1.342724853524513
2001-01-07,0.2513017953103814,-1.4770369186853562
2001-01-08,0.4451692491877497,-1.3506030306811638
2001-01-09,0.7619416446869245,-1.2000682562626293
2001-01-10,0.8214323264090047,-0.9772624068944097
2001-01-11,0.9133633610812409,-0.6995120058358493
2001-01-12,0.9859718343450884,-0.5246188945968175
2001-01-13,1.1106529258670859,-0.6824805829359253
2001-01-14,1.2528292700677683,-0.7112037972591173
2001-01-15,1.0751783323949438,-1.1044328589558992
2001-01-16,0.5783995216127701,-1.438070799696743
2001-01-17,0.18657189932944937,-1.519065674563155
2001-01-18,0.20814474685739207,-1.8072906826351576
2001-01-19,0.06262840171376491,-2.3155580558322284
2001-01-20,0.17913177368653393,-2.6655460725383273
2001-01-21,0.6034620861151606,-2.7781330591565574
2001-01-22,1.1127907157224979,-2.676362627166807
2001-01-23,1.3413957864478905,-2.6102868481580406
2001-01-24,1.463086480764928,-2.461740380308041
2001-01-25,1.5518542479477924,-2.166208683112767
2001-01-26,1.6156989833255242,-1.9282749255108786
2001-01-27,1.819275542959275,-1.6399025633210875
2001-01-28,2.0195923784503713,-1.589126133928198
2001-01-29,2.015995717934548,-1.4423314783260635
2001-01-30,1.8130830336165604,-1.182209981444677
2001-01-31,1.783310813455194,-0.9609080934499781
2001-02-01,1.9459875586917443,-0.7851818029212652
2001-02-02,2.086990419500703,-0.9381574807429715
2001-02-03,2.3226471230483545,-1.0410922744521696
2001-02-04,2.3265066419864056,-0.8318291929401997
2001-02-05,2.386464174941982,-0.5421026007754135
2001-02-06,2.183726143251513,-0.3249150873599177
2001-02-07,1.8350021778139498,0.028667603979082672
2001-02-08,1.712816276404944,0.7279540515664585
2001-02-09,1.8082317236603451,1.183390487346442
2001-02-10,1.4856657229872363,1.6907974249338134
2001-02-11,1.0392472403423738,2.1186244701323345
2001-02-12,0.6993750935696523,2.411905415863449
2001-02-13,0.5545127450771876,2.665253909532102
2001-02-14,-0.026877316227074878,2.7505515703104817
2001-02-15,-0.4503595951802132,2.7385090922231807
2001-02-16,-0.7688563861703958,2.496664663965562
2001-02-17,-0.8116065496246917,2.311021715221344
2001-02-18,-0.5165054243772645,2.3167296763591643
2001-02-19,-0.3924027169178905,2.116029014263478
2001-02-20,-0.44532471142053914,2.046342390564501
2001-02-21,-0.7264951710526534,2.3819934394243893
2001-02-22,-0.8268541327475682,2.472380443546538
2001-02-23,-0.9943649358075717,2.69022642912201
2001-02-24,-1.3670776232237212,2.52708659399143
2001-02-25,-1.923524365262526,2.2436186481045732
2001-02-26,-2.355993042416413,2.0670297974725713
2001-02-27,-2.401735820202134,1.7845366238308753
2001-02-28,-2.4301423535026365,1.171246362513551
2001-03-01,-2.2848606722394904,0.6336409770008414
2001-03-02,-2.1750510489274673,0.3993160623443623
2001-03-03,-1.962696446605428,0.1361892871253093
2001-03-04,-1.7325128806265728,0.11045458997579329
2001-03-05,-1.3264425294784203,0.25771057838890044
2001-03-06,-0.9660407555992285,0.5112553992305857
2001-03-07,-0.8250513599748475,0.3473927198351698
2001-03-08,-0.4698220527959467,0.04790973442576553
2001-03-09,-0.11008286991026366,-0.4932408417013853
2001-03-10,0.052744136318983365,-0.6172672312795429
2001-03-11,0.07077334861743796,-0.295525857798909
2001-03-12,-0.0029726869329671952,0.10700295516617613
2001-03-13,-0.23883733175983693,0.4728318603529492
2001-03-14,-0.613610903844975,0.7573903279265358
2001-03-15,-0.8810531724454915,0.6811928562027783
2001-03-16,-0.8157493695982869,0.4259298489632683
2001-03-17,-0.7000110119054567,0.3004833378051659
2001-03-18,-0.6233843770231405,0.10625339486470316
2001-03-19,-0.6872256243883561,-0.06375656927157675
2001-03-20,-0.5626626673336188,-0.07138830756905604
2001-03-21,-0.2592702495478807,0.035251640195665915
2001-03-22,-0.24168259649258958,-0.10938475725254257
2001-03-23,-0.12080054970467344,-0.1271743346282399
2001-03-24,-0.18793332278852765,-0.17213502982536277
2001-03-25,-0.12444705771436858,-0.24065329781712122
2001-03-26,-0.36839197321128747,-0.4363993190115931
2001-03-27,-0.5508826040342117,-0.7432706704462452
2001-03-28,-0.39223445020211023,-0.7927082371230175
2001-03-29,-0.048380856472795164,-0.9510647384839709
2001-03-30,-0.08033155114343205,-1.1818447874066633
2001-03-31,-0.05733917176292665,-1.2630439000367975
2001-04-01,-0.13510169192564775,-1.299213528868477
2001-04-02,-0.10959598944672373,-1.203680886230137
2001-04-03,0.1370700793372634,-0.9502590879624223
2001-04-04,0.44512516320938195,-0.9970500954921625
2001-04-05,0.6766089340911136,-1.053687824831557
2001-04-06,0.7549392489593983,-0.8484538901155986
2001-04-07,1.0157420500760062,-0.7209656122035475
2001-04-08,1.2495151811472254,-0.7672089052537973
2001-04-09,1.0934327301147364,-0.6761519309587881
2001-04-10,0.8010291928594999,-0.6222368982954081
2001-04-11,0.37888414430212175,-0.46121565991428815
2001-04-12,0.18534768663428716,-0.6549528815062988
2001-04-13,0.037305594550004276,-0.7408279649921025
2001-04-14,-0.22257713900202816,-0.6341400908196063
2001-04-15,-0.48256864509364195,-0.6684170901166578
2001-04-16,-0.4110944998304197,-0.6559242480816666
2001-04-17,-0.32559851531763334,-0.5655576301018851
2001-04-18,-0.33285627300643905,-0.41060871835549356
2001-04-19,-0.1156371565362309,-0.3987119041174481
2001-04-20,-0.12566292641503476,-0.3737082908884426
2001-04-21,0.1745725911036152,-0.32915322464922864
2001-04-22,0.3916587019940344,-0.37577785773658096
2001-04-23,0.6049707819465391,-0.31696323167560897
2001-04-24,0.807136448440745,-0.3314922645565749
2001-04-25,0.9857623717514709,-0.2148804959915216
2001-04-26,1.1677757885204556,-0.04671909787212762
2001-04-27,1.133322936974532,0.19018849465915671
2001-04-28,1.1142517203585993,0.24061169253652642
2001-04-29,0.9123877122400698,0.17654018667287003
2001-04-30,0.9889400225434343,0.37793105543551964
2001-05-01,0.8221227512778749,0.4639876305984761
2001-05-02,0.6958845818529801,0.5724002297606376
2001-05-03,0.24973594425506077,0.6907983624024673
2001-05-04,-0.006782236641087391,0.680564762386019
2001-05-05,-0.13173539912912513,0.5811915500155592
2001-05-06,-0.06666727632994814,0.6255261974969052
2001-05-07,0.01604207640297789,0.8057620854956801
2001-05-08,0.07725229158698531,1.124991281855498
2001-05-09,0.13412531894355892,1.433555158538504
2001-05-10,0.19619545254548795,1.6583894138931659
2001-05-11,0.13287629786000185,1.5994022581512464
2001-05-12,-0.06981358712677724,1.6569990969426993
2001-05-13,-0.28104364473434135,1.4187616604813542
2001-05-14,-0.3759339434455533,1.1254114027208428
2001-05-15,-0.4808135588262096,0.6840878301617861
2001-05-16,-0.5733683704805089,0.32600989400900365
2001-05-17,-0.8056384949482733,0.13454430361296452
2001-05-18,-1.2281887341240736,0.14070223881674654
2001-05-19,-1.7533333806097797,0.30936904137351917
2001-05-20,-1.8416246889951269,0.33147296028904716
2001-05-21,-1.7783569209671242,0.27177125843077077
2001-05-22,-1.7511978173167366,0.11681888260592221
2001-05-23,-1.4870214030016264,-0.08692710549329768
2001-05-24,-1.014123246575728,-0.4542617719165661
2001-05-25,-0.5026230117645882,-0.7927213162496017
2001-05-26,-0.34567211561305694,-0.8450737958659346
2001-05-27,-0.13188564262416386,-0.9067690277836503
2001-05-28,0.02514202505975299,-1.1185176446658853
2001-05-29,-0.09502476684705659,-1.17486919616995
2001-05-30,-0.15787144499575814,-1.1546429930397382
2001-05-31,-0.04479980807663407,-1.2147724562191913
2001-06-01,0.14013222820061158,-1.3923784070021443
2001-06-02,0.32528181879507795,-1.4776565144562481
2001-06-03,0.6015640549188996,-1.393111419017293
2001-06-04,0.9512188439233701,-1.2590510088741158
2001-06-05,0.9991670477049046,-1.0887103766780277
2001-06-06,0.8613889401746728,-1.115289951734157
2001-06-07,0.6946632487286545,-1.0091967443953074
2001-06-08,0.8001016673243931,-0.8252525721770329
2001-06-09,1.0763741611923454,-0.6449277731567491
2001-06-10,1.112144947782463,-0.5662703095148484
2001-06-11,1.068737409352903,-0.26067634080803087
2001-06-12,0.6888825946184505,-0.034827935341021944
2001-06-13,0.8434668178282039,0.12924975345351045
2001-06-14,0.9054999464534688,0.40204213582804865
2001-06-15,0.9333773955678115,0.3898078634679687
2001-06-16,0.7086093270780298,0.18562061216658923
2001-06-17,0.617835308695345,0.20187379575998077
2001-06-18,0.3530914330398732,-0.10504365475161158
2001-06-19,0.2118600247744137,-0.19951988180775002
2001-06-20,0.1267432939023336,-0.13599575553784246
2001-06-21,0.2664378303488178,-0.09614417630928832
2001-06-22,0.46924280059487583,-0.10237114603162331
2001-06-23,0.39050927106450645,-0.11900512766402001
2001-06-24,0.6052948427417032,0.16499924280329845
2001-06-25,0.6945908423017341,0.3629598482342394
2001-06-26,0.7684541116861717,0.5603494803346458
2001-06-27,0.7528874908711958,1.142204066398513
2001-06-28,0.7135334406397231,1.2849929742501627
2001-06-29,0.6434337946032653,1.2375886533328757
2001-06-30,0.5526529596500372,1.3220409490988578
2001-07-01,0.5025131361136128,1.4560080819940977
2001-07-02,0.21022144546868354,1.8162612644673493
2001-07-03,-0.39066550579099624,1.9757499696298562
2001-07-04,-0.8360417426336909,1.6796730182264408
2001-07-05,-0.933283719843757,1.431492820812333
2001-07-06,-1.0736948769335128,1.0104664780850945
2001-07-07,-0.9806945586091076,0.9452621552294705
2001-07-08,-0.7699586947188187,0.9626911515082484
2001-07-09,-0.7531503238346173,0.8816637064570275
2001-07-10,-0.8087542553476398,0.6317676578834956
2001-07-11,-0.7383290655685214,0.018868689544692275
2001-07-12,-1.0971062473614814,-0.2854474150836226
2001-07-13,-1.3548720570732686,-0.18429058834317177
2001-07-14,-1.3421012186848071,-0.18821201844132998
2001-07-15,-1.1596967377895957,-0.4727566011788499
2001-07-16,-1.1586285330870714,-0.8764706654507683
2001-07-17,-1.155609008246681,-1.09887922615485
2001-07-18,-1.0191345267946932,-1.0798234093122507
2001-07-19,-0.8910182944421776,-0.8202387428508178
2001-07-20,-0.9347827882327164,-0.891840325524541
2001-07-21,-0.9517368731678334,-1.18782654207337
2001-07-22,-0.9621087684180848,-1.3333976572279334
2001-07-23,-0.7014206772639501,-1.4047252677092241
2001-07-24,-0.39528250755706984,-1.6134067697316696
2001-07-25,-0.31595778113156,-1.7252454502575656
2001-07-26,-0.1585734165738818,-1.4504998910397044
2001-07-27,0.10918420217693678,-1.2555076124788755
2001-07-28,0.27472101649366637,-1.1438500604075532
2001-07-29,0.40474850810081053,-0.9039667106199623
2001-07-30,0.40362657131657814,-0.8223622431770932
2001-07-31,0.33763394588264606,-0.5520544609808176
2001-08-01,0.402201564996072,-0.4446469406816925
2001-08-02,0.8094078311202579,-0.39403179066559374
2001-08-03,1.1446989525803848,-0.5553149035866469
2001-08-04,1.277430273381346,-0.5411280928052074
2001-08-05,1.3116645474159854,-0.4750861585116769
2001-08-06,1.2445981020131216,-0.12205036155215038
2001-08-07,1.1315245456092753,0.3485378119505149
2001-08-08,1.061815352123177,0.5550341341103913
2001-08-09,0.9350863700667843,0.6801602625686226
2001-08-10,0.9826181534917142,0.7448950617777197
2001-08-11,1.0633031138764728,0.8069761624137521
2001-08-12,1.0868906118361086,1.2091581187332643
2001-08-13,1.1949025436138752,1.5736974303933469
2001-08-14,1.3509560601226969,1.6313254552697842
2001-08-15,1.1351904397119645,1.6238697814285357
2001-08-16,0.7835902340436846,1.6430544884374068
2001-08-17,0.14932328838573564,1.8454712143397005
2001-08-18,-0.4495422571720301,2.0443459372762107
2001-08-19,-0.7665080186126034,1.9746995158119496
2001-08-20,-1.1800965017525842,1.645189616992958
2001-08-21,-1.4544490279884608,1.3882183346486707
2001-08-22,-1.423028472717121,1.1435597538355995
2001-08-23,-1.1841234128985771,1.0426250771497956
2001-08-24,-1.0597333089185907,0.8274163820728794
2001-08-25,-1.0668937136005427,0.7590602235165184
2001-08-26,-0.7568103996336792,0.5847373308828308
2001-08-27,-0.7654071460885408,0.4482072649914078
2001-08-28,-0.7448578499191105,0.7266326198892008
2001-08-29,-0.6688692731976539,0.7179773753837769
2001-08-30,-0.39086849053662176,0.7858834504606502
2001-08-31,-0.19313031418565138,0.6664666119545599
2001-09-01,-0.12553064174623563,0.6050537201131818
2001-09-02,-0.2141535449929763,0.6486921914567918
2001-09-03,-0.34028252394179886,0.207556692974992
2001-09-04,-0.5589559751084164,0.12306786798655703
2001-09-05,-0.8982779110779766,-0.07449142122542404
2001-09-06,-1.0416232290728904,-0.31742144408113904
2001-09-07,-1.1052937454645388,-0.3259372691084756
2001-09-08,-1.0864495383690869,-0.5835571144173585
2001-09-09,-0.895201969693513,-0.7759351730663124
2001-09-10,-0.6379000748207811,-0.9671214583552759
2001-09-11,-0.5771199847306036,-1.084282097101713
2001-09-12,-0.6640776763968771,-1.3910437340078075
2001-09-13,-0.5998631812060199,-1.3775152557849937
2001-09-14,-0.7522270047178773,-1.4931237956037116
2001-09-15,-0.8016116805043849,-1.4564773689323207
2001-09-16,-0.7407254131189893,-1.4538991945226611
2001-09-17,-0.45781488880085636,-1.6814817377140623
2001-09-18,-0.22790208182389643,-1.6734977750682742
2001-09-19,0.044351416577298734,-1.1768454725728665
2001-09-20,0.22918944238182257,-1.1254946344087007
2001-09-21,0.24929442502605179,-1.1565999597104017
2001-09-22,0.16385430887799143,-1.1259860841767213
2001-09-23,0.15556853824303218,-1.1405791593393182
2001-09-24,0.18512707396482525,-1.2927811613150417
2001-09-25,0.15765734276279728,-1.3741389539855957
2001-09-26,0.34394809040883245,-1.5096135336083722
2001-09-27,0.4978782452470993,-1.5262644528882923
2001-09-28,0.6921537516026585,-1.560148108865399
2001-09-29,1.061338567908223,-1.4479578816482457
2001-09-30,1.377715987806863,-1.1848582229495732
2001-10-01,1.6193756689925216,-0.994589084240477
2001-10-02,1.3870618164374195,-0.7500122390940726
2001-10-03,1.4833101843814487,-0.45027580447787147
2001-10-04,1.4064633174508958,-0.1910838787025375
2001-10-05,1.4947309207377724,0.1561684184297033
2001-10-06,1.5396810337557862,0.6014518600980477
2001-10-07,1.2213616413108934,1.1151992529999488
2001-10-08,1.053269825542607,1.4193180261542648
2001-10-09,0.5545346632914797,1.3412270981209364
2001-10-10,0.11028101398709605,1.5007698893632002
2001-10-11,-0.19007045235101272,1.435459147605429
2001-10-12,-0.5573702777107341,1.1213559186643725
2001-10-13,-0.8723000348140315,1.0301119291921734
2001-10-14,-0.7922704705962181,1.0575647694383226
2001-10-15,-0.5963704625380843,0.9774105164756298
2001-10-16,-0.29243615905443904,0.6664580288875803
2001-10-17,-0.17541330821265216,0.5649611403607347
2001-10-18,-0.437626104251772,0.8229587780943756
2001-10-19,-0.612227169372538,0.7271275871614981
2001-10-20,-0.6610354370813982,0.47520329346350404
2001-10-21,-0.8615867866395762,0.28670212606888046
2001-10-22,-1.0723999374960884,0.24006439210498184
2001-10-23,-1.2970723347768531,-0.013776481333010347
2001-10-24,-1.3089553640176923,-0.18292261887164943
2001-10-25,-1.2044312437931175,-0.3100467651442548
2001-10-26,-1.022345108406813,-0.538166222773795
2001-10-27,-0.4168126536545213,-0.7969936890325853
2001-10-28,-0.11394031043042364,-1.211685952219957
2001-10-29,0.2801301212761117,-1.53894509897961
2001-10-30,0.554086707880435,-1.5406550190797144
2001-10-31,0.9839676633341501,-1.3555943176943641
2001-11-01,1.2848116623993155,-1.146837492178349
2001-11-02,1.1644406685516246,-0.6930525262565086
2001-11-03,1.140990801015974,-0.4918077611371363
2001-11-04,1.1884269117902715,-0.540266214753841
2001-11-05,1.0932120440571127,-0.5581144815842571
2001-11-06,1.0204173461989186,-0.4994692933324376
2001-11-07,1.1786370191400573,-0.4107663039160692
2001-11-08,1.3406902215663057,-0.2986189118736465
2001-11-09,1.3431933020549323,-0.049525531320346074
2001-11-10,1.2198611516969602,0.2641617271506893
2001-11-11,0.9423578348769523,0.1978986121255771
2001-11-12,0.8498147420055696,0.014727057888290688
2001-11-13,0.9449453340474817,-0.28081494456703493
2001-11-14,0.9782358134917946,-0.5370829600188649
2001-11-15,1.0343560584044953,-0.38378435753576545
2001-11-16,1.1904291869251078,-0.10556693562083856
2001-11-17,1.237497834940197,-0.07129896777623336
2001-11-18,1.210603682403182,0.0750843909402007
2001-11-19,1.1405043238130637,0.13381892264130918
2001-11-20,0.9837643448067008,0.5179031961941554
2001-11-21,0.8703358922859994,0.8997057511087125
2001-11-22,0.596562673957178,1.1553838017125062
2001-11-23,0.308642128502458,1.3729904635252261
2001-11-24,-0.1531678637518905,1.3263700476794773
2001-11-25,-0.322849136181982,1.2142864583494364
2001-11-26,-0.4899730770714244,1.2432201283341149
2001-11-27,-0.3914391819334938,1.0121513393001986
2001-11-28,0.011120038105589512,0.5900932280883092
2001-11-29,0.3510956301506612,0.5089880799668107
2001-11-30,0.5239578363515505,0.40157015135559526
2001-12-01,0.8132010600098997,0.48505175171826254
2001-12-02,0.9166832748667108,0.7831131969778085
2001-12-03,1.0279804530567385,0.9189713053049936
2001-12-04,1.1146231079629374,1.2130370482334312
2001-12-05,1.043754996657401,1.4988436664499776
2001-12-06,0.911106796677272,1.5405204030785062
2001-12-07,0.7708894246742816,1.5627456544982876
2001-12-08,0.6787789604143384,1.7047865710630026
2001-12-09,0.36216626481671227,1.7873452074200584
2001-12-10,-0.009181862584023892,2.150776399373327
2001-12-11,-0.6179665193546614,2.198323032986194
2001-12-12,-0.8113511917315952,1.6633804908804473
2001-12-13,-0.9691948199062435,1.3757803297614952
2001-12-14,-0.8433653556465615,1.0374505983752025
2001-12-15,-0.8282214552967077,1.1715270147472678
2001-12-16,-1.1315656251035648,1.1058439106762825
2001-12-17,-1.4731455501624244,1.1128338147738455
2001-12-18,-1.7391245322589288,0.8648857286815484
2001-12-19,-1.9746801954863333,0.5769699616933098
2001-12-20,-1.8368548046995696,0.18899753153437984
2001-12-21,-1.9677147649789093,-0.0780616093740187
2001-12-22,-2.2824818525470105,-0.16920742784257659
2001-12-23,-2.3366759295664448,-0.19351847711969872
2001-12-24,-2.1800494307106137,-0.21497936211099866
2001-12-25,-2.249321629564641,-0.25409412759156347
2001-12-26,-2.2595908574831287,0.04340636121373756
2001-12-27,-2.2907923656831404,0.12276763431375051
2001-12-28,-2.2799401664717105,0.10754398742736072
2001-12-29,-2.0637609299445145,0.05726187623488238
2001-12-30,-1.62538366350121,0.06913020718628866
2001-12-31,-1.4823290819175206,-0.10320768958036576
2002-01-01,-1.4652612195516719,-0.11976579662870279
2002-01-02,-1.5579501949985408,-0.43459446732313334
2002-01-03,-1.592495927042828,-0.6397722192723534
2002-01-04,-1.4005633116257479,-0.7050374278681127
2002-01-05,-1.437092863487849,-0.9550932069927885
2002-01-06,-1.5231537896803855,-0.9040502093035645
2002-01-07,-1.5334530300135765,-0.650852286919429
2002-01-08,-1.5144976688273906,-0.6225916918488007
2002-01-09,-1.3129001115274948,-0.9721543713560229
2002-01-10,-0.928074925727021,-1.021738363576761
2002-01-11,-0.7057712449118186,-1.3620766362306702
2002-01-12,-0.3065479104136147,-1.9523961976111919
2002-01-13,-0.22204196744559065,-2.245024283894233
2002-01-14,-0.041034310756250476,-2.3756629317834697
2002-01-15,0.25439551502363444,-2.2004229442663212
2002-01-16,0.34996349607710925,-2.087912178089446
2002-01-17,0.5990306621940235,-1.7822281437263436
2002-01-18,0.848402203601906,-1.8502582183358838
2002-01-19,1.1869508244006566,-2.0726730214196625
2002-01-20,1.590747976209005,-2.298635146641058
2002-01-21,1.9602657114236586,-2.359101748390816
2002-01-22,2.1171368533973767,-2.4288519822875667
2002-01-23,2.2184276035259765,-2.2094200180739403
2002-01-24,2.4747491091837244,-1.872247258348063
2002-01-25,2.3943707021917056,-1.1433160441586314
2002-01-26,2.1259051358816237,-0.28888003433109216
2002-01-27,1.737755864972988,0.33145533017641554
2002-01-28,1.156814087538246,0.7799778607091283
2002-01-29,0.5037465392436471,0.7744280407660847
2002-01-30,0.13576341211823803,0.8822717507016498
2002-01-31,-0.019645011273881147,1.1931211207859296
2002-02-01,0.07801778711072838,1.1663943755863824
2002-02-02,0.10465176783533538,0.7646256241053802
2002-02-03,0.30358070000270476,0.2458050912264219
2002-02-04,0.6439537622035446,0.25323584299815605
2002-02-05,0.92455288035284,0.07091081569229113
2002-02-06,0.9285940918024765,0.3951293931615608
2002-02-07,0.9783411380407754,0.7194231813529742
2002-02-08,1.106643880922702,0.955493867482819
2002-02-09,1.0075899856671868,1.0814564656948455
2002-02-10,0.8183745287119552,1.0262939318967121
2002-02-11,0.5342305622729198,0.833814548773837
2002-02-12,0.44648461885422364,0.4021237491167401
2002-02-13,0.22199815353976599,-0.007480451445859892
2002-02-14,0.29463809157087045,-0.06660882813794589
2002-02-15,0.6950733046379589,-0.02923857990395506
2002-02-16,1.1572538555647123,0.30722169869483296
2002-02-17,1.3591465782996954,0.8817654868649178
2002-02-18,1.3475865852465638,1.2036600524706857
2002-02-19,1.1281743394545525,1.4460332524418593
2002-02-20,0.7551284458876946,1.5254567280442535
2002-02-21,0.3955557215811884,1.8964555581081937
2002-02-22,-0.31022415309266177,2.3388730498943597
2002-02-23,-0.7595398457770732,2.298116221898013
2002-02-24,-1.1843367524793675,1.8289326533186183
2002-02-25,-1.6365607028007547,1.4599161267373777
2002-02-26,-1.7988578264090405,1.1762298314148443
2002-02-27,-1.7273753532775384,0.7608984039222828
2002-02-28,-1.5402527211584311,0.8116875294962816
2002-03-01,-1.4823786709348017,0.8402783747644702
2002-03-02,-1.3759062731896858,0.8697395560919967
2002-03-03,-1.3514841602491345,0.9038491146775501
2002-03-04,-0.9900105365716051,0.988866962338744
2002-03-05,-0.32183306104790554,1.1078689606259036
2002-03-06,0.09281063458983874,0.9469910128375608
2002-03-07,0.06601858805183715,0.8488734886692896
2002-03-08,-0.2773481368923771,0.4610484667338612
2002-03-09,-0.7516633451413386,0.29947602077898444
2002-03-10,-0.9052817275077497,0.06586865069665612
2002-03-11,-0.8291856648626804,-0.29465736518558755
2002-03-12,-0.7321730214750357,-0.43693750491212946
2002-03-13,-0.44607362212878415,-0.6019294764515427
2002-03-14,-0.5912939569396147,-0.7516588311125926
2002-03-15,-0.6346912320123558,-0.848317030937277
2002-03-16,-0.5545585845930339,-1.0681699193893788
2002-03-17,-0.6901411428363071,-1.230980030504074
2002-03-18,-0.5326818254397648,-1.471063966202685
2002-03-19,-0.4093258037698883,-1.4677879237798568
2002-03-20,-0.09991116413228446,-1.172418978075277
2002-03-21,0.30178734189528467,-0.7354547263813951
2002-03-22,0.5411241735052716,-0.4587833111531841
2002-03-23,0.7490545612850695,-0.346683647012826
2002-03-24,0.7306919165600381,-0.5298167963011045
2002-03-25,0.7470306340723335,-0.8804117123758589
2002-03-26,0.696039602377502,-0.8639049248028862
2002-03-27,0.8907872813830472,-0.7033574733840832
2002-03-28,1.215504329623106,-0.3590069396528278
2002-03-29,1.5287691682495634,0.09373721359202541
2002-03-30,1.4164603985275765,0.4454431589070548
2002-03-31,0.8336263679502397,0.39728469241685294
2002-04-01,0.2923824507227235,0.37349883727932043
2002-04-02,0.1793905668365629,0.3562324447795819
2002-04-03,-0.013917392582552965,0.13950401044405814
2002-04-04,-0.2984573705271989,-0.1714027910706197
2002-04-05,-0.7966602245741364,-0.20698427907626837
2002-04-06,-1.2799757282553503,-0.1479326098705591
2002-04-07,-1.318293013702045,-0.22442567319492226
2002-04-08,-1.1164724530590913,-0.31645992176123033
2002-04-09,-1.0335335621179074,-0.5221457341287367
2002-04-10,-0.9087002166349306,-0.7109659606723301
2002-04-11,-0.6731231390810175,-0.9093050449438399
2002-04-12,-0.3054215451096116,-1.1561516495643938
2002-04-13,0.04106138961432518,-1.3285471032615526
2002-04-14,0.2906822713732766,-1.30863490773739
2002-04-15,0.39685823838567097,-1.1725517532949952
2002-04-16,0.26085044950534747,-0.9845370387752557
2002-04-17,0.15110053239092908,-1.0571191346318094
2002-04-18,-0.04059896001201151,-1.0242472587615667
2002-04-19,-0.02905100738815777,-0.7654718988406641
2002-04-20,0.11514693737534941,-0.5866725354004091
2002-04-21,0.10453884653531896,-0.47801925034675313
2002-04-22,-0.03147919848013325,-0.41460334484010886
2002-04-23,-0.29194169961336447,-0.5131695908127818
2002-04-24,-0.15509911233014798,-0.4697721243255978
2002-04-25,-0.24930037074450323,-0.6313074769365138
2002-04-26,0.009959790581535996,-0.9090950860133921
2002-04-27,0.19389478592110337,-1.2762158951301572
2002-04-28,0.4356233930520298,-1.5254135536094224
2002-04-29,0.7291102685713141,-1.6747258806354055
2002-04-30,0.9372479798014902,-1.5840148582381786
2002-05-01,1.0625584353961448,-1.6553137706148362
2002-05-02,1.021392743430247,-1.74221701651602
2002-05-03,1.0421211293837216,-1.6749081929734426
2002-05-04,1.2758911205878138,-1.451026735777752
2002-05-05,1.5728315857185047,-1.146073686385206
2002-05-06,1.7101829600979013,-0.8310722068656479
2002-05-07,2.0251143248069723,-0.4947243195689728
2002-05-08,2.287787757523576,-0.09372262979099867
2002-05-09,2.9121029998817014,0.5707119093656864
2002-05-10,3.145085375762403,1.1490737273123794
2002-05-11,2.9163037046805482,1.2995847691201026
2002-05-12,2.5564672282321603,1.4511674113264916
2002-05-13,1.8623767960278108,1.9927364727374766
2002-05-14,0.7725554096701932,2.411046883470243
2002-05-15,0.07985219682477573,2.5292773270358597
2002-05-16,-0.41856758104884306,2.606765022292513
2002-05-17,-0.9699237072173225,2.45271862143936
2002-05-18,-1.4452448637176483,2.143216913463737
2002-05-19,-1.6630144444040296,1.764852605411587
2002-05-20,-1.6640096069288086,1.3001222360133393
2002-05-21,-1.8321559644117813,1.038369353856976
2002-05-22,-2.0013955444059017,0.74331891503351
2002-05-23,-2.113547442009569,0.48562512414213616
2002-05-24,-2.229933602607573,0.40491951883600996
2002-05-25,-2.2462663176843787,0.24698678342270156
2002-05-26,-2.2732799707371174,0.10209569905752709
2002-05-27,-2.2218726241981237,-0.15630197643327418
2002-05-28,-2.0886673995022353,-0.24210276804525888
2002-05-29,-1.8970749750345468,-0.2946172516686218
2002-05-30,-1.6098945847964963,-0.3133734776108771
2002-05-31,-1.3957492901682003,-0.5133649166917306
2002-06-01,-1.202161222949361,-0.8984109114785065
2002-06-02,-1.0162794530625512,-1.2320213571124474
2002-06-03,-0.7263643539025725,-1.5361900993849162
2002-06-04,-0.4915675678743887,-1.5429804516428394
2002-06-05,-0.13231724894995392,-1.6258805381853831
2002-06-06,0.11609199062169222,-1.8192961902655238
2002-06-07,0.3920854928651583,-2.038450437983393
2002-06-08,0.5369011905819022,-2.1732307538144453
2002-06-09,0.6433803331233106,-2.354414470745893
2002-06-10,0.8465373949252476,-2.274223550665558
2002-06-11,1.0335107505722088,-2.535161438452124
2002-06-12,1.2033165544930355,-2.342728353007436
2002-06-13,1.5268396761412857,-2.1436646559598156
2002-06-14,1.903352537103269,-1.8632593210336754
2002-06-15,2.1612198500819377,-1.5728117508798212
2002-06-16,2.207484949693875,-1.1764026283149531
2002-06-17,2.445499088279972,-0.67179877225577
2002-06-18,2.506128745520956,-0.27653041923646593
2002-06-19,2.2332433013422492,-0.07331065409001451
2002-06-20,1.8901936914486361,0.0192731705568884
2002-06-21,1.5519665181359568,0.40513816905889377
2002-06-22,1.1847363602396048,0.6851221886188609
2002-06-23,0.7249046569356492,0.9782779604786597
2002-06-24,0.5784426391498925,1.3284774426560366
2002-06-25,0.53209287089892,1.2925388345862336
2002-06-26,0.27811332075559264,1.1505755353016436
2002-06-27,-0.07690917806527918,1.3340940996985708
2002-06-28,-0.1753368994329846,1.5356627615345595
2002-06-29,-0.3005777268489556,1.7905194940996936
2002-06-30,-0.5858518633288187,2.101693747260599
2002-07-01,-0.8991064448992704,2.384186338848151
2002-07-02,-1.102199866174348,2.6390292629824033
2002-07-03,-1.1060126804133186,2.5954124305472126
2002-07-04,-1.1790503174948077,2.5981662705893074
2002-07-05,-1.1682745583385081,2.5031902797183596
2002-07-06,-1.0930010552812846,2.5512193678537334
2002-07-07,-1.1959555809826916,2.182565532616216
2002-07-08,-1.4026589519623218,1.8377434534478774
2002-07-09,-1.3045078489999165,1.666568931533989
2002-07-10,-1.16946558501987,1.4459547064915326
2002-07-11,-0.9443664245146923,1.1506416477735995
2002-07-12,-1.0399502420199958,0.8639745765573585
2002-07-13,-1.468823917397879,0.6263809199149691
2002-07-14,-1.6995721328400895,0.49763363657589993
2002-07-15,-1.7293967215998003,0.29839068391589124
2002-07-16,-1.6861612097340926,0.04303559275807196
2002-07-17,-1.4442819357105778,-0.3024520383847908
2002-07-18,-1.1740995590377106,-0.3208273357633717
2002-07-19,-0.7488749390639539,-0.38796471192083304
2002-07-20,-0.21714454370637187,-0.2439099785026728
2002-07-21,0.3579478867752334,-0.18444121587380544
2002-07-22,0.5148977947563773,-0.3792513443685767
2002-07-23,0.5557501395285547,-0.5666185712604035
2002-07-24,0.6653342924186207,-0.45512471006884264
2002-07-25,0.5380691040941241,-0.5006137367142477
2002-07-26,0.18632301307747562,-0.5429272250035388
2002-07-27,0.07607921606920587,-0.5855188498175539
2002-07-28,0.14938090925303626,-0.8645445176520904
2002-07-29,-0.06554396841444639,-0.9513025523211215
2002-07-30,-0.10887305306625482,-0.9316611938640232
2002-07-31,-0.0833333740655993,-0.8713435938053545
2002-08-01,0.08533975286289981,-0.9748344610762221
2002-08-02,0.5512452151903703,-1.1708546494396037
2002-08-03,0.7225980570808958,-0.9048246019532336
2002-08-04,0.890893956004456,-0.79227209061188
2002-08-05,1.0927686280034943,-0.7743272906102739
2002-08-06,1.3349356242584818,-0.7003987105489785
2002-08-07,1.5528356291547396,-0.35198951470849066
2002-08-08,1.7056740555847587,0.01663827995235268
2002-08-09,1.6202286659028728,0.28230750310933506
2002-08-10,1.6461133919752542,0.478250410799135
2002-08-11,1.76679275069558,0.5549495847829268
2002-08-12,1.9456282864620968,0.7917192177889637
2002-08-13,1.8671746318571916,1.2092019788865898
2002-08-14,1.404547694466658,1.3572851171880647
2002-08-15,0.8326969921500489,1.3490269611330972
2002-08-16,0.5265254435783837,1.5001970612790672
2002-08-17,0.2891048633777482,1.374132703722839
2002-08-18,0.13131862081641496,1.386642390259476
2002-08-19,0.0763148517666027,1.2293050718327339
2002-08-20,-0.1873248881358711,0.7982644785031997
2002-08-21,-0.6402144237601405,0.38453980602405263
2002-08-22,-1.0903252036095687,0.18684400723473307
2002-08-23,-1.2052609778156371,0.0403823493745848
2002-08-24,-1.3231711744560408,-0.11889740828073801
2002-08-25,-1.2299524167717324,-0.28636853476054475
2002-08-26,-1.152173763713661,-0.4084875623433964
2002-08-27,-1.3541976156570912,-0.3706787765817654
2002-08-28,-1.3103528293853575,0.04642288933242042
2002-08-29,-1.0202261954680814,0.1322210222023655
2002-08-30,-0.8775899871518232,0.014780485642396863
2002-08-31,-0.8165271232810797,-0.051212466585054794
2002-09-01,-0.6081034499060736,0.22942781854564995
2002-09-02,-0.4565757495883663,0.13009125495346066
2002-09-03,-0.2653447060355681,-0.003825066947649628
2002-09-04,-0.2155801438490449,-0.12439583827278222
2002-09-05,-0.09886985353595922,-0.10748959693121495
2002-09-06,0.25693046175590123,-0.35519695974923343
2002-09-07,0.43836607095747926,-0.3860746251173023
2002-09-08,0.4182810299986928,-0.15386118991600178
2002-09-09,0.7059188915231863,0.056943009104690155
2002-09-10,0.7846463942587856,0.40398480371413203
2002-09-11,0.7941944171611416,0.7640488104099425
2002-09-12,0.7241511439700238,0.8331357098339334
2002-09-13,0.39639309217545754,0.8470656044666502
2002-09-14,0.0656110540323312,0.8426410095459359
2002-09-15,-0.16241338514202797,0.8115192927327679
2002-09-16,-0.42344109098873844,0.8156614062481783
2002-09-17,-0.5293777081300703,1.1202719770119285
2002-09-18,-0.7488084974095478,0.9677601665737057
2002-09-19,-0.7282076070982252,0.7911046724250793
2002-09-20,-0.6444538104777285,0.46664917206191175
2002-09-21,-0.45184613016104197,0.06940581781159055
2002-09-22,-0.2962829239300981,-0.30692952647849203
2002-09-23,0.006192289885448551,-0.5835627094359027
2002-09-24,-0.13974259121519234,-0.6455623979921372
2002-09-25,-0.18482078218603532,-0.8167956635505909
2002-09-26,-0.1809618569960661,-0.797176014182782
2002-09-27,-0.40986541817896815,-0.7282716582147474
2002-09-28,-0.3856330126444144,-0.6986277102732432
2002-09-29,-0.40324008807997125,-0.5710266756397319
2002-09-30,-0.416615611315365,-0.5253471529878836
2002-10-01,-0.3625300844975025,-0.8554292216472476
2002-10-02,-0.11967010123494347,-0.8177379251146931
2002-10-03,0.0008967434931147101,-0.6129877355357435
2002-10-04,0.13453552116070372,-0.3928236153730567
2002-10-05,0.3048703401134532,0.05157775221289886
2002-10-06,0.5271191064202361,0.5324624202129523
2002-10-07,0.5848003938600043,0.8632289397644434
2002-10-08,0.4971793592621645,0.9176938887319677
2002-10-09,0.4302249175411455,0.9883887985695325
2002-10-10,0.2890805844438109,0.8629830730273018
2002-10-11,0.16576621054197374,0.8143905792846806
2002-10-12,-0.04991785781359993,0.6965947308643482
2002-10-13,-0.23646001585118417,0.6413270971502567
2002-10-14,-0.21312543665844477,0.7466959356846179
2002-10-15,-0.25566868410728844,0.9667440129196406
2002-10-16,-0.23491325311299383,0.7914154563133396
2002-10-17,-0.3444409583578587,0.3572954532579598
2002-10-18,-0.4765815338831148,0.28779609327270156
2002-10-19,-0.6392459854686067,0.26629655177012956
2002-10-20,-0.7888337164517571,0.4163586753746239
2002-10-21,-0.9852945106143766,0.3930493564615965
2002-10-22,-0.9940896204319549,0.2938768625694786
2002-10-23,-1.1260260014074177,0.21405277536829204
2002-10-24,-1.133338538181806,0.03766706294379936
2002-10-25,-1.045178868167582,-0.12300206773324347
2002-10-26,-1.272257964021809,-0.4611579265715868
2002-10-27,-1.4873885370806523,-0.7509236448133916
2002-10-28,-1.4275023830355291,-0.9510297677422522
2002-10-29,-1.1879560358440495,-1.1736661483014041
2002-10-30,-0.9044454503286103,-1.3354277528413991
2002-10-31,-0.6602194635909958,-1.2211977935238263
2002-11-01,-0.9411806358448608,-1.1936876240939316
2002-11-02,-0.8233126287191721,-1.3561308309476994
2002-11-03,-0.6780271394789557,-1.6599508150468332
2002-11-04,-0.34372150647800115,-1.8169830086896654
2002-11-05,-0.09226809284248909,-1.7956612222243713
2002-11-06,0.16263539473363692,-1.4676625185754593
2002-11-07,0.3306737572184978,-1.1953326216073434
2002-11-08,0.4271444444601882,-1.1468151138882925
2002-11-09,0.5397033960730208,-1.2876027960914493
2002-11-10,0.8421533621626763,-1.264577158067406
2002-11-11,1.082304624623968,-1.1657009349454421
2002-11-12,1.5466119530939046,-1.347909486931232
2002-11-13,1.6966734611053746,-1.358835312347185
2002-11-14,1.6609566710634238,-1.1298543607218063
2002-11-15,1.740544900186747,-0.9549026433774321
2002-11-16,1.7411231601631327,-0.9806236307149069
2002-11-17,1.7483871491460545,-0.9383144681763237
2002-11-18,1.9798280823139118,-0.7139254098292616
2002-11-19,2.069678135793132,-0.23025187385803025
2002-11-20,2.0853834650809793,0.31397465687084075
2002-11-21,1.9380169209833054,0.6957374545608981
2002-11-22,1.72863694563383,1.0635100048430801
2002-11-23,1.7113752850761477,1.3726808437053133
2002-11-24,1.6045894179986284,1.8361300935038358
2002-11-25,1.2256175053368883,2.186658994017382
2002-11-26,1.049128477615672,2.174745620179754
2002-11-27,0.6800227020588341,2.3020379029633493
2002-11-28,0.2386952866624201,2.5416143361289354
2002-11-29,-0.11066791802207626,2.631138539746703
2002-11-30,-0.35626875869736685,2.474106460171676
2002-12-01,-0.8781244712336969,2.159574836972199
2002-12-02,-1.539503912471494,1.746819715950667
2002-12-03,-1.8690413987925651,1.4479866548008586
2002-12-04,-2.1810280636401487,1.0478184263266854
2002-12-05,-2.385775967378437,0.8715074817105625
2002-12-06,-2.432006426570055,0.715389961766807
2002-12-07,-2.3203424783474507,0.42756351476046933
2002-12-08,-2.0088471366569762,-0.06802349742739622
2002-12-09,-1.8711771315028394,-0.2742120836089107
2002-12-10,-1.5358481315776416,-0.3829123946098594
2002-12-11,-1.1968617983275862,-0.37339359549090484
2002-12-12,-1.0662953343589965,-0.47445935498974917
2002-12-13,-0.9244550665740999,-0.6236569208291924
2002-12-14,-1.087873933895153,-0.9771310039860069
2002-12-15,-1.1256873726630863,-1.0111789773993158
2002-12-16,-1.2044980361713993,-1.2863365939882736
2002-12-17,-1.1174719402105133,-1.6778240122241244
2002-12-18,-0.9245927810667378,-1.9403203211284954
2002-12-19,-0.7240141696100887,-1.9810052800122573
2002-12-20,-0.26780356588743537,-1.9462211766944786
2002-12-21,0.2044052336069033,-1.8885697281939464
2002-12-22,0.6734275949708922,-1.9450594265810286
2002-12-23,1.3136422759485809,-2.1083659465348363
2002-12-24,1.7652786327977232,-2.1018167502757015
2002-12-25,2.091407024314688,-1.9388476959315006
2002-12-26,2.1973851039032466,-1.1595184934619782
2002-12-27,2.2000137571078096,-0.5736987768040667
2002-12-28,2.1875483250510768,-0.012481611805789123
2002-12-29,1.974754173833524,0.3277242325177404
2002-12-30,1.669763212672508,0.568794740725961
2002-12-31,1.4229601629480715,0.6299059275505835
2003-01-01,1.1828935446423745,0.608199559614536
2003-01-02,0.7461939792359239,0.5269383417885874
2003-01-03,0.4291098975040326,0.5175627619421771
2003-01-04,0.225973480198866,0.5207679826867664
2003-01-05,-0.00013031234219518695,0.34576573895432117
2003-01-06,-0.1575284519545454,0.49993779521358844
2003-01-07,-0.15297468715131204,0.7123713555363332
2003-01-08,0.0033845005865620246,0.676855558937219
2003-01-09,-0.02004601270908855,0.9372068124233306
2003-01-10,-0.24783964777362918,1.0174387796820081
2003-01-11,-0.6785999335582105,0.7615005212395749
2003-01-12,-0.9788098462384294,0.5009799285839097
2003-01-13,-1.1256517479285455,0.43387104115438724
2003-01-14,-1.3381348613369732,0.2035453450014302
2003-01-15,-1.5458201685927209,-0.020104847443336345
2003-01-16,-1.6789654595092618,-0.1681277849820786
2003-01-17,-1.723951803538129,-0.17472350012750293
2003-01-18,-1.5233112871265804,-0.45510729808507383
2003-01-19,-1.4056771218535729,-0.5238141494629834
2003-01-20,-1.05097142126507,-0.38073195520918146
2003-01-21,-0.958175136769417,0.07391836741589292
2003-01-22,-0.545210205561522,0.19200226647153443
2003-01-23,-0.14302683003462935,0.24646398804972577
2003-01-24,-0.12619224804528476,0.2612805309098503
2003-01-25,0.058873175376788336,-0.22146207967308978
2003-01-26,0.3620422245218921,-0.5111385392714239
2003-01-27,0.3139695025952901,-0.8146411346333035
2003-01-28,0.23610127015004848,-1.1051612357962393
2003-01-29,0.3886967103425198,-1.1245959744673641
2003-01-30,0.6020918902825507,-0.9768974208224179
2003-01-31,0.5129717215360642,-0.636900310021847
2003-02-01,0.9395796950425386,-0.3322482311047318
2003-02-02,1.0967480545252775,-0.03904722767254129
2003-02-03,1.1790148569132421,0.141106579668191
2003-02-04,1.172988737843249,0.3349411951679898
2003-02-05,0.9889596597355319,0.6395770095001452
2003-02-06,0.65780788301385,0.8855674543685773
2003-02-07,-0.04509054729633473,0.6566498869077566
2003-02-08,-0.45931535113140104,0.3867971431928413
2003-02-09,-0.6057738303809351,0.14850456990832503
2003-02-10,-0.5437752625325147,-0.2573594273382394
2003-02-11,-0.2790162779753356,-0.8804753354560075
2003-02-12,-0.08633050839891078,-1.3789533188315821
2003-02-13,0.06066322622956106,-1.263335570438149
2003-02-14,0.20401486066552274,-1.0944069606474078
2003-02-15,0.2594195306833455,-0.6332346092087887
2003-02-16,0.10768920722885372,-0.24185103027571064
2003-02-17,0.09522855231622776,0.16496671834469406
2003-02-18,0.4877115689877989,0.23892505653585505
2003-02-19,0.4802395090403921,0.06207019904264992
2003-02-20,0.15655445960148343,-0.005552958442938129
2003-02-21,-0.0424187302264477,-0.007164396205687945
2003-02-22,-0.10286964038051168,0.0030624877318191014
2003-02-23,0.07289889463841802,0.07104003992818021
2003-02-24,0.5746714731557442,0.2388055667040661
2003-02-25,0.8014732108287104,0.37506613122816085
2003-02-26,0.8793197976784195,0.3301202003165001
2003-02-27,0.9847685206654756,0.4986827826479027
2003-02-28,1.0525794353278433,0.8175697370367473
2003-03-01,1.0756448512721122,1.3242047923158617
2003-03-02,0.975039145114481,1.6512896198091318
2003-03-03,1.0249951710074463,1.644345084279753
2003-03-04,1.1936613713032505,1.6833187218897943
2003-03-05,1.0510824847604514,1.6114710944407455
2003-03-06,0.7694960297043674,1.5509420514768526
2003-03-07,0.7499270032836329,1.4836662077866283
2003-03-08,0.6507779832374762,1.3848970928368127
2003-03-09,0.24361556001819615,1.3582365598170167
2003-03-10,0.03686724241273663,1.3797361372875643
2003-03-11,-0.39282534315874096,1.1597669016460657
2003-03-12,-1.346146114712066,0.7354701404844846
2003-03-13,-1.9763369895236427,0.5569077612887595
2003-03-14,-2.339727369887485,0.17954527249930874
2003-03-15,-2.340588286662534,-0.34782432749957504
2003-03-16,-2.5041271432392267,-0.7122450257038702
2003-03-17,-2.323301327310897,-0.9228476507219832
2003-03-18,-1.7408390614010725,-1.2078971251002086
2003-03-19,-1.3827223262954058,-1.33865210482022
2003-03-20,-1.1607231308659418,-1.4819985588216695
2003-03-21,-0.9849854169416613,-1.750704843722256
2003-03-22,-0.854440553648226,-1.9596622792807823
2003-03-23,-0.7565009108155023,-1.8350657386399591
2003-03-24,-0.4537582108707731,-1.7922205456993634
2003-03-25,-0.14006688997075842,-1.5008309874548067
2003-03-26,0.10236727199562935,-1.1939680878799177
2003-03-27,0.35993250859069775,-0.9090913442323989
2003-03-28,0.34074769224607504,-0.7013652016712532
2003-03-29,0.43605242849203074,-0.5860198572673406
2003-03-30,0.7215717505891994,-0.017646924155929968
2003-03-31,0.9751208541362569,0.6928583255797907
2003-04-01,1.067506226592153,0.935974385221087
2003-04-02,1.0071962430396884,0.9188171876164211
2003-04-03,0.5657150725823281,0.7991435432734534
2003-04-04,0.4168635634818481,0.9125698761541072
2003-04-05,0.2036779011140264,0.9976017038578452
2003-04-06,-0.17943493148824774,1.0962747114383649
2003-04-07,-0.7173622024497682,1.0708213730291853
2003-04-08,-0.8221840784072048,0.7723475596060431
2003-04-09,-1.0908584226597582,0.4238763261665619
2003-04-10,-1.3750643100587796,0.1600758161444637
2003-04-11,-1.354861092016042,-0.0955560370737537
2003-04-12,-1.3386609431715553,-0.18198921379494715
2003-04-13,-0.9457862769784041,-0.23394707845202578
2003-04-14,-0.6807842087362362,-0.602606944459948
2003-04-15,-0.4975901440948674,-0.9650031453173807
2003-04-16,-0.3448093943376111,-0.9496316720183723
2003-04-17,0.01565934998599396,-0.9581569203294888
2003-04-18,0.39935349962337924,-0.8949715001660155
2003-04-19,0.36505594958362475,-0.9698435974495015
2003-04-20,0.17995188724885888,-1.109985744772646
2003-04-21,0.23063964545431823,-1.2544219428451815
2003-04-22,0.28561370977811024,-1.134222251589693
2003-04-23,0.38632902109400075,-1.169835031608131
2003-04-24,0.37261457781168444,-1.1158374329473526
2003-04-25,0.09353217500740474,-1.0968749672831615
2003-04-26,0.18274551917597562,-1.2873513832899477
2003-04-27,0.3327592626824009,-1.46155304334754
2003-04-28,0.3849148410061434,-1.5261678412237742
2003-04-29,0.6162524179372363,-1.6968496465001304
2003-04-30,0.9778444222216504,-1.7745350932451778
2003-05-01,1.2702018875747345,-1.5295113784071939
2003-05-02,1.3280635756841195,-1.2236795324975058
2003-05-03,1.5850616357765774,-0.7767342854186177
2003-05-04,1.788983964548503,-0.38063868231776454
2003-05-05,1.9290503082837596,-0.3620183640405813
2003-05-06,1.823667247686988,-0.33546510817932146
2003-05-07,1.8688166552684808,-0.31596348659064216
2003-05-08,2.2459086721068373,-0.26329457498731335
2003-05-09,2.281377495801891,0.10133700743179933
2003-05-10,2.498473924404081,0.40297725509686694
2003-05-11,2.7513287786814793,0.7166870772353386
2003-05-12,2.8520295185353985,1.3262228367370543
2003-05-13,2.7060898265241966,2.083027241723957
2003-05-14,2.4306726700537364,2.6265749402533336
2003-05-15,2.0203610566727646,3.091743397231258
2003-05-16,1.5440331819545516,3.4865928261533123
2003-05-17,0.8217927976368062,3.4777579381857766
2003-05-18,0.185918456221799,3.351985285052911
2003-05-19,-0.13957371193725837,3.3291965148739338
2003-05-20,-0.5189094678248702,2.9816823041521836
2003-05-21,-0.8219223710672257,2.9842943830796527
2003-05-22,-0.9230925344882082,3.1197936405574995
2003-05-23,-0.9816685220635001,2.7752373862601285
2003-05-24,-1.029421423494531,2.0122366552217765
2003-05-25,-1.3797760827164565,1.5163138673151133
2003-05-26,-1.544344843513532,1.179127618345663
2003-05-27,-1.4946070115616503,1.0662350389511992
2003-05-28,-1.5254320190070496,0.927312359123762
2003-05-29,-1.493279289795339,0.7095654280867766
2003-05-30,-1.4727262010613282,0.6060960300403752
2003-05-31,-1.3588392200717874,0.5269748468466242
2003-06-01,-1.2644103331298593,0.3953642910878122
2003-06-02,-1.3668219889871716,0.21122350459338987
2003-06-03,-1.4191762605929683,0.13541335531841686
2003-06-04,-1.287818978482892,0.04161782086508357
2003-06-05,-1.0596505398241287,-0.14391816587385273
2003-06-06,-0.7563825714613823,-0.08595267950690312
2003-06-07,-0.7810897682191649,-0.25084007565528516
2003-06-08,-0.8507815367708809,-0.49099560863771086
2003-06-09,-1.1245941229898104,-0.742094776621469
2003-06-10,-1.0599733653038697,-1.0029399202417995
2003-06-11,-0.6502743661425512,-1.1009432996576038
2003-06-12,-0.48980052813773084,-1.072314467302404
2003-06-13,-0.4539105291121714,-0.9726078794810683
2003-06-14,-0.5258832069175288,-1.0454504422471727
2003-06-15,-0.6032737754234547,-1.122745688919247
2003-06-16,-0.6374442414337773,-1.1546423597327238
2003-06-17,-0.5778634469042297,-1.0778863849179496
2003-06-18,-0.4740828069944687,-1.1708452342003233
2003-06-19,-0.30504294445474994,-1.1861821750608919
2003-06-20,-0.3210906896959044,-1.1466117424971065
2003-06-21,-0.2258429588022845,-1.055890250742126
2003-06-22,-0.17298288216171925,-0.9162444919494678
2003-06-23,-0.006064033172216135,-0.8585686030120667
2003-06-24,0.10696257225859347,-0.8637366650061961
2003-06-25,-0.05051554235995921,-0.7243664930320006
2003-06-26,-0.21177004174673408,-0.5839048979519544
2003-06-27,-0.1068508721480424,-0.5685870560945476
2003-06-28,0.09043358840622952,-0.47763915143376834
2003-06-29,0.19646493617447017,-0.6694425686924953
2003-06-30,0.1526229421387119,-1.0514228476186875
2003-07-01,-0.04991924150513379,-1.7213857451692716
2003-07-02,-0.2839550028566777,-1.8375490153179381
2003-07-03,-0.37720873490018364,-1.8235797163995342
2003-07-04,-0.18070607724505464,-1.7470439245339713
2003-07-05,-0.08171582509529604,-1.4652353127843762
2003-07-06,0.08549332484838672,-1.430768640370569
2003-07-07,0.07943274612344878,-1.4219765358112786
2003-07-08,0.2900072625557203,-1.2808802600696154
2003-07-09,0.3990441237675981,-1.137332836678749
2003-07-10,0.41197823019655966,-1.2383424593412982
2003-07-11,0.41519656401456595,-1.0387063390825888
2003-07-12,0.2806522383816454,-0.8606388464487638
2003-07-13,0.08748157648345298,-0.5968675785976627
2003-07-14,0.1636499105829045,-0.7099943263113928
2003-07-15,0.057371725191050056,-0.6178685632012545
2003-07-16,0.30540463941564494,-0.4607997294895684
2003-07-17,0.6866066917050648,-0.3579448671497947
2003-07-18,1.0226321514256358,-0.3074464052865224
2003-07-19,1.165057071251423,-0.12627785588991206
2003-07-20,1.1131150919456183,0.14853272880264193
2003-07-21,1.0891118959347936,0.554356689155743
2003-07-22,0.9507486040666739,0.9237537187106329
2003-07-23,1.0476412998134923,1.05195067215961
2003-07-24,1.0747039143455595,0.9622208398221426
2003-07-25,0.5176833033394196,1.0661385822813743
2003-07-26,-0.09727176021764598,0.9379616975109529
2003-07-27,-0.3579100166561229,0.7495721237818935
2003-07-28,-0.3121615671059741,0.6417011047849737
2003-07-29,-0.5050549392781961,0.6203593270124986
2003-07-30,-0.527792411184651,0.5374848838842909
2003-07-31,-0.4251574087669398,0.5978030037053981
2003-08-01,-0.178539714933168,0.8675734380885233
2003-08-02,-0.2688652482635565,1.232921609645192
2003-08-03,-0.4111465447298123,1.3209615375092547
2003-08-04,-0.5700385925953491,1.4631626221833731
2003-08-05,-0.6812701256724107,1.2722378592884247
2003-08-06,-0.633468299765736,1.0736921746708332
2003-08-07,-0.5519809819023782,0.9064120740373638
2003-08-08,-0.403717283287471,1.0455001722132797
2003-08-09,-0.20812640539884086,0.8917342097164126
2003-08-10,-0.2678813365952706,0.7301396989369364
2003-08-11,-0.3178093431776855,0.6053665542465577
2003-08-12,-0.36723641758973463,0.22118094421074444
2003-08-13,-0.3254096101446137,-0.06892318003876485
2003-08-14,-0.5012878320892286,-0.47483220592857184
2003-08-15,-0.5850228246489834,-0.6597588989994477
2003-08-16,-0.3401568842368125,-0.5848238356811563
2003-08-17,-0.09181319545061876,-0.3515287971831953
2003-08-18,0.024648333513868567,-0.1158617566307254
2003-08-19,0.388039069042263,-0.01904974213904057
2003-08-20,0.5806871793737018,0.16566517689628166
2003-08-21,0.5027930825546648,0.4506255359243426
2003-08-22,0.6092213657028855,0.32257183997263866
2003-08-23,0.7879502053735161,0.16889495914679942
2003-08-24,0.7388004734637517,0.07946943074633261
2003-08-25,0.619240973567218,-0.22268769960467943
2003-08-26,0.4847372740312164,-0.6830909971404742
2003-08-27,0.07818901668702402,-0.7084325406485615
2003-08-28,-0.07601376093187832,-0.6392414413516304
2003-08-29,-0.19539764219859482,-0.6147310864243578
2003-08-30,-0.30024153162620143,-0.5345668956015946
2003-08-31,-0.20721364680172763,-0.5204591770312422
2003-09-01,-0.3295545906779277,-0.5774533003681663
2003-09-02,-0.2737324280551837,-0.6417870413389761
2003-09-03,-0.24758734421936293,-0.4760261632198531
2003-09-04,-0.21695991527228234,-0.3750647564900544
2003-09-05,-0.14540633617920642,-0.3917990612204025
2003-09-06,0.04187958778429495,-0.15039861463013257
2003-09-07,0.30686276846924326,0.11878666600528795
2003-09-08,0.6355696220598679,-0.026145990308758565
2003-09-09,0.8348612967377195,-0.0357007175051541
2003-09-10,0.9603081682641941,0.11425149061688561
2003-09-11,0.7589463601703383,0.22697236909697877
2003-09-12,0.47293877254748845,0.1206502021540311
2003-09-13,0.44977317261726996,0.2081575950575811
2003-09-14,0.49645494340425417,0.1624789312390059
2003-09-15,0.6530770233712226,0.0549209761935058
2003-09-16,0.8388551617690018,0.17848243817456708
2003-09-17,0.7677555754504127,0.13471185593339136
2003-09-18,0.5600652893930774,0.18457743444031155
2003-09-19,0.36010739479258214,0.32714331507346006
2003-09-20,-0.07200731376923422,0.3751774804337591
2003-09-21,-0.5532836917421768,0.2574855708511048
2003-09-22,-0.9616833813044005,0.11574535274436093
2003-09-23,-1.0760099214099146,0.024727308756686592
2003-09-24,-0.8832917163518738,-0.06031884087444471
2003-09-25,-0.7172257087481098,-0.13680241530542317
2003-09-26,-0.38363959699757877,-0.060125249823351365
2003-09-27,0.11972044895464029,0.06869323273421633
2003-09-28,0.4176029832539648,0.17523548329625643
2003-09-29,0.4960692749864198,0.1532548106200456
2003-09-30,0.2494387149494669,0.2573620899523397
2003-10-01,0.019087783743923215,0.5517804827924597
2003-10-02,-0.051352344361502746,0.6506584503924918
2003-10-03,0.03975876372317068,0.5150005084891837
2003-10-04,0.15432023152304705,0.1315694060880223
2003-10-05,0.464290920973764,-0.06064503958071728
2003-10-06,0.7933810907985225,-0.3055400171582303
2003-10-07,0.9739010924271322,-0.3229892493120804
2003-10-08,1.3584880211813026,-0.16667148160140988
2003-10-09,1.5508318879431795,-0.041410076066466434
2003-10-10,1.2234073679441144,-0.05706182415050922
2003-10-11,0.8804876790370644,0.003958921066245201
2003-10-12,0.6217686621914633,0.03214180701521736
2003-10-13,0.26548343844214445,0.5698076092072702
2003-10-14,-0.12453107195830154,0.7968423650728881
2003-10-15,0.04157035867739808,0.8902323144027121
2003-10-16,0.2087094741727496,1.038155826395085
2003-10-17,0.08554361391410296,1.0206413976807112
2003-10-18,-0.03532901793111838,1.0485640275766028
2003-10-19,0.05951782015376931,1.1747404835398358
2003-10-20,-0.08476734129289916,1.390018055223036
2003-10-21,-0.34013943719974554,1.4896730921223165
2003-10-22,-0.3489005221440309,1.5904285794383155
2003-10-23,-0.7348894183325677,1.6127571010102433
2003-10-24,-0.9961648930894368,1.0661633816193254
2003-10-25,-1.2353660225634995,0.58830126722825
2003-10-26,-1.5351088299085827,0.38067634033892606
2003-10-27,-1.7199078350169923,0.13117647524911794
2003-10-28,-1.8583046487865347,-0.07250711272675761
2003-10-29,-1.8200089924380956,-0.17058440346909318
2003-10-30,-1.5894210642910325,-0.29676183555097807
2003-10-31,-1.4035394090646,-0.07056439951260737
2003-11-01,-1.1765949362351742,-0.03738702572708131
2003-11-02,-1.0658542530980648,0.002480832484715496
2003-11-03,-1.0045118800242434,-0.2596349093367841
2003-11-04,-1.04594504649025,-0.4855523397893576
2003-11-05,-0.8761888013636266,-0.6547602903317635
2003-11-06,-0.46452587512482096,-0.7998056330985082
2003-11-07,-0.3120170148828974,-0.7290297316247188
2003-11-08,-0.02607136266416716,-0.8041014363478919
2003-11-09,0.17407603828978457,-0.7935418509889945
2003-11-10,0.29505592853140694,-0.5788067288905403
2003-11-11,0.3030120370024707,-0.3782328478729901
2003-11-12,0.19643464120603682,-0.3227690609347856
2003-11-13,0.2321744630241418,-0.24748875812400956
2003-11-14,0.43350678417593036,-0.10182111391405539
2003-11-15,0.5686581429714459,0.1096260434449997
2003-11-16,0.3965260750320708,0.1969056880138504
2003-11-17,0.05885064840747495,0.11913888457317665
2003-11-18,-0.08575271498274153,0.08982585108020921
2003-11-19,-0.16062575552017458,-0.08899855442624867
2003-11-20,-0.1513692498408079,-0.3309566001874843
2003-11-21,-0.13196064785469155,-0.39043558900075803
2003-11-22,-0.041582077908228716,-0.4687932206420385
2003-11-23,-0.02193760371261964,-0.47294309195041356
2003-11-24,0.05813345650502669,-0.2075101597153205
2003-11-25,0.09215439769320523,-0.0644527183916276
2003-11-26,0.10602487545073498,-0.2523534336918519
2003-11-27,-0.01178877809449484,-0.30710908390599156
2003-11-28,-0.12034394729554149,-0.42390591988046405
2003-11-29,-0.04673734011738229,-0.5750873734728974
2003-11-30,0.008761218969023961,-0.48911964336193264
2003-12-01,0.01123622904957492,-0.5201873317910152
2003-12-02,0.2325360796193938,-0.7630432454022293
2003-12-03,0.4224768360571086,-1.1391495470719666
2003-12-04,0.593227276994807,-1.390440415857287
2003-12-05,0.8624998798842324,-1.5963733822343282
2003-12-06,0.9312147660211606,-1.6292328179652247
2003-12-07,0.8731708129359986,-1.5860823324504334
2003-12-08,0.8092303671237845,-1.5772352295898118
2003-12-09,0.995927820828101,-1.6577155318077355
2003-12-10,1.1981487309232635,-1.7171742893808322
2003-12-11,1.6535251244327078,-1.492682524495193
2003-12-12,1.7431717774218567,-1.1000558606152009
2003-12-13,1.8104705784916382,-0.7321935701959236
2003-12-14,2.1871183464505966,-0.2643967149193148
2003-12-15,2.4359485812116937,0.3453604634908303
2003-12-16,2.4103334432745243,0.5044866684540851
2003-12-17,2.187037186092063,0.8052997013020442
2003-12-18,1.9115528298727793,1.1178114748126513
2003-12-19,1.6616966821259138,0.9747106028737196
2003-12-20,1.4027116634387045,0.9639381865708083
2003-12-21,1.0956840497349392,1.2018376975850174
2003-12-22,0.5914747724127304,1.8553236788177552
2003-12-23,0.3479647949387471,2.0588343119806103
2003-12-24,-0.2392942017767707,1.987333773179899
2003-12-25,-0.789053669569809,1.8401309514957889
2003-12-26,-1.2814932905759548,1.7821134107601817
2003-12-27,-1.398337948739555,1.835287761463387
2003-12-28,-1.2610273619786287,1.8288825091341376
2003-12-29,-1.0344481016948397,1.594465279381875
2003-12-30,-0.4959809750153443,1.1893547703188834
2003-12-31,0.01356450363530264,1.035364559286313
2004-01-01,0.20834512914049208,1.0190061781985902
2004-01-02,0.13339883641762235,0.980503119927547
2004-01-03,-0.1850888733578437,0.8453708188146599
2004-01-04,-0.7579803534446066,0.9666845386387435
2004-01-05,-1.3307724647709316,1.1288654356551748
2004-01-06,-1.8455890229980716,1.2040692460490696
2004-01-07,-2.345153166161215,1.247864161179378
2004-01-08,-2.922001738523842,0.9062342252280084
2004-01-09,-3.160824574213755,0.8092828784051878
2004-01-10,-3.2700082577502507,0.42968772690169255
2004-01-11,-3.4908095469622467,-0.12891182136138862
2004-01-12,-3.4044001815495037,-0.4866950262286455
2004-01-13,-3.12419171287658,-0.7713656535564938
2004-01-14,-2.7199802060299265,-0.9517756736246517
2004-01-15,-2.5394259822577876,-1.0915619823658147
2004-01-16,-2.5148999872119164,-1.1693700111600955
2004-01-17,-2.413121712786192,-1.3999796026468618
2004-01-18,-2.1526518943365542,-1.545166604417277
2004-01-19,-2.120606467671173,-1.649334118790396
2004-01-20,-2.0038843182951944,-2.3418466327573406
2004-01-21,-1.6663782683926884,-3.000903667797453
2004-01-22,-1.1490312608456272,-3.0977199748691593
2004-01-23,-0.34744271780814046,-2.963050973586249
2004-01-24,0.15420219606075816,-2.781226026607177
2004-01-25,0.29759009084250004,-2.4591608822312936
2004-01-26,0.43190053427571284,-2.3618342027075356
2004-01-27,0.6489933524631928,-2.4606012232338195
2004-01-28,1.0316862679727796,-2.226833975707573
2004-01-29,1.4706151995801862,-1.820784637890471
2004-01-30,1.9618605614830271,-1.498317755880455
2004-01-31,2.0266917401296447,-1.2769923077903098
2004-02-01,2.148014140232794,-0.9398230875645668
2004-02-02,2.208156254043669,-0.6226120845692789
2004-02-03,2.3484709549839895,-0.29001434317425095
2004-02-04,2.4048021249199234,0.010474467288719088
2004-02-05,2.247488680969533,0.4218847613507918
2004-02-06,2.0202182718736816,0.7694175138653644
2004-02-07,1.8344937479028252,1.0094691173836214
2004-02-08,1.6922410179050291,1.1601800816705077
2004-02-09,1.1071527291562253,1.0258124818545964
2004-02-10,0.5855849921981511,1.0919721958917055
2004-02-11,0.16913928583360877,1.2085188430488296
2004-02-12,-0.03126369904680766,1.1324401367008392
2004-02-13,-0.05119628195607864,0.7475286644674373
2004-02-14,-0.10113453670072764,0.5457973601417561
2004-02-15,-0.1971932271148161,0.767016035008762
2004-02-16,-0.3260533717459114,0.5893268990686732
2004-02-17,-0.44863674568419987,0.4503952341349479
2004-02-18,-0.8267081445122036,0.22770900036891514
2004-02-19,-1.0017479461923522,-0.00040263251641933936
2004-02-20,-1.2474770771663337,-0.24378962566678308
2004-02-21,-1.0775169295019547,-0.2947783424428858
2004-02-22,-0.9959605321838697,-0.1311641893667112
2004-02-23,-0.8045508695266866,0.009775958090207924
2004-02-24,-0.24172913608812682,0.14906820680850735
2004-02-25,0.15009539638308855,0.09784910550572759
2004-02-26,0.6305990713932638,0.1030346470032759
2004-02-27,1.0361430911030407,0.12490588196856331
2004-02-28,1.1014324550296857,0.22532115649250317
2004-02-29,1.099611418189672,0.4816069174434602
2004-03-01,1.1555942809337132,0.6272956428261743
2004-03-02,1.2352163745060571,0.6554553011540432
2004-03-03,1.2155487875756534,0.636192252718174
2004-03-04,0.9121957169328756,0.30596802727004746
2004-03-05,0.8339104059628878,-0.28806117488006255
2004-03-06,1.0623995702220437,-0.4671859508827215
2004-03-07,0.9897263109068946,-0.661902222499221
2004-03-08,0.9859809006032708,-0.8476636599191926
2004-03-09,1.1327508246037543,-0.6617104805670397
2004-03-10,1.5713769128706296,-0.3469929004563208
2004-03-11,2.057986628557632,-0.12781605075947064
2004-03-12,2.1883511373111193,0.17251301779044645
2004-03-13,2.2881565947777625,0.4803978904258282
2004-03-14,2.105365594454977,0.7703485741501592
2004-03-15,1.907551606025813,1.3508325024255714
2004-03-16,1.5933434487886298,1.6381439405360658
2004-03-17,1.1602311486179178,2.248999783332311
2004-03-18,0.9182823424474296,2.6209655243821794
2004-03-19,0.44104900694486343,2.9345547936981875
2004-03-20,0.14436515218171814,2.9857542224661944
2004-03-21,-0.20979422955339244,3.121739550374744
2004-03-22,-0.5387509521488659,2.931227285143707
2004-03-23,-0.9103267966377468,2.731092773803418
2004-03-24,-1.4134558906452457,2.4754412830328847
2004-03-25,-1.6903430469598988,2.087729250067586
2004-03-26,-2.0536818422927228,1.6557829422717885
2004-03-27,-2.3763898581092437,1.1424841287554721
2004-03-28,-2.3723882388760873,0.46868726759899704
2004-03-29,-2.342868291410656,-0.24299021263147857
2004-03-30,-2.5288095689706984,-0.6987299417522814
2004-03-31,-2.44979770240804,-1.1201324473439789
2004-04-01,-2.0569010846592404,-1.2378290581516291
2004-04-02,-1.6201087724966923,-1.2931934543389634
2004-04-03,-1.2877803811443778,-1.3035529547044171
2004-04-04,-0.9363553002796885,-1.260521103209433
2004-04-05,-0.7847988877313407,-1.1652833569156913
2004-04-06,-0.5466453281282608,-0.9973581097645953
2004-04-07,-0.342879102247964,-0.6523338849508731
2004-04-08,-0.35341603629471263,-0.23348396192652432
2004-04-09,-0.845080026977197,0.17646059262560493
2004-04-10,-1.2876559914719914,0.6153862351441995
2004-04-11,-1.6417640068218988,0.701180426188781
2004-04-12,-1.7222336449780302,0.8481672559163985
2004-04-13,-2.0096500362169123,1.0779904301189225
2004-04-14,-2.2157081377969683,1.142538810038642
2004-04-15,-1.9652623585895574,0.963417434664655
2004-04-16,-1.4813720838024567,0.3171539436125268
2004-04-17,-1.0948641155606669,-0.11204033866255089
2004-04-18,-0.9904802636607827,-0.38427448223863053
2004-04-19,-1.0535226458645597,-0.6754162448597036
2004-04-20,-1.1125854347781354,-1.0771757605651513
2004-04-21,-0.8671919451593901,-1.2202750950716053
2004-04-22,-0.9199828753900336,-1.4021762916610112
2004-04-23,-0.9460590038088084,-1.5447949858992216
2004-04-24,-0.9357824643640079,-1.7119400423617328
2004-04-25,-0.639070387760811,-1.689045293857105
2004-04-26,-0.42339620169118364,-1.6474201122771035
2004-04-27,-0.08617512303783172,-1.5191795371871533
2004-04-28,0.40735761156404043,-1.5015068349676202
2004-04-29,0.7920685532029024,-1.4866926533011606
2004-04-30,1.023955477343476,-1.48263223790505
2004-05-01,1.2879897214728904,-1.5338900301169585
2004-05-02,1.394539289194363,-1.383419952519608
2004-05-03,1.7531893143349633,-1.2934268029512128
2004-05-04,2.0667943989539594,-1.3213766578343238
2004-05-05,2.06054454307432,-1.155916844762223
2004-05-06,2.1854346964473237,-0.6727029319264637
2004-05-07,2.524089132005909,-0.17091337125884482
2004-05-08,2.5414671153628214,0.23245862135685
2004-05-09,2.5085873083433845,0.44773272015783877
2004-05-10,2.376445206996143,0.6490810759025047
2004-05-11,2.3680519652501406,0.7760621829469095
2004-05-12,2.3073893258806133,0.8293394516879611
2004-05-13,1.8572392038630274,0.9371213260911418
2004-05-14,1.1063086932728579,1.0302911460318536
2004-05-15,0.7601194477095938,1.0684046567382883
2004-05-16,0.5939095072738912,0.9301158279394518
2004-05-17,0.42046217381439943,0.7306186095390163
2004-05-18,0.3246493511071641,0.2411139841895412
2004-05-19,0.4380845950693329,0.14952192004819229
2004-05-20,0.47757108533927234,0.08615026087748165
2004-05-21,0.5522780345358068,-0.13933967559449523
2004-05-22,0.6735262437664985,-0.2586269659000789
2004-05-23,0.6222586839932719,-0.13601438668177057
2004-05-24,0.4736557565095009,-0.4238992539530914
2004-05-25,0.24815926355693252,-0.8062781611324507
2004-05-26,0.08799880731084721,-1.1783258378800845
2004-05-27,0.18256432635592873,-1.376663786641645
2004-05-28,0.4907088531233332,-1.4983951393334447
2004-05-29,0.6609431130874854,-1.1843391466890643
2004-05-30,0.7902838093425066,-0.7901429842775025
2004-05-31,0.8405066687007567,-0.3078545662738751
2004-06-01,0.9881263617624698,-0.06764706626461171
2004-06-02,1.0786942810318734,-0.04478992978172638
2004-06-03,0.9379779989665527,0.004313022263212826
2004-06-04,0.5920293719957833,-0.06724092583050978
2004-06-05,0.4245311785958304,-0.10560916773696613
2004-06-06,0.30033488223931276,0.033018908727207
2004-06-07,0.41658221260753775,0.05001082125487666
2004-06-08,0.5478475376637312,-0.022496817872407187
2004-06-09,0.6638356702325202,0.0796620958826592
2004-06-10,0.818235237976215,0.2831677980325126
2004-06-11,1.010335782363054,0.0962113342263481
2004-06-12,1.1791766916530808,0.1793996553880895
2004-06-13,1.2425493544136952,0.37105110326647944
2004-06-14,1.3742495821521563,0.4817177683906738
2004-06-15,1.0842256954281668,0.7682898171225436
2004-06-16,0.8342771225253832,0.7076075386725775
2004-06-17,0.6012318313324905,1.0032790735271029
2004-06-18,0.4781952867241271,1.3186529542515557
2004-06-19,0.4846293380771044,1.6438152560486279
2004-06-20,0.7426557690446234,1.5372779581802047
2004-06-21,0.7404199460981308,1.1124945818902074
2004-06-22,0.3654537040128136,1.1450327594910934
2004-06-23,-0.04845677016863124,1.0409391752825623
2004-06-24,-0.44067068975860246,1.4463751430930474
2004-06-25,-0.7055203286989856,1.630118487996898
2004-06-26,-0.9491810726657468,1.6553963040949202
2004-06-27,-1.207810667775072,1.8648185679193787
2004-06-28,-1.2398294272208967,2.0315912688074205
2004-06-29,-1.43461439120183,1.7683365033762695
2004-06-30,-1.5446401568339196,1.2034810826666025
2004-07-01,-1.6468068842303227,0.5325875583853045
2004-07-02,-1.7554187328939057,0.19347907017048616
2004-07-03,-1.7741382047885623,-0.09069192688835279
2004-07-04,-1.789462883798413,-0.4241818673569998
2004-07-05,-1.9671799980331601,-0.73007159058424
2004-07-06,-1.918737888215857,-1.1641751901177853
2004-07-07,-1.6527512561245579,-1.4354590544178665
2004-07-08,-1.414691188455171,-1.4451189459889728
2004-07-09,-1.3375052663086824,-1.3680165765386088
2004-07-10,-1.0603288029814262,-1.5132998919278933
2004-07-11,-0.7820633587119894,-1.4112100734404671
2004-07-12,-0.5967593796993124,-1.425710675896415
2004-07-13,-0.6810137107717038,-1.604069564670975
2004-07-14,-0.6299891444217279,-1.5661624351973946
2004-07-15,-0.5534139409288673,-1.6083714868494785
2004-07-16,-0.42209011781692324,-1.5088040292872629
2004-07-17,-0.6259429569538254,-1.2441578064407413
2004-07-18,-0.6479775919878327,-1.0894531444724846
2004-07-19,-0.6318592323734962,-0.829914391968029
2004-07-20,-0.7526838526713515,-0.5048816035335612
2004-07-21,-0.570909843896646,-0.4929613374940159
2004-07-22,-0.4410734300841837,-0.6746025415104141
2004-07-23,-0.24346337198013723,-0.8877076519955903
2004-07-24,-0.08565256444116182,-0.8399025138223423
2004-07-25,0.06737292112709248,-0.5105245771313318
2004-07-26,0.33719125465152755,-0.5295516810495534
2004-07-27,0.46876365291781374,-0.5281087525668353
2004-07-28,0.5927990931394418,-0.3271672461698412
2004-07-29,0.6706840934334167,-0.17221449990246032
2004-07-30,0.836287637520853,0.11671063222460885
2004-07-31,0.6301931241731101,0.2627491612881482
2004-08-01,0.41968900032998996,0.31213892214210726
2004-08-02,0.4402299426425172,0.5561838933000817
2004-08-03,0.5251736254459743,0.972532550527866
2004-08-04,0.563372178223952,1.3855540434199516
2004-08-05,0.6096412219170364,1.5706859815196257
2004-08-06,0.7360985960783187,1.435048056405367
2004-08-07,0.7738007060082039,1.3055004798489624
2004-08-08,0.6961238613974056,1.1255066463973755
2004-08-09,0.52802066090992,1.0976642753643986
2004-08-10,0.4920972762780307,1.303503008355161
2004-08-11,0.37580747644197954,1.44651292970442
2004-08-12,0.026095489551292966,1.5627725217752735
2004-08-13,-0.06232087407589004,1.5978620349377484
2004-08-14,-0.0537817303098203,1.387799002089429
2004-08-15,0.01035042492045874,1.2876244201093079
2004-08-16,-0.03010795735524347,1.011457059563862
2004-08-17,-0.19287194344682082,0.921800239188622
2004-08-18,-0.5404697655707574,0.9728820637618589
2004-08-19,-0.8284168869677127,0.9901992109077331
2004-08-20,-0.9779986186568261,0.6741280175560338
2004-08-21,-0.9650956390434532,0.3630523730548763
2004-08-22,-0.9373050377491127,0.0305834118838273
2004-08-23,-0.8640187651157142,0.047357159718472874
2004-08-24,-0.3880488193942809,0.13859577258611167
2004-08-25,-0.1696694358139593,0.07125884852032846
2004-08-26,-0.48984820848426397,0.31642663785045916
2004-08-27,-0.6328610503003953,0.6249639929280962
2004-08-28,-0.6021424401834472,0.7245254462175408
2004-08-29,-0.5031196514962308,0.775730648992212
2004-08-30,-0.5078459419017327,0.7182424129879887
2004-08-31,-0.17811800159945823,0.35966629281504187
2004-09-01,-0.29629291932516366,0.3373345525996674
2004-09-02,-0.32477655879629425,0.2282957166239132
2004-09-03,-0.2956478865388217,-0.08640708208752497
2004-09-04,-0.21029914988027595,-0.10233562194734215
2004-09-05,-0.23013079632901437,-0.17291503983704976
2004-09-06,-0.10787180544977835,-0.31575223228267074
2004-09-07,0.19277924153338857,-0.16738529972066943
2004-09-08,0.26504732265245506,-0.14381731602839506
2004-09-09,0.5355553175842791,-0.3316444348875516
2004-09-10,0.6458533492288459,-0.7116980779679377
2004-09-11,0.6413540138026029,-0.9031683902883878
2004-09-12,0.6665230571376235,-0.8885042510132395
2004-09-13,0.48963760737467,-1.0766329566528003
2004-09-14,0.20050769496112464,-1.0783882168594874
2004-09-15,0.022092390205147486,-1.020332550397289
2004-09-16,-0.003602251106075163,-1.1419824883648657
2004-09-17,-0.05902576483227869,-1.0590593389533567
2004-09-18,-0.019941589009310045,-1.3499609256421612
2004-09-19,0.005072848688377823,-1.6125507898873863
2004-09-20,0.027636003109590433,-1.7361948667063136
2004-09-21,0.1269084677606443,-1.800853076486673
2004-09-22,0.24168020038120042,-1.561355698428947
2004-09-23,0.36256376871394863,-1.6227004355927834
2004-09-24,0.5276392107634659,-1.4634061833797773
2004-09-25,0.6225572209433504,-1.1263597437510757
2004-09-26,0.6882658984493245,-0.8186484107713965
2004-09-27,0.7046996658633214,-0.5110820701176695
2004-09-28,0.8125685569019665,-0.1723950648611333
2004-09-29,0.986741911289723,0.16377122770011712
2004-09-30,1.2043314191075944,0.400125005666753
2004-10-01,1.402126750392634,0.585733915500156
2004-10-02,1.4994184804222388,0.7063285612267736
2004-10-03,1.4503535426140572,0.937678318374287
2004-10-04,1.2158854861920578,1.272042616401018
2004-10-05,1.176677696389032,1.3340649061460788
2004-10-06,1.139011534226508,1.5743684123273503
2004-10-07,1.0572456827757357,1.6373142295545042
2004-10-08,0.8241859773007061,1.9046739984728407
2004-10-09,0.319390673580434,1.7259737469991203
2004-10-10,-0.013367666686224005,1.5032489209127724
2004-10-11,-0.2652490293558983,1.1535162135552808
2004-10-12,-0.27043834878113227,1.1139722967522088
2004-10-13,-0.3112028123680715,1.1484502008966455
2004-10-14,-0.6505067104437472,1.309268131035823
2004-10-15,-1.0623685581532412,1.4151424393756933
2004-10-16,-1.3624551121615511,1.3766531527000112
2004-10-17,-1.60031695010364,0.9511187279858447
2004-10-18,-1.8524147456932096,0.47552320309957413
2004-10-19,-1.9819373023863238,0.012088851140348423
2004-10-20,-2.034000458965609,-0.49760771020017347
2004-10-21,-1.9715595199209581,-0.890904438222197
2004-10-22,-1.7854605983933212,-1.151294255173128
2004-10-23,-1.426815694767655,-1.5374503678058233
2004-10-24,-1.2651722304022581,-1.6436032446019186
2004-10-25,-1.1046688665300823,-1.674946255262501
2004-10-26,-0.7536851526432081,-1.7116024024148224
2004-10-27,-0.49655897904968105,-1.873921641640434
2004-10-28,-0.1266462397708574,-1.7644264182850713
2004-10-29,0.2826758236995374,-1.4574081188798265
2004-10-30,0.5622076361322013,-1.1548577424238444
2004-10-31,0.5728749391786507,-0.9482116098391089
2004-11-01,0.5126316810194745,-0.7725911449904734
2004-11-02,0.44591199666313336,-0.5076284389623144
2004-11-03,0.4114568519744621,-0.2062696302894119
2004-11-04,0.31986873737720434,0.18412736525959597
2004-11-05,0.17144674295885765,0.1791651083939846
2004-11-06,-0.06607660856982207,0.13337552171963007
2004-11-07,-0.35429494114643073,0.07820914143219683
2004-11-08,-0.5118192229270754,0.16207402034320922
2004-11-09,-0.7627173476086221,0.26120253238892427
2004-11-10,-1.0335053082449561,0.7373358734805221
2004-11-11,-0.8961923810876586,0.751847881431503
2004-11-12,-0.8802912860112309,0.6676545483516213
2004-11-13,-0.5960734271005089,0.74665465843421
2004-11-14,-0.20573902142251385,0.8813567725812712
2004-11-15,-0.015036149434232999,0.7349867621017718
2004-11-16,-0.08399724440677973,0.5324513179289586
2004-11-17,-0.0723766339803206,0.2427344757274829
2004-11-18,-0.043676053399140324,-0.13190676131078766
2004-11-19,-0.11894318396410312,-0.7502687363045598
2004-11-20,0.07084475287432951,-0.9938116774384474
2004-11-21,0.014373750230619762,-1.069931443791976
2004-11-22,-0.047952522010611384,-0.9849169535966927
2004-11-23,-0.18038254328122952,-0.943454628620205
2004-11-24,-0.128716781070246,-0.9502996193526576
2004-11-25,0.005459478575598028,-0.9442618473644915
2004-11-26,0.04387212380837969,-0.835202538139987
2004-11-27,0.37126324086968304,-0.7198774419836271
2004-11-28,0.4950337663112831,-0.4732271568748605
2004-11-29,0.6729011661809058,-0.29592383362872504
2004-11-30,0.865425933026249,-0.17388851981777706
2004-12-01,0.8621668480893435,0.18831910674435695
2004-12-02,0.7778257365917308,0.7035107298368263
2004-12-03,0.62430553101017,0.8729670262426107
2004-12-04,0.26353197096110165,0.9561820160596425
2004-12-05,0.1816360232904622,0.7692953299191396
2004-12-06,0.2587570042931487,0.4740740747482415
2004-12-07,0.01834818953016716,0.4153520858409979
2004-12-08,-0.060707817976740144,0.3381307009416548
2004-12-09,-0.00856620107829039,0.2391176834537503
2004-12-10,-0.35959639299062884,0.04320050520809663
2004-12-11,-0.7444937373567379,-0.18599371781731747
2004-12-12,-0.7272918022216324,-0.24160872240496348
2004-12-13,-0.4479293835000628,-0.19751614628277397
2004-12-14,-0.37570245456007334,-0.27141913435725057
2004-12-15,-0.16442273532527624,-0.2841156194755463
2004-12-16,-0.055449964147127453,-0.45170606606648994
2004-12-17,0.14826682784447204,-0.5895102733102539
2004-12-18,0.2962657977940312,-0.6866083684900698
2004-12-19,0.27514203132696236,-0.5342761075778784
2004-12-20,0.2674920094209614,-0.6249590446355683
2004-12-21,0.3162496672996335,-0.9369517780570511
2004-12-22,0.14003579775988845,-0.9897560274403602
2004-12-23,-0.1280637164457101,-1.107150407901982
2004-12-24,-0.2614559161554497,-1.2168690255886396
2004-12-25,0.11181835565137238,-1.184582072881381
2004-12-26,0.5189578928691443,-1.3295495657459775
2004-12-27,0.5347974455054972,-1.3665243115094676
2004-12-28,0.6810385063294891,-1.3685729029457572
2004-12-29,1.0396663090699365,-1.4973880763077705
2004-12-30,1.1790101382111835,-1.2464349738166245
2004-12-31,1.3992270636710686,-1.1791301831144876
2005-01-01,1.7247166404915308,-1.0701373922614585
2005-01-02,1.8502779066228245,-0.7924726153257463
2005-01-03,2.1173976372076138,-0.45802266709880113
2005-01-04,2.334500233904081,-0.15345889028597612
2005-01-05,2.0908351429956027,0.20465280549121287
2005-01-06,1.7083436617071681,0.5730801892879059
2005-01-07,1.3031618911119076,1.0215456998689314
2005-01-08,0.8416734349322265,1.233322300717121
2005-01-09,0.38353485119916775,1.3303391596865706
2005-01-10,-0.03620507494613561,1.1841523807180572
2005-01-11,-0.25150124515537514,1.0319336463334785
2005-01-12,-0.2786919079455124,0.8324830175058314
2005-01-13,-0.27438936544184134,0.6608169375239118
2005-01-14,-0.4512843050702061,0.6289259926130598
2005-01-15,-0.2841114881082056,0.9373802717364541
2005-01-16,-0.3694177695620837,1.0835644830947533
2005-01-17,-0.45786750868027193,1.00256302894662
2005-01-18,-0.42756224772735396,1.0723071397841026
2005-01-19,-0.47453481666453473,1.000045579160348
2005-01-20,-0.6182809911605075,0.6915915417584214
2005-01-21,-0.7551925121731516,0.08052024479334555
2005-01-22,-0.6469301695019557,-0.2450491043749725
2005-01-23,-0.31530990749734855,-0.5524576147726648
2005-01-24,-0.058882805493810295,-0.6876467809217462
2005-01-25,0.23735448090655675,-0.6878319948306388
2005-01-26,0.32351825835451775,-0.6754056615506127
2005-01-27,0.44961554163591144,-0.31648466462329816
2005-01-28,0.5285783362797003,-0.005066553086119367
2005-01-29,0.3994196309681969,0.1262828021462703
2005-01-30,0.5452181112715275,0.5696931584832018
2005-01-31,0.4748006280064404,1.1808655037313889
2005-02-01,0.32630171492517857,1.351176479809835
2005-02-02,-0.03175685167569178,1.5000921363265614
2005-02-03,-0.20336992167685256,1.5555181015631825
2005-02-04,-0.40676948012581243,1.606233680649894
2005-02-05,-0.5811193344295613,1.6225460212728129
2005-02-06,-0.8673965198625724,1.653500533586497
2005-02-07,-1.120825078600961,1.5106853674320337
2005-02-08,-1.2595874749332618,1.242307908428427
2005-02-09,-1.301416202211842,1.218977603237416
2005-02-10,-1.610752164272273,1.112329975137043
2005-02-11,-2.0082638961765586,1.1185478983572952
2005-02-12,-2.263388497244376,1.1650936925147735
2005-02-13,-2.1395966641601727,0.8518663588274447
2005-02-14,-1.9125903758123448,0.6435289943046794
2005-02-15,-1.5596040166283054,0.4466882329780539
2005-02-16,-1.186450171430768,0.3963288398565392
2005-02-17,-0.6981850299914567,0.3590951056103063
2005-02-18,-0.5484835614339145,0.312088375624975
2005-02-19,-0.48282863544922294,0.32932547747739144
2005-02-20,-0.4862414003552038,0.28170912445847573
2005-02-21,-0.654076748570139,0.21573526195500622
2005-02-22,-0.8288178835627713,0.25674235691045677
2005-02-23,-0.7578715067214824,0.21319775227215745
2005-02-24,-0.7612489641754951,-0.09449546501477002
2005-02-25,-0.679588613751096,-0.6178022254450217
2005-02-26,-0.7436934213773071,-0.750324537121599
2005-02-27,-0.8573073583950878,-0.9087984241514628
2005-02-28,-0.4951155925310452,-1.1373386618608887
2005-03-01,-0.4147376327780027,-0.9025048941204071
2005-03-02,-0.49511192724640035,-0.6146550826241579
2005-03-03,-0.7924024802761622,-0.31821060012165386
2005-03-04,-1.229919734430619,0.027538832367066095
2005-03-05,-1.662516184904033,-0.0003676458252050067
2005-03-06,-1.8029779728028685,-0.01206512126190875
2005-03-07,-1.8665399626305985,0.11959375318980406
2005-03-08,-1.7134599560771409,0.010267716605101136
2005-03-09,-1.6721827226499026,0.21852562512832688
2005-03-10,-1.409769427290317,0.4302370601265503
2005-03-11,-1.280385330114719,0.22445721247103687
2005-03-12,-1.154752212647779,-0.1524297484161743
2005-03-13,-0.8736114804571797,-0.5436108489407983
2005-03-14,-0.6067978756752344,-0.7823396031965274
2005-03-15,-0.6979358749303355,-0.889741543568881
2005-03-16,-0.7042232223683456,-1.1134818701861977
2005-03-17,-0.4309541379863402,-1.0809547772272905
2005-03-18,-0.14982722792519387,-1.2368360557666853
2005-03-19,0.14163628235256404,-1.475017483964676
2005-03-20,0.6468602998283378,-1.5143278763306531
2005-03-21,0.8958870974808079,-1.508929857907253
2005-03-22,1.082661595153185,-1.527511392485863
2005-03-23,1.469821864093419,-1.394421725038176
2005-03-24,1.5397831105443667,-1.3172951619849336
2005-03-25,1.734287153699997,-1.3715831436108292
2005-03-26,2.111267652398143,-1.2596837077673282
2005-03-27,2.3146036538052153,-1.3491836535929844
2005-03-28,2.575191310853047,-1.3154728194376433
2005-03-29,2.818457432618219,-1.3529769348666314
2005-03-30,3.1115003591040877,-1.403533393888969
2005-03-31,3.3934860443681223,-1.2117442128766371
2005-04-01,3.476094089638061,-1.050278993429087
2005-04-02,3.563558139855893,-0.8261994135813437
2005-04-03,3.779719924759213,-0.6517545324969516
2005-04-04,3.9026194879872897,-0.5808413743324576
2005-04-05,3.6280783699376395,-0.47702518724209675
2005-04-06,3.5804978627835706,-0.1273430501900481
2005-04-07,3.52063055010277,0.35997350205684603
2005-04-08,3.262042260948592,0.8627217020947282
2005-04-09,2.8578441769871734,1.399872712583556
2005-04-10,2.603519693664884,1.8747833685160755
2005-04-11,2.1245098814900807,2.074655596165697
2005-04-12,1.6923921726323996,2.2580455639940724
2005-04-13,1.1967565212680729,2.3982640611871653
2005-04-14,0.39875311698131966,2.5243249497618447
2005-04-15,-0.5344608339304572,2.338861665871729
2005-04-16,-1.28756422333553,1.890140656731979
2005-04-17,-2.001395341334207,1.5687731507385765
2005-04-18,-2.6022215221917517,0.8121404443767763
2005-04-19,-2.95123192699773,0.4443273234885504
2005-04-20,-3.182907001539835,0.22869597147450096
2005-04-21,-3.2259056203294354,0.004807823267609018
2005-04-22,-3.1167727628280315,-0.15676828980844995
2005-04-23,-3.0429456078719284,-0.156755714852413
2005-04-24,-2.9441125692589267,-0.3676363439009177
2005-04-25,-2.567948136124435,-0.7138962180883056
2005-04-26,-2.3972424776385113,-1.2034101201199143
2005-04-27,-2.27787016581275,-1.5139927599982372
2005-04-28,-1.955657462889317,-1.4032255337192927
2005-04-29,-1.5374284268752338,-1.4850749500095357
2005-04-30,-1.1423816885937195,-1.8174410104714058
2005-05-01,-0.4324462313482158,-2.026549232515563
2005-05-02,0.17838716592933918,-2.189698851147121
2005-05-03,1.056596732446114,-2.052380857561532
2005-05-04,1.7274658046705262,-1.7053664448463
2005-05-05,2.0111321187770157,-1.1818327690263535
2005-05-06,2.2194510713365783,-0.6101736245863616
2005-05-07,2.3049278929429824,-0.03909639264611465
2005-05-08,2.0253341543075862,0.770209964051449
2005-05-09,1.7446925736093637,1.59957062059728
2005-05-10,1.224781625073488,2.095358303604823
2005-05-11,0.65139812026943,2.505507172596655
2005-05-12,-0.08851807052762808,2.508799156682507
2005-05-13,-0.5714090401376963,2.27221645503099
2005-05-14,-1.1388301475361193,2.142065052294573
2005-05-15,-1.4902211972058554,2.1717423366383626
2005-05-16,-1.8554227799345382,2.1930931853768816
2005-05-17,-2.159829601766029,1.8652844389181797
2005-05-18,-2.436518843462704,1.4145750812938367
2005-05-19,-2.638920513782668,0.9171812648083365
2005-05-20,-2.661820455251735,0.4579085864853749
2005-05-21,-2.5744682794237654,0.22534558109831268
2005-05-22,-2.2174777383613273,-0.22045228857789662
2005-05-23,-1.6584926251938057,-0.4607704106585286
2005-05-24,-0.8542551117523965,-0.44989440176977874
2005-05-25,-0.2734607351120562,-0.43322656076520105
2005-05-26,0.11961680317695883,-0.48029677133088733
2005-05-27,0.27009706054639165,-0.5750086690949393
2005-05-28,0.3961321240038279,-0.334552638025435
2005-05-29,0.31331937527332615,-0.05249546007831945
2005-05-30,0.34414629208375364,0.3234784841273243
2005-05-31,0.16435056474117335,0.6846858619603814
2005-06-01,0.19488028661950918,0.8109129356787179
2005-06-02,-0.017074496934018402,0.8700685167227599
2005-06-03,-0.2375384574856419,1.0004702719451681
2005-06-04,-0.4630995663449267,0.6522897773168695
2005-06-05,-0.5519221467611439,0.1732849330801124
2005-06-06,-0.3005091040745972,-0.11236969160001258
2005-06-07,-0.07166119670862756,-0.3807514602940892
2005-06-08,0.06975242556764731,-0.3920527717927996
2005-06-09,-0.021114763984651674,-0.48852348424888997
2005-06-10,-0.004991508192551533,-0.5699916342735651
2005-06-11,0.16847295230490555,-0.45413143799177413
2005-06-12,0.38779317499561505,-0.29600949432142876
2005-06-13,0.6205486627124208,-0.22665299109839718
2005-06-14,0.6320380207073766,-0.08405447917783052
2005-06-15,0.7928249134222323,0.11710038940398343
2005-06-16,0.6744649119968695,0.14935249961054295
2005-06-17,0.7181532782905227,0.06841283462829505
2005-06-18,0.9605484569363301,0.09143268092289371
2005-06-19,1.0469291636945246,0.08369694882404383
2005-06-20,1.0642658877368987,0.0076563688925921445
2005-06-21,0.8720660816032374,0.03175107372427532
2005-06-22,0.6500922899569973,0.0735803913696994
2005-06-23,0.37334539122574906,0.18608304571362108
2005-06-24,0.16433595157770794,0.15370040585412048
2005-06-25,0.030867844527063967,-0.2414721129876961
2005-06-26,0.1415949400746081,-0.543449010328413
2005-06-27,0.09475851129677801,-0.6962625453500527
2005-06-28,0.03428638995389022,-0.6997905299179993
2005-06-29,0.07911788723390804,-0.7388675697907906
2005-06-30,0.29940592613538997,-0.9943032054948232
2005-07-01,0.4869813476269326,-1.2292568458740956
2005-07-02,0.6478583316232269,-1.5631138739384973
2005-07-03,0.6371114694504396,-1.7969010973722526
2005-07-04,0.7095008190735347,-1.9359308402162183
2005-07-05,0.5303316879441653,-1.8681817948257278
2005-07-06,0.2827245392066075,-1.3981738742588563
2005-07-07,-0.027422180421901386,-1.0090178512605572
2005-07-08,-0.17697096553527408,-0.7705834309324181
2005-07-09,-0.3103089381605897,-0.6998769453164309
2005-07-10,-0.38222684547798413,-0.7424731961518769
2005-07-11,-0.6350325807699579,-0.42431244312683
2005-07-12,-0.8253219841559187,-0.39955174665691584
2005-07-13,-0.6981253706792182,-0.6164647879106528
2005-07-14,-0.554415019686504,-0.8648871081726401
2005-07-15,-0.45932231535570683,-0.716364286896772
2005-07-16,-0.15283446390828662,-0.5653114107844823
2005-07-17,0.007582071850656884,-0.49260415567514365
2005-07-18,0.04248152156538905,-0.49614182725155953
2005-07-19,-0.12612054617252008,-0.0413133813191638
2005-07-20,0.11926834350935767,0.018254715034059756
2005-07-21,0.45100220969012145,-0.26243095964284485
2005-07-22,0.5580254882723048,-0.5695646257243344
2005-07-23,0.577762532902554,-0.4112108896044027
2005-07-24,0.7159458035638693,0.03727744461806358
2005-07-25,0.8666579745521485,0.31500376555980225
2005-07-26,0.976332517679284,0.6239767664824324
2005-07-27,0.9297152379548301,0.5482670705157862
2005-07-28,1.0403991001475603,0.4068859656241652
2005-07-29,1.0930039462687124,0.37465582242673345
2005-07-30,1.025161626999312,0.6298719283071945
2005-07-31,0.7896708017571118,0.8591322646369258
2005-08-01,0.5800351409814175,1.3135344607293487
2005-08-02,0.40112917437243756,1.8789115561488743
2005-08-03,0.13946168877372694,2.14695156665916
2005-08-04,-0.05574054215233714,2.178440151298823
2005-08-05,-0.26039609780554546,2.104499876572672
2005-08-06,-0.4767071769037341,2.035021161372168
2005-08-07,-0.6616351998160798,1.7214010011366592
2005-08-08,-0.6696526227509683,1.2335145003406573
2005-08-09,-0.7311567762783513,0.8593899412849786
2005-08-10,-0.6709673153596606,0.5326755296365421
2005-08-11,-0.8743670378386227,0.27387268536448317
2005-08-12,-1.093140020855647,-0.10721517902168076
2005-08-13,-1.1479260567659717,-0.5416114775481976
2005-08-14,-1.1439303036625152,-0.7355778164633542
2005-08-15,-1.0493733464080333,-0.7651066996530033
2005-08-16,-0.6923939194498518,-0.752960354312063
2005-08-17,-0.6715029475172823,-0.6006870265488028
2005-08-18,-0.697021492347135,-0.5157001024077875
2005-08-19,-0.4541907541222929,-0.5525278779119305
2005-08-20,-0.44929311850460785,-0.5532990744577453
2005-08-21,-0.4347098447089113,-0.512658915769564
2005-08-22,-0.3546167689856702,-0.4531586327614773
2005-08-23,-0.15422028503170743,-0.48313117806588524
2005-08-24,-0.17057080244528164,-0.5911321500333774
2005-08-25,-0.3392259134668312,-0.5986909847095124
2005-08-26,-0.37835805526086075,-0.577423807149551
2005-08-27,-0.5972152816572489,-0.33702361060521685
2005-08-28,-0.9619092833051164,-0.12397996096926917
2005-08-29,-0.9842198163223105,0.09857188224020488
2005-08-30,-0.6404544427883551,0.14956696311468803
2005-08-31,-0.05792672191940315,0.14636326736722435
2005-09-01,0.14966094197497748,0.11173390543903998
2005-09-02,0.49458720561713776,0.04936904926080618
2005-09-03,0.9027241116891869,-0.1802292947220473
2005-09-04,1.135313983987994,-0.03895179314948455
2005-09-05,1.638446742140677,0.08370489250836713
2005-09-06,1.9443845364796501,0.3629969627912338
2005-09-07,2.1659802275713975,0.6141229624838711
2005-09-08,2.125147489498845,0.645615860535608
2005-09-09,1.9087406275300132,0.9847004707607373
2005-09-10,1.3974766992586012,1.166274315074933
2005-09-11,1.014023857837593,0.9277533428401468
2005-09-12,1.1092793232115008,0.753955801400006
2005-09-13,1.313094510057835,0.7531398373531288
2005-09-14,1.300780141908075,0.5722217473484311
2005-09-15,1.062129197647616,0.42430665700461184
2005-09-16,0.553189439214871,0.6097050555588637
2005-09-17,-0.01142255462034442,0.7202259160275089
2005-09-18,-0.4040264939364999,0.6340495474467371
2005-09-19,-0.6262626164897428,0.33991700961009585
2005-09-20,-0.949033197670258,0.11093479450509154
2005-09-21,-1.0606549030010224,-0.290844886499688
2005-09-22,-1.2122003849331227,-0.4455543846221031
2005-09-23,-1.1137906571685943,-0.3944812573906213
2005-09-24,-1.1009900106829633,-0.24804857074871126
2005-09-25,-1.0438420843365184,-0.2817216846373294
2005-09-26,-0.9928193562167401,-0.4376217867526436
2005-09-27,-0.7111748413803264,-0.37120964446429994
2005-09-28,-0.5475666538888102,-0.3696886475840061
2005-09-29,-0.5628253311149644,-0.2473846174948905
2005-09-30,-0.5273566169789904,-0.2217636029116302
2005-10-01,-0.38155564625138405,-0.28101980416628713
2005-10-02,-0.22334851077000592,-0.4846093809185468
2005-10-03,-0.27590720359650467,-0.8628910112511923
2005-10-04,-0.6305411506116695,-0.994634758251498
2005-10-05,-0.7890690169013341,-0.9788065959097612
2005-10-06,-0.9019885329606173,-1.032268466188903
2005-10-07,-0.8760951929914286,-0.9041582381670679
2005-10-08,-0.8730236193650746,-1.1413515508287977
2005-10-09,-0.6739997345299396,-1.1408617997801354
2005-10-10,-0.47847470343637294,-1.2075556421892564
2005-10-11,-0.4338773830068749,-1.1332918347615417
2005-10-12,-0.24200863855682586,-0.867340509490418
2005-10-13,0.0580323707439273,-0.7632453139367228
2005-10-14,0.5712904909043854,-0.518866647822741
2005-10-15,1.001973352399964,-0.06933095198568706
2005-10-16,0.9484866423189352,0.10296109761766141
2005-10-17,0.698465580104568,0.35354812135569014
2005-10-18,0.6457192371927213,0.47828799069447375
2005-10-19,0.39649210197933793,0.5167844893088264
2005-10-20,0.2700183237551828,0.4463494604272501
2005-10-21,0.08251469776247392,0.4336579976695052
2005-10-22,0.020843111510257414,0.40875341648752983
2005-10-23,-0.10090839129872967,0.1315792054586008
2005-10-24,-0.0916212360388475,0.04220997837417661
2005-10-25,0.06767478785672001,0.22919389181317368
2005-10-26,0.4562831243987912,0.2382725663083907
2005-10-27,0.8650837001525291,-0.08093976994220771
2005-10-28,1.1320971219905458,-0.24737758240098018
2005-10-29,1.3998311664826966,-0.3279766556245117
2005-10-30,1.4614546735320535,-0.21729413223345653
2005-10-31,1.4681050358710959,-0.0881707825598054
2005-11-01,1.4874317529112928,0.1214472466304208
2005-11-02,1.369477332103636,0.2242370115166468
2005-11-03,1.0455730641479635,0.2638815303489763
2005-11-04,0.7873015712099185,0.5279708927898404
2005-11-05,0.7687980271864585,0.6317311140932631
2005-11-06,0.6748005231281565,0.5306187961240166
2005-11-07,0.552655581428316,0.8118739740326776
2005-11-08,0.3586732785877992,0.9835429269004079
2005-11-09,0.3220536643452236,1.1898357138377889
2005-11-10,0.2616133106180928,1.3568594727862238
2005-11-11,0.3889661242614643,1.1191451898740192
2005-11-12,0.3119058812842985,1.0217065638297085
2005-11-13,0.07534893986091887,0.9111497773239983
2005-11-14,-0.09489580083797698,0.9854529243934824
2005-11-15,-0.4188761155063829,0.8182953320473899
2005-11-16,-0.9514392192045791,0.7520412585730903
2005-11-17,-1.100412451179595,0.6107924936212907
2005-11-18,-1.3650579107202079,0.42969788062592806
2005-11-19,-1.5048802255072935,0.24906929738344746
2005-11-20,-1.5426269211546577,0.08080009356641987
2005-11-21,-1.5040489660299492,-0.11833170497040407
2005-11-22,-1.455696753599451,-0.358563090627269
2005-11-23,-1.1457324018539963,-0.3371641369397431
2005-11-24,-0.6584093367931498,-0.209608390158635
2005-11-25,-0.5241663997587661,-0.3730727601780799
2005-11-26,-0.3675859645149894,-0.3062943046826855
2005-11-27,-0.2991825927845799,-0.021609314241731382
2005-11-28,-0.10964764123791462,0.2249702817380429
2005-11-29,-0.00109708207259777,0.28949972637791543
2005-11-30,-0.08780116932910446,0.14770163213909412
2005-12-01,-0.2153692287450001,0.04081801358541109
2005-12-02,-0.35031283151339415,-0.14757816257113127
2005-12-03,-0.4924470778777333,-0.3897611675069628
2005-12-04,-0.6682160043460145,-0.5598760811232605
2005-12-05,-0.5702368225551636,-0.23960682338017256
2005-12-06,-0.2939164789674113,-0.07128753676212389
2005-12-07,-0.02971812119254151,-0.4640550805978618
2005-12-08,0.2475126879189668,-0.5173062433852
2005-12-09,0.5816796462731797,-0.44281201149954535
2005-12-10,0.7976002659944121,-0.16119926908441762
2005-12-11,0.5922652165116069,-0.3112207997638466
2005-12-12,0.3807820159799472,-0.47562818585621547
2005-12-13,0.3710445649783577,-0.3570087673008602
2005-12-14,0.04074056883520904,-0.454849176197679
2005-12-15,-0.09539244459216563,-0.41907472111435934
2005-12-16,0.09810526939803928,-0.23684239619643305
2005-12-17,0.45917478026775294,-0.18185066644232697
2005-12-18,0.7849544423038715,-0.11225808049101675
2005-12-19,0.9866442410003141,0.0051910999416532
2005-12-20,0.9808094639736431,0.23309776963533976
2005-12-21,0.7064558658313016,0.39363650835424474
2005-12-22,0.538935352187528,0.1265247958334547
2005-12-23,0.2172093985622811,0.05992376019587395
2005-12-24,0.01756202387284931,0.09593000234460068
2005-12-25,0.05441143207067196,-0.21209935681934702
2005-12-26,0.1595692188374473,-0.35640507643833313
2005-12-27,-0.03132649236766924,-0.21945268384986463
2005-12-28,-0.27280126476337485,0.13045114433465987
2005-12-29,-0.4368193169949193,0.7102956509917749
2005-12-30,-0.760307383644729,0.5070290809524312
2005-12-31,-0.9436887031835717,0.1249517344183297
2006-01-01,-1.0014479613066187,-0.20065279675750042
2006-01-02,-0.854189967790177,-0.8180296445530992
2006-01-03,-0.6750678759326009,-1.1617485469112236
2006-01-04,-0.5455470686253994,-1.170566467389071
2006-01-05,-0.33028181354711134,-1.015886809218017
2006-01-06,0.0396066774663504,-0.9903802658132319
2006-01-07,0.5182216367715221,-0.8853390105100756
2006-01-08,0.5834226920339515,-0.9934177780101194
2006-01-09,0.49038365795767613,-1.3310152663013481
2006-01-10,0.7195724683920965,-1.3660820141380148
2006-01-11,0.9366202413645388,-1.3772879670886657
2006-01-12,1.2952730210728063,-1.451208836858902
2006-01-13,1.5691581916540782,-1.2923673570346712
2006-01-14,1.5208701353958936,-0.9853876267233379
2006-01-15,1.5268324471038597,-0.8340934192314962
2006-01-16,1.6744038071265772,-0.44082893227645004
2006-01-17,1.5947357444106776,0.2034338411085357
2006-01-18,1.5349787943983237,0.9234684581049911
2006-01-19,1.464540424807386,1.6943202635600072
2006-01-20,1.3116226580170622,2.224708614712179
2006-01-21,1.1685671607901567,2.4212914699996464
2006-01-22,1.0034314684881742,2.5509588509805945
2006-01-23,0.6800818510590892,2.272343186168106
2006-01-24,0.21989076609113342,1.9167241624731475
2006-01-25,-0.4239330909989234,1.8656129198204765
2006-01-26,-0.8444909560134832,1.7769997198153253
2006-01-27,-0.8178564613805521,1.6325496198268423
2006-01-28,-0.8624453299502609,1.4357823329574253
2006-01-29,-1.0565740669553714,1.280065348734112
2006-01-30,-1.2947973240227013,0.96138640221783
2006-01-31,-1.6328521969133942,0.8335451791106554
2006-02-01,-1.810842515790103,0.7119136214108874
2006-02-02,-2.0152796650844182,0.48881284610732906
2006-02-03,-2.1887208741027675,0.3899165549624876
2006-02-04,-2.5055173622687708,0.3506573360604411
2006-02-05,-2.542481533552858,0.3003570718123544
2006-02-06,-2.486562545127304,0.25413216027626295
2006-02-07,-2.420570810254463,0.132188436698224
2006-02-08,-2.320339252643188,0.05454781313522591
2006-02-09,-2.1269018816380045,-0.019899531038923952
2006-02-10,-1.8169427075598457,-0.1785520019698157
2006-02-11,-1.8089848592303992,-0.29657495030634135
2006-02-12,-1.787559112565217,-0.3408114131188138
2006-02-13,-1.5416447614652011,-0.4062467303591648
2006-02-14,-1.5700584978426342,-0.4996748391345304
2006-02-15,-1.2659922357848792,-0.5258932031489605
2006-02-16,-0.9712119202679015,-0.5224073551293396
2006-02-17,-0.7778131382070876,-0.6730720118168699
2006-02-18,-0.7612417290875498,-1.006308035815809
2006-02-19,-0.36288552812354985,-1.54197320807342
2006-02-20,-0.12964408360632876,-1.8116932393403513
2006-02-21,0.0843571357581534,-1.8529607478470682
2006-02-22,0.22319991542475437,-1.8456895499254884
2006-02-23,0.3526299012010659,-1.951359889126459
2006-02-24,0.782493193117592,-2.077014706970693
2006-02-25,1.3198460530037759,-1.9607398260949453
2006-02-26,1.5339508655991767,-1.288437569418944
2006-02-27,1.7115466538052717,-0.5262765161679664
2006-02-28,1.6536008292644475,-0.1018378487958458
2006-03-01,1.5425271184962035,0.03147322714802903
2006-03-02,1.57542963217526,-0.16211786840894296
2006-03-03,1.4467004105167187,-0.16717859980357894
2006-03-04,0.6946253013502204,-0.09953023323595277
2006-03-05,0.2672842003840873,-0.17219344862668096
2006-03-06,0.16874377904315466,-0.2016830816530047
2006-03-07,0.08495121038482316,-0.16727478578089586
2006-03-08,0.14834038271966535,-0.2715392427791051
2006-03-09,0.3165562951604961,-0.2619061729310024
2006-03-10,0.6739312249615583,-0.43470316856269703
2006-03-11,0.6171272682788354,-0.23711141263886493
2006-03-12,0.578934410152656,-0.3319758675647385
2006-03-13,0.4530547549510177,-0.229190674638898
2006-03-14,0.4460904972243296,-0.15270475637001116
2006-03-15,0.2688811733286923,-0.22332886272888613
2006-03-16,0.3488522155518524,-0.1138531018353359
2006-03-17,0.378966307530771,-0.13074554826182963
2006-03-18,0.43586489198457695,-0.21945512653493493
2006-03-19,0.5342502901105932,-0.2737904347358292
2006-03-20,0.7646821729575031,-0.1452348238164994
2006-03-21,0.6259079371427874,-0.20161580258375353
2006-03-22,0.6119883500218783,-0.0950081237964751
2006-03-23,0.6201750359781815,0.06589046773624274
2006-03-24,0.7282668917117324,0.17750109679629905
2006-03-25,0.923550580060158,0.25900942774159064
2006-03-26,1.090290847906032,0.4615260045984113
2006-03-27,1.2590976978596002,0.5839519495835653
2006-03-28,1.3557212060674086,0.562237763582943
2006-03-29,1.5041880055800527,0.5516411708352255
2006-03-30,1.3167155280628797,0.8552065582906236
2006-03-31,0.9268634304242467,1.0361612011276389
2006-04-01,0.6322223373696,1.124379709476977
2006-04-02,0.5997254066792704,1.3106175320004778
2006-04-03,0.6652044061542552,1.3838074940371612
2006-04-04,0.557104320989496,1.4637784214432374
2006-04-05,0.2322106287471928,1.205197095903664
2006-04-06,0.06644901367926441,1.0864958155668918
2006-04-07,-0.07299433060464337,1.1599362803614406
2006-04-08,-0.4254385139486603,1.0266502992114774
2006-04-09,-0.7142232635599038,0.8679866645825319
2006-04-10,-0.5184831619522515,0.7336717643532814
2006-04-11,-0.11823740648697224,0.20314563932214721
2006-04-12,0.044707605030351,-0.24433320391266128
2006-04-13,0.3310759919726028,-0.669515172044909
2006-04-14,0.6829545350646637,-1.0947764701532194
2006-04-15,1.1014578213407462,-1.1338790570355466
2006-04-16,1.217826663385851,-0.9275711278253191
2006-04-17,1.0594841015838137,-0.6191557694481442
2006-04-18,1.038203537844665,-0.34991716281891483
2006-04-19,1.070659110039778,0.1903141138699767
2006-04-20,0.993012872371772,0.4539345152065337
2006-04-21,0.7053073040325812,0.6575577982521786
2006-04-22,0.293495599435117,0.7667662139045198
2006-04-23,0.01506598618564749,0.7463065091347132
2006-04-24,-0.11964102847097992,0.7909937496195821
2006-04-25,-0.1618158043176922,0.8664461586822241
2006-04-26,-0.33381410489341096,1.0542511844186033
2006-04-27,-0.17966176683741836,1.2576267260171738
2006-04-28,0.031708121758702926,1.4109958096253798
2006-04-29,0.06125085591696529,1.4710132498429287
2006-04-30,-0.06530434752634784,1.4436914202965068
2006-05-01,-0.15003401054445628,1.1320821561072438
2006-05-02,-0.1945539802029667,0.9259111582264732
2006-05-03,-0.2863509571556616,0.6833271925490646
2006-05-04,-0.3955186957578761,0.6254392123937358
2006-05-05,-0.6289629057083579,0.6998365476487979
2006-05-06,-0.7779346807709198,0.6063592788891512
2006-05-07,-0.9523237275376257,0.2791447119934262
2006-05-08,-1.0426223630220457,0.08140259784230436
2006-05-09,-1.1548641226520746,0.12845223669579206
2006-05-10,-1.139991261218262,-0.030585934398195472
2006-05-11,-1.198486907633012,-0.18800696581614632
2006-05-12,-1.2260557530256457,-0.24823958596803966
2006-05-13,-1.1138156476582641,-0.3169567804641584
2006-05-14,-1.1529017383886293,-0.48400561911119044
2006-05-15,-1.2263409510741505,-0.6797148834386947
2006-05-16,-1.2939511057247086,-0.9209832027205752
2006-05-17,-1.3705135039700895,-1.1559420959558813
2006-05-18,-1.2812136579464957,-1.2823063907864056
2006-05-19,-1.0009167372968208,-1.1640990098684108
2006-05-20,-0.6223816562573016,-1.066331897030426
2006-05-21,-0.19952425681267144,-0.9862654998545068
2006-05-22,0.11132823772488168,-0.9772143917025589
2006-05-23,0.3781332822682171,-0.87193604534409
2006-05-24,0.6715543019448454,-0.632235552340675
2006-05-25,0.6577367529988742,-0.43340757388774664
2006-05-26,0.5715434204555411,-0.33141129262466623
2006-05-27,0.5461468223049498,-0.2468583211821491
2006-05-28,0.472208019912527,-0.10668845106447543
2006-05-29,0.20675021145699343,-0.2382800610386075
2006-05-30,0.0010561953586656972,-0.4807472169534777
2006-05-31,-0.2108712702420421,-0.6757241248888751
2006-06-01,-0.3440483771084324,-0.648624675256413
2006-06-02,-0.41874412841660286,-0.7533932113423223
2006-06-03,-0.6377075260957258,-1.0972053863748075
2006-06-04,-0.8193657375740104,-1.3000662311912135
2006-06-05,-0.7660984647401038,-1.439584018356917
2006-06-06,-0.5240277491259159,-1.383971149338611
2006-06-07,-0.3455343009949662,-1.382129545332169
2006-06-08,-0.2769114528245278,-1.1273249381251593
2006-06-09,-0.3118555762599049,-1.063470034514006
2006-06-10,-0.3349281795290232,-1.0952068875162002
2006-06-11,-0.3947752162160507,-1.0779936439257494
2006-06-12,-0.2505945225410899,-1.091569210681943
2006-06-13,-0.20520472339666518,-1.0010566260016935
2006-06-14,-0.0780275821495955,-0.7341663037966968
2006-06-15,0.1264452831306066,-0.6320975653450198
2006-06-16,0.21840082079854745,-0.5050463225871292
2006-06-17,0.2778337317262913,-0.4956118597833426
2006-06-18,0.4349674815190787,-0.6098788241334762
2006-06-19,0.3220518150868164,-0.626191652261107
2006-06-20,0.2871214853124407,-0.3991621690980854
2006-06-21,0.5446700083661513,-0.17738438671125115
2006-06-22,0.6659974117443335,-0.3212907495743034
2006-06-23,0.7034242357206053,-0.5701656655195942
2006-06-24,0.8076605837835132,-0.43440573508566
2006-06-25,1.1864792341343464,-0.05708835768229871
2006-06-26,1.3865737347241882,0.20130432489544206
2006-06-27,1.6766233873963636,0.42023569409212835
2006-06-28,1.4025740648108684,0.6603621540548068
2006-06-29,1.3295225864100537,0.7377725984762018
2006-06-30,1.0468958471745085,0.9214193625739189
2006-07-01,0.7095875804793537,1.0740349826105988
2006-07-02,0.3368005227854039,1.0090052777046716
2006-07-03,-0.004053288240663712,0.9894652490145879
2006-07-04,-0.22248914742442308,1.0865242256371814
2006-07-05,-0.41230674341387596,1.0663373797552553
2006-07-06,-0.3524942278210589,1.1769863246178074
2006-07-07,-0.4665148779714794,1.341859003732904
2006-07-08,-0.5194575962247158,1.2781921665961429
2006-07-09,-0.4285140308561281,1.3572389102150773
2006-07-10,-0.5347348927125793,1.3230583704605592
2006-07-11,-0.7147404701581364,1.3942596645220788
2006-07-12,-0.9392734271228599,1.3494156244238227
2006-07-13,-0.9495729630732931,1.31266559702936
2006-07-14,-0.9092266993189181,1.287732130408674
2006-07-15,-0.7245246365013719,1.2477546179299848
2006-07-16,-0.5546362048677703,1.0687011982510093
2006-07-17,-0.7722399526706661,0.902302477022148
2006-07-18,-0.7653844018466012,0.6964110206578517
2006-07-19,-0.6945393684789593,0.6008418635070591
2006-07-20,-0.8043029852379611,0.32951388967202716
2006-07-21,-0.7834505951397311,0.5401039251255964
2006-07-22,-0.6255974181563851,0.7752310858937244
2006-07-23,-0.5728616397248644,0.9765901688449645
2006-07-24,-0.4747783295870448,0.6310970119999892
2006-07-25,-0.43249929874417653,0.0650293103893686
2006-07-26,-0.25947048510245235,-0.06752171011497685
2006-07-27,-0.09938531104336942,0.04855403490133899
2006-07-28,0.1095443676088044,0.10506867604258478
2006-07-29,0.3131130305789094,-0.19236305145970095
2006-07-30,0.36297414358466423,-0.4639778926133041
2006-07-31,0.5341430424292003,-0.7959674666160049
2006-08-01,0.4897695238712155,-0.7550652461848953
2006-08-02,0.5897871298527521,-0.7823542017226107
2006-08-03,0.5090899386452716,-0.6065595253196593
2006-08-04,0.555911533382448,-0.367169663219188
2006-08-05,0.7193703952120334,-0.004973576418930384
2006-08-06,0.840632560517145,0.4280489935653794
2006-08-07,0.9193901259861353,0.662227445917649
2006-08-08,0.922118494035763,0.63766268620592
2006-08-09,0.89537617052292,0.60574627249194
2006-08-10,0.8006700441558867,0.7247886725941738
2006-08-11,0.5815407822002734,0.6546814231448149
2006-08-12,0.3434397514835429,0.5997683484384632
2006-08-13,0.2442408881914943,0.6637516632448621
2006-08-14,0.2523657193409915,0.48757860755559806
2006-08-15,0.08727702944147564,0.3126736995344648
2006-08-16,-0.2103881063494164,0.08311141390107049
2006-08-17,-0.49527964198852376,0.3681839323286898
2006-08-18,-0.6392034960423221,0.34633456612967917
2006-08-19,-0.9208740212301939,0.32132502905530214
2006-08-20,-1.0243675945091084,0.2850280158297526
2006-08-21,-1.0799823689576116,-0.018020491056216364
2006-08-22,-1.0177201439487076,-0.3834002882474869
2006-08-23,-0.8524473859987639,-0.7307152028645509
2006-08-24,-0.6707949830500031,-0.8656759351850054
2006-08-25,-0.533964421437385,-1.049337979868413
2006-08-26,-0.3232801178771559,-1.1283294454233237
2006-08-27,-0.14485518409252132,-0.8815646255612862
2006-08-28,-0.08171111096071046,-0.7808693602049439
2006-08-29,-0.22586724572774952,-0.8342984630930432
2006-08-30,-0.19506076814143694,-0.9209940776243131
2006-08-31,-0.2438025200968469,-0.7943309989986415
2006-09-01,-0.3681023752336829,-0.4791779464935326
2006-09-02,-0.5084063646154607,-0.4852896144602483
2006-09-03,-0.6151760600315399,-0.7721551871146204
2006-09-04,-0.6522362747796249,-0.7703554987958523
2006-09-05,-0.7616109447440974,-0.8686873782923396
2006-09-06,-0.6206398722125538,-1.1734359677222486
2006-09-07,-0.4103112895299782,-1.4442336227647574
2006-09-08,-0.13546045937417847,-1.5351489575984063
2006-09-09,0.2078309852545164,-1.4849247127619072
2006-09-10,0.6227132465939056,-1.309170908115307
2006-09-11,0.8245315366238328,-1.1134171558846404
2006-09-12,1.0569495113833975,-0.9030580991901291
2006-09-13,1.3535160603240228,-0.8370297529337185
2006-09-14,1.3529489277594784,-1.0458764375984162
2006-09-15,1.2667519099386408,-1.0314805991187157
2006-09-16,1.0356694968072322,-0.7747108218387627
2006-09-17,1.0277056217342173,-0.6745191000446231
2006-09-18,0.9271564889727657,-0.5172586126671713
2006-09-19,0.96632088392437,-0.3899882748372274
2006-09-20,1.317144367738337,-0.14061530514672307
2006-09-21,1.5677840083964705,-0.13234045461224597
2006-09-22,1.8267072772678945,-0.07825800026653029
2006-09-23,1.972431060070197,0.1893418680915509
2006-09-24,2.0511597360185867,0.37753291187966487
2006-09-25,2.008837502821849,0.5335387517752584
2006-09-26,1.908663756489993,0.7320176496887932
2006-09-27,1.6457389340855666,0.9052414384465367
2006-09-28,1.619598612982913,0.9997549662513999
2006-09-29,1.666559452958826,1.4267366175958522
2006-09-30,1.7210703961412996,1.9668236827479075
2006-10-01,1.591032830356409,2.503762177036727
2006-10-02,1.342495014571969,2.7978519533932977
2006-10-03,0.9475792653938696,3.1074330680723166
2006-10-04,0.8276736541452366,3.143603236461537
2006-10-05,0.506837016238882,2.9313738530094886
2006-10-06,0.3470156919390638,2.653101268762342
2006-10-07,0.077772920837063,2.389405689090426
2006-10-08,-0.6653057585568233,1.9099642601652618
2006-10-09,-1.429114524423326,1.8771846332857243
2006-10-10,-1.9706700796821415,1.69615612038798
2006-10-11,-2.335206398165312,1.307130258818489
2006-10-12,-2.3166221618053013,1.0365583627843753
2006-10-13,-2.2180340272633043,0.5914781377039553
2006-10-14,-2.0898857158926845,0.4122042161457409
2006-10-15,-2.1472869383922646,0.24655593046126917
2006-10-16,-2.4326068972780455,-0.1064653478965375
2006-10-17,-2.33239126148118,-0.6549955337128953
2006-10-18,-1.9727444630461062,-0.9422062055758796
2006-10-19,-1.61999873538501,-0.9493164735077754
2006-10-20,-1.3605674678180943,-1.1143754656141582
2006-10-21,-1.0679933589420805,-1.278927676998887
2006-10-22,-0.8100144272119268,-1.3280282859650803
2006-10-23,-0.7577842618830044,-1.2296109305818954
2006-10-24,-0.784871851926269,-1.1277127618702145
2006-10-25,-0.7052753645932824,-0.9775729692484236
2006-10-26,-0.6216391496492434,-0.4027469860034604
2006-10-27,-0.5519677350471911,0.06501575355911633
2006-10-28,-0.36204234070564156,0.4339702568972159
2006-10-29,-0.3126373621292641,0.8415252016052757
2006-10-30,-0.26535316558816735,0.9619667461181209
2006-10-31,-0.29065486232486776,0.9170530666079104
2006-11-01,-0.22971011123340065,0.8886327187004233
2006-11-02,-0.44089859372737505,0.9869332171812849
2006-11-03,-0.6942868918981561,0.940478058565784
2006-11-04,-0.914107710638237,0.511272551422712
2006-11-05,-1.1127828373385908,0.2859392709413463
2006-11-06,-1.1177473220654235,0.1536935340499353
2006-11-07,-1.4659969428545692,-0.28690840456172095
2006-11-08,-1.6052988827117887,-0.45075732119022655
2006-11-09,-1.619496682863872,-0.4293586091002733
2006-11-10,-1.6718016643136033,-0.4066738831407442
2006-11-11,-1.6985679261090878,-0.5759240369626097
2006-11-12,-1.7237730398265259,-0.8470172732054095
2006-11-13,-1.708211598686754,-0.916413976742182
2006-11-14,-1.5629658888323326,-0.851180388674706
2006-11-15,-1.3518780669238548,-0.8257821010906419
2006-11-16,-1.1173110893103244,-0.9577140172169767
2006-11-17,-1.0836822575420215,-1.2271502230570714
2006-11-18,-0.8543383994615543,-1.564235463265906
2006-11-19,-0.7400354764864351,-2.0442254745981243
2006-11-20,-0.38816429556742177,-2.1921239543796003
2006-11-21,0.23330736007863093,-1.9505364327025505
2006-11-22,0.6263794269028513,-1.6433056173637737
2006-11-23,0.9462782146660518,-1.415230026843405
2006-11-24,1.020044974050233,-1.1817153138667265
2006-11-25,0.9521831962127825,-0.7762328500520528
2006-11-26,0.8922276269485391,-0.46170324374408445
2006-11-27,0.9499255558068018,-0.334433333516874
2006-11-28,0.896754154417689,-0.09659769846662006
2006-11-29,0.8284463470236766,0.16840770170356878
2006-11-30,0.6154154223134359,0.3016069405773144
2006-12-01,0.6365824072752815,0.14762008502206111
2006-12-02,0.6268734513790558,0.1052533846915271
2006-12-03,0.4613493042056504,0.3594792591758776
2006-12-04,0.32231209366857505,0.4200992738738865
2006-12-05,0.13991497844449938,0.2844769214517907
2006-12-06,0.03768071811382602,0.1044814225663348
2006-12-07,-0.1067764297574357,0.1753535638756687
2006-12-08,-0.11648398385182862,0.10543375750991178
2006-12-09,-0.10902712275604763,0.018674723368455774
2006-12-10,-0.27670621433083853,-0.12072554895118418
2006-12-11,-0.43832051182991505,-0.5792293720620529
2006-12-12,-0.37306975358905536,-0.8306295104219036
2006-12-13,-0.12776766585636135,-0.9997438549171422
2006-12-14,0.05970630066106328,-1.023359218175876
2006-12-15,0.24825695992469204,-1.0343358772969355
2006-12-16,0.3992135677240469,-0.9807691009797403
2006-12-17,0.5304960236664189,-1.3740995338532467
2006-12-18,0.8293526808198218,-1.8575901303099454
2006-12-19,1.0781145451494996,-2.198108765593648
2006-12-20,1.18119038211257,-2.2295041664555666
2006-12-21,1.1980341517866027,-2.1063808219180244
2006-12-22,0.909163329261233,-1.751447957441377
2006-12-23,0.8469835046780385,-1.5713694122149096
2006-12-24,0.8463075434191779,-1.6154898683407721
2006-12-25,1.027849749620526,-1.7633328425675923
2006-12-26,1.4704219852707954,-1.6904982232512342
2006-12-27,1.8436956588356226,-1.5394252371760133
2006-12-28,2.1065883778536225,-1.158178685244635
2006-12-29,2.0821763415709347,-0.7880792794904428
2006-12-30,1.8769026577878432,-0.26275679496931065
2006-12-31,1.8027231490121354,0.6425771082414998
2007-01-01,1.7473938866215737,1.2004189269937158
2007-01-02,1.7531801619039666,1.714628649156943
2007-01-03,1.5872267000658289,1.944643441765374
2007-01-04,1.2782899447042946,2.050614059205004
2007-01-05,0.8121571012453559,1.7997440149442026
2007-01-06,0.7002224899205043,1.7865899793292863
2007-01-07,0.6433986435238069,1.8411048861304018
2007-01-08,0.33369091701198766,1.5137812051822526
2007-01-09,0.2426736780030252,1.4300704449483566
2007-01-10,0.07322162398049174,1.4037223314480494
2007-01-11,-0.051325852618555615,1.2635620513344377
2007-01-12,0.18932078438811092,1.4017878293626127
2007-01-13,0.2078490845266496,1.4708257368177822
2007-01-14,0.12905313655425216,1.3992729745562469
2007-01-15,-0.08994300463599887,0.9737164980375067
2007-01-16,-0.4385736301178412,0.6642536268467842
2007-01-17,-0.6965640982406115,0.630494604828057
2007-01-18,-1.0167936063527496,0.45982414524189585
2007-01-19,-0.9125514901537337,0.16595522820198017
2007-01-20,-0.89453338963922,0.049799659107799564
2007-01-21,-0.7824535818177745,0.03648386882871847
2007-01-22,-0.6770240318249724,0.06172465410709359
2007-01-23,-0.747112173928294,0.05965924565930713
2007-01-24,-1.0578960288103056,0.5038647901027795
2007-01-25,-1.3591325037270914,0.9664833800692912
2007-01-26,-1.3719398814767052,1.0797158388680648
2007-01-27,-1.3913664606858118,0.9156631206322233
2007-01-28,-1.523363473940599,0.8866808351904198
2007-01-29,-1.6075082719537122,0.7660801605958639
2007-01-30,-1.4251909695028995,0.5955052476240122
2007-01-31,-1.202259083310359,0.47943936979773866
2007-02-01,-1.0600263593158419,0.30659438005543443
2007-02-02,-0.9747417239720649,0.11179632641225377
2007-02-03,-0.8931748702775569,0.01358094680993836
2007-02-04,-0.560315771772266,-0.15904133361587477
2007-02-05,-0.45181651432045467,-0.3195067772575947
2007-02-06,-0.46940079112630195,-0.3756084518907085
2007-02-07,-0.5446580724646463,-0.46373500447326665
2007-02-08,-0.7345816504521366,-0.4118753401124127
2007-02-09,-0.9387287726265605,-0.2955361069121308
2007-02-10,-0.9687340026748511,-0.6396427853888557
2007-02-11,-0.998081046925286,-0.9664654565253078
2007-02-12,-1.2058636051255567,-1.2092136850766932
2007-02-13,-1.2751649238404565,-1.405334467713839
2007-02-14,-1.0655914264964381,-1.544650200208008
2007-02-15,-0.5938891533488447,-1.5112362318570576
2007-02-16,-0.15646688472844786,-1.2789639660757453
2007-02-17,0.22064290970654513,-1.3164874425704514
2007-02-18,0.48829844083333873,-1.4029891085568627
2007-02-19,0.5130889813565656,-1.6049432544346578
2007-02-20,0.8461703303152153,-1.7291813499719064
2007-02-21,1.0420742833384302,-1.7842056858144353
2007-02-22,1.295103076201756,-1.8602887633051286
2007-02-23,1.5729131154227542,-1.7465387673988426
2007-02-24,1.573218443536323,-1.3749201339155128
2007-02-25,1.8964682097614538,-1.1619424976467096
2007-02-26,1.9174058413648638,-0.8037289918827424
2007-02-27,1.670366228203429,-0.243047083042358
2007-02-28,1.7171154787356009,0.15207654492643544
2007-03-01,1.8944211398614152,0.823970210355257
2007-03-02,1.5369186361782077,1.429096072143558
2007-03-03,1.2118058506556137,1.8151731727175482
2007-03-04,0.6911770513242186,1.8875363396396687
2007-03-05,0.28319653838746733,2.190039958225717
2007-03-06,-0.02479378774189941,1.9960582848457848
2007-03-07,-0.29056583058478924,1.2173839667209259
2007-03-08,-0.4853283825964534,0.8549718077653039
2007-03-09,-0.5014307555188082,0.6817119572469085
2007-03-10,-0.2723269300454904,0.5792111082445772
2007-03-11,-0.21304899361188476,0.628036284813333
2007-03-12,-0.22927175272831551,0.4607716912506898
2007-03-13,-0.02954563922007601,0.1816738844926902
2007-03-14,0.2877860293439171,-0.05651878650787879
2007-03-15,0.6148791559120829,-0.32550823303377163
2007-03-16,0.8227878976444051,-0.22987403945330206
2007-03-17,0.9931511147226909,-0.13266499045665342
2007-03-18,1.0660543897210915,-0.10769011619122683
2007-03-19,0.928917744423324,-0.08948995403104208
2007-03-20,0.7944723477718535,0.1098767571183736
2007-03-21,0.759343579805921,0.1849971172625427
2007-03-22,0.6995101760329655,0.5039242991939696
2007-03-23,0.6543359173457913,0.6823024283944854
2007-03-24,0.5774644405052065,0.9587018107581561
2007-03-25,0.5059988074159008,0.9937308652149563
2007-03-26,0.4394773668729663,1.0373922693287916
2007-03-27,0.39602370519597085,1.2770975820233406
2007-03-28,0.40819999746740254,1.3056020390410936
2007-03-29,0.328909294874142,0.9968757187312123
2007-03-30,-0.06103022543848449,0.9100986179851713
2007-03-31,-0.362204702197202,0.9907535561784069
2007-04-01,-0.5651015864180636,0.8527894183047187
2007-04-02,-0.7329272475387264,0.7706298640562658
2007-04-03,-0.9225287382797741,0.4163965315192456
2007-04-04,-1.4220731466210936,5.241402168222501e-06
2007-04-05,-1.4575114239334306,-0.11229140161315572
2007-04-06,-1.23895512513522,-0.3054029969524389
2007-04-07,-1.1497273661268155,-0.5505837701614693
2007-04-08,-1.1577891607098785,-0.6669231637639035
2007-04-09,-1.0579240299255523,-0.627476906587637
2007-04-10,-0.7412521013707787,-0.1671923399990757
2007-04-11,-0.5460244056674015,0.16882984878305043
2007-04-12,-0.6300712989666851,0.4140629952700487
2007-04-13,-0.6865277495892989,0.5409095792651105
2007-04-14,-0.5415860875774923,0.5392268942368756
2007-04-15,-0.4125176260603097,0.5642132718330881
2007-04-16,-0.3518605514536128,0.4691149653419433
2007-04-17,-0.3439914161959576,0.40992628415821925
2007-04-18,-0.40543429475838305,0.33931833100296027
2007-04-19,-0.17065449427308088,0.2600830577495554
2007-04-20,0.12979276901921227,0.128252138637432
2007-04-21,0.4029275750098658,0.0011697555615259553
2007-04-22,0.3210379416576973,0.02866396457015232
2007-04-23,-0.005942217319237563,-0.04220544384397459
2007-04-24,-0.2247230548372679,-0.25325528373417944
2007-04-25,-0.11597991756858494,-0.4286061327623279
2007-04-26,0.08267500704276899,-0.6819499732722801
2007-04-27,0.43747098491347003,-0.8168698449731309
2007-04-28,0.6910498146877093,-0.7123484604970153
2007-04-29,0.6865065496790547,-0.3540939836327862
2007-04-30,0.5155836038311327,0.014048071285564468
2007-05-01,0.45655019613504005,0.3141124236514217
2007-05-02,0.6584250653149756,0.4843586481690012
2007-05-03,0.783744887786755,0.6293916140962345
2007-05-04,0.7297247100628548,0.6918791183862255
2007-05-05,0.7481792742990734,0.7195123272560336
2007-05-06,0.8334855011068776,0.7289323637624351
2007-05-07,0.8033121246005978,0.6747118487757544
2007-05-08,0.7453524630842722,0.5329774698927412
2007-05-09,0.530102558175629,0.43926261450473697
2007-05-10,0.44010167382663884,0.11707403238988139
2007-05-11,0.2755900383045709,-0.08878508744738099
2007-05-12,-0.073222519864864,-0.24304510950587133
2007-05-13,-0.26043450545308183,-0.3192650762715057
2007-05-14,-0.26300571313441506,-0.08880999583155509
2007-05-15,-0.33733355792711706,0.12441621935377409
2007-05-16,-0.4651653504161817,0.30697023526366324
2007-05-17,-0.4993244964409841,0.5838823763715465
2007-05-18,-0.5320912457128655,0.9129803830210942
2007-05-19,-0.8446537518289249,0.9866134963772979
2007-05-20,-1.4084764416734674,0.8247083052353835
2007-05-21,-1.6240102846536848,0.5443771751449543
2007-05-22,-1.838877648783871,0.11298635569221391
2007-05-23,-1.850578256155374,-0.1974696210435477
2007-05-24,-1.6329591634069658,-0.6900306292090532
2007-05-25,-1.1504688565386538,-1.2204700618125073
2007-05-26,-0.8313748564013368,-1.5397114170965363
2007-05-27,-0.6398111330277134,-1.6128496444174587
2007-05-28,-0.4021245385745354,-1.6263330971824224
2007-05-29,-0.42985749865321893,-1.6423283736484953
2007-05-30,-0.3948588150120358,-1.6274383837862894
2007-05-31,-0.40466986353160794,-1.4882003166351072
2007-06-01,-0.3918702665245179,-1.3599198954004115
2007-06-02,-0.5504169051055718,-1.3677477243785587
2007-06-03,-0.6288814597489589,-1.4068571125904705
2007-06-04,-0.46912126285234307,-1.3004643734064818
2007-06-05,-0.43128582495228573,-1.2879709218142847
2007-06-06,-0.3182357405623243,-1.4631932215219154
2007-06-07,-0.05180922168715334,-1.4973848262419136
2007-06-08,0.18784147633918202,-1.5984116881313686
2007-06-09,0.49127161981289647,-1.4008047280612796
2007-06-10,0.5783868778229703,-1.354323314449249
2007-06-11,0.5881961376553101,-1.240921183292594
2007-06-12,0.6371971285023633,-0.8510460843394295
2007-06-13,0.6949544084532687,-0.7686263529982816
2007-06-14,0.8561829041074369,-0.7866507091359144
2007-06-15,1.2341277803959718,-0.6720747681206041
2007-06-16,1.673225752982069,-0.6006133127783532
2007-06-17,1.8766934759858063,-0.2626053371903802
2007-06-18,1.8532986059308818,0.20737968841705146
2007-06-19,1.6853469445425981,0.44615434990290087
2007-06-20,1.4841266356019764,0.700599392953175
2007-06-21,1.1425436942149063,1.085455752970248
2007-06-22,1.0017506160186458,1.2237501432593498
2007-06-23,0.9016151432722451,1.2980608625676566
2007-06-24,1.1922227051038445,1.3099477508563433
2007-06-25,1.356435878053605,1.2496372111837077
2007-06-26,1.1480404124466366,1.3337902304492353
2007-06-27,0.8066138764296265,1.4154763043757366
2007-06-28,0.5414416728967023,1.4816431669158914
2007-06-29,0.3541566935580795,1.7427848649921427
2007-06-30,0.4096898549286734,1.6061490461384123
2007-07-01,0.5385200899834865,1.5560657767438408
2007-07-02,0.388842362341406,1.4715399230962227
2007-07-03,0.22897407666059116,1.5010543625069788
2007-07-04,0.15024330526896681,1.3374931011528681
2007-07-05,-0.0005474331233985401,1.3893949709280493
2007-07-06,-0.45052387484789147,1.6728382180231258
2007-07-07,-0.5762131534439565,1.9326774409453489
2007-07-08,-0.6099880217744214,1.9190837653751678
2007-07-09,-0.6181444663225079,1.9508304344383929
2007-07-10,-0.8235427244815756,1.9636602526842122
2007-07-11,-1.299844218944559,1.572174154011279
2007-07-12,-1.3683179416855116,1.3014372660141524
2007-07-13,-1.2606101078304008,1.096318048219241
2007-07-14,-1.1870994416543164,0.6265286605901098
2007-07-15,-1.3113349305157473,0.1258584161679074
2007-07-16,-1.336328153167957,-0.2866608976080645
2007-07-17,-1.3899326649315593,-0.5102618576852749
2007-07-18,-1.5790259198840932,-1.0756385262450252
2007-07-19,-1.6022237524201606,-1.2671372292641585
2007-07-20,-1.5570935191966049,-1.2783408340323434
2007-07-21,-1.39855201909768,-1.446275924518515
2007-07-22,-1.133975911203448,-1.574660379524568
2007-07-23,-0.8905390982839938,-1.4051434451763742
2007-07-24,-0.7076124885075256,-1.1175677282814251
2007-07-25,-0.4302144672063533,-0.8566897293660197
2007-07-26,-0.07590367531703199,-0.5181394277605538
2007-07-27,0.002581791689821331,-0.33889590949046383
2007-07-28,-0.023604000932097302,-0.20474016214674998
2007-07-29,0.10780245679364757,-0.0607097328768175
2007-07-30,0.1473997000912131,0.0714375438287679
2007-07-31,0.2035605963990285,0.26624431261205467
2007-08-01,0.1097126555871425,0.4913913261412439
2007-08-02,0.07728273400415217,0.4538082840582904
2007-08-03,0.007069012069241154,0.38541146289919076
2007-08-04,-0.060044951614909824,0.3290814296621268
2007-08-05,0.016684172134635734,0.2702580153673595
2007-08-06,0.3005329562558002,0.2480647639349329
2007-08-07,0.6372908060438494,0.18125624729488324
2007-08-08,0.3412190103457514,0.24338916462634597
2007-08-09,0.10302740120845874,0.27540653506010065
2007-08-10,0.08853796403071082,0.2072243066572999
2007-08-11,0.1910267747882785,0.0059577206910576734
2007-08-12,0.34127275308901267,-0.14650007666479142
2007-08-13,0.3426032176414957,-0.4988273484969906
2007-08-14,0.2137624438714695,-0.8731946378980702
2007-08-15,0.22175173299308285,-0.9600359791873385
2007-08-16,0.3208319896647751,-1.1728952754041282
2007-08-17,0.29420223012517066,-1.2259289796625723
2007-08-18,0.21219392840199552,-0.871586430317025
2007-08-19,-0.07960146760361746,-0.7518545306786651
2007-08-20,-0.13133627280914137,-0.7609911407324023
2007-08-21,-0.15312610540180804,-0.6957319292194494
2007-08-22,-0.3157898307538608,-0.7818781775121796
2007-08-23,-0.5320172696667329,-0.9022106015305326
2007-08-24,-0.6597876138559124,-0.9855933755788152
2007-08-25,-0.5725740394946135,-1.2275353721802795
2007-08-26,-0.43369322149819184,-1.2865176234573648
2007-08-27,-0.24558077877051274,-1.612917492845729
2007-08-28,-0.22058884268977735,-2.0377485552133447
2007-08-29,0.06315763002465677,-2.2074058606248714
2007-08-30,0.27375679365545375,-2.230209476524553
2007-08-31,0.3234951150109893,-2.146044235745416
2007-09-01,0.22795860508418714,-2.0183198463755216
2007-09-02,0.4567493448580639,-1.7717812417456726
2007-09-03,0.4045258006036848,-1.5286489671887302
2007-09-04,0.42315906115305507,-1.2500202105918314
2007-09-05,0.6309960556971609,-0.8942845423322441
2007-09-06,0.8704693123373081,-0.6112257536062086
2007-09-07,0.8563291498435032,-0.20526628880614856
2007-09-08,0.9251194627099175,0.138184099317329
2007-09-09,1.0015080936577547,0.6617090142238203
2007-09-10,0.9951556227605516,0.9682956023771591
2007-09-11,0.7785796359320021,1.1976986787575998
2007-09-12,0.6042583359919588,1.0693792882479465
2007-09-13,0.49689359258581134,1.001858287726632
2007-09-14,0.5030992769238191,1.0680729915154743
2007-09-15,0.7863863203333736,1.0812215344448022
2007-09-16,0.8417946006474794,0.9862044514432246
2007-09-17,0.8101521575785849,0.7584028224109929
2007-09-18,0.7681228877493451,0.5506864247700616
2007-09-19,0.9109732490188773,0.596755100762496
2007-09-20,0.9785528260511095,0.6238996293356822
2007-09-21,0.9070620734931586,0.43760917216187895
2007-09-22,0.919140510496385,0.4234381165359351
2007-09-23,0.9119583281171925,0.32244589491385056
2007-09-24,0.729928394509745,0.13692356166952344
2007-09-25,0.45942072813146256,0.15043263402535406
2007-09-26,0.44751870439735036,0.17016371252438803
2007-09-27,0.6020205753438616,0.31374473549838555
2007-09-28,0.4039214322580057,0.17991667383664248
2007-09-29,0.13597670212673588,0.022674662512610223
2007-09-30,-0.008633344066858657,-0.05567007322596294
2007-10-01,0.09870962917854824,0.26031133202622575
2007-10-02,0.14465789370977256,0.7365166948370739
2007-10-03,-0.055753491097434,0.8256651096404003
2007-10-04,-0.12837443635296877,0.8401821585914365
2007-10-05,-0.042374005145063405,0.8144960683206548
2007-10-06,-0.030807766029096514,0.7831652513758386
2007-10-07,-0.33114719868430403,0.5661837017453332
2007-10-08,-0.6433742090131948,0.46650425882241003
2007-10-09,-0.8885010477806882,0.2850576760401625
2007-10-10,-1.2952974195296982,-0.022780233721763687
2007-10-11,-1.512022362926856,-0.07493426434289377
2007-10-12,-1.5880063673579716,-0.1046139559289734
2007-10-13,-1.6244155320329712,-0.17038180072825243
2007-10-14,-1.4745910480997018,-0.25929166873584597
2007-10-15,-1.3183141458232486,-0.27538283838838
2007-10-16,-1.3062623335098122,-0.40980504231609055
2007-10-17,-1.4259856800029658,-0.5725197504859774
2007-10-18,-1.3711596813120213,-0.7817808811037107
2007-10-19,-1.258505965324995,-0.8911242436943144
2007-10-20,-0.952816389462803,-0.8450546552141753
2007-10-21,-0.5671738704530164,-0.7085791458649382
2007-10-22,-0.3284899289919329,-0.4533848640641795
2007-10-23,-0.02845271491976384,-0.0609002495919679
2007-10-24,0.1587431201416503,0.41154816407709394
2007-10-25,0.20176194341543355,0.6826159580147988
2007-10-26,0.3849357259966026,0.8313403689122596
2007-10-27,0.6840696799684731,0.9364741937610905
2007-10-28,1.0536844086503832,0.9009381568512846
2007-10-29,0.9407182637316394,0.5584815032359388
2007-10-30,0.8066670645362858,0.32746373628774766
2007-10-31,0.8689997431512203,0.17405450454233215
2007-11-01,1.020936044137153,0.010330839357389819
2007-11-02,0.9205624843912181,-0.16703736442416198
2007-11-03,0.7507886380468506,-0.3628883657321282
2007-11-04,0.8878971966042332,-0.41861716735573845
2007-11-05,0.9926655113222342,-0.2700706544379841
2007-11-06,0.8248069053543663,-0.06989571266051077
2007-11-07,0.48085908861393417,0.10238984414648106
2007-11-08,0.022557594357302754,0.16908468497824689
2007-11-09,-0.14855499586081977,0.16236829153260762
2007-11-10,0.054397905681784056,0.19364473174233796
2007-11-11,0.10029213347014584,0.28647458991273267
2007-11-12,0.06031778515224064,0.29851170003601707
2007-11-13,0.40010359960326713,0.4874432290644742
2007-11-14,0.6037381746160565,0.7556993519675271
2007-11-15,0.5919917726158284,1.1468981795291906
2007-11-16,0.7322683370864903,1.443131074733507
2007-11-17,0.5639924055378028,1.5346142879380116
2007-11-18,0.22944432051132913,1.6494835915457995
2007-11-19,-0.07420484194530498,1.7198761171908719
2007-11-20,-0.3841466734643651,1.605163954556151
2007-11-21,-0.4838073848195657,1.5460923970638911
2007-11-22,-0.09614896332283955,1.656276144871229
2007-11-23,0.029750641254082826,1.7409575579192793
2007-11-24,-0.31305444753373374,1.775501101015904
2007-11-25,-0.7699326329445493,1.850339469021973
2007-11-26,-1.2315422870323491,1.967753994393738
2007-11-27,-1.7461572775835859,1.681041627928559
2007-11-28,-2.5643841657273754,1.2504099339515484
2007-11-29,-3.287383556171398,0.7033038027515414
2007-11-30,-3.4004775173940276,0.08448763430557678
2007-12-01,-3.086026106673641,-0.37252722303742725
2007-12-02,-2.857960649207209,-0.6637154285447449
2007-12-03,-2.6939632084760667,-1.1059767879663767
2007-12-04,-2.27442777071389,-1.6025171999742154
2007-12-05,-1.9396889364602121,-2.0866645349989734
2007-12-06,-1.2822552334894262,-2.2564075216609076
2007-12-07,-0.4385371263475674,-2.151216786145626
2007-12-08,0.3011395309718552,-2.021888113683642
2007-12-09,0.6184472148711854,-1.8185047257399063
2007-12-10,0.658081425356526,-1.661517725621017
2007-12-11,0.8906173553826046,-1.4189934061388196
2007-12-12,0.9339897409424796,-1.2749902154569654
2007-12-13,0.9329932948512972,-1.29535008157393
2007-12-14,0.8673894464741768,-1.4208534963158506
2007-12-15,0.7662581991905284,-1.6689843587765731
2007-12-16,0.7689313043818352,-2.0136614072136156
2007-12-17,1.0659833860426453,-2.164612144693047
2007-12-18,1.3996437748065051,-1.9432839936275863
2007-12-19,1.6903735776145015,-1.695070515907795
2007-12-20,1.868318371581178,-1.6492058543039538
2007-12-21,2.0191460352728723,-1.2039661448349859
2007-12-22,2.0885032306248688,-0.5769397083728508
2007-12-23,2.008363087350186,-0.1551707241863448
2007-12-24,1.9593783888827423,-0.03960967051273017
2007-12-25,1.54154036547469,-0.01945587510002562
2007-12-26,1.4955446743955327,0.3036214432073172
2007-12-27,1.3705701648507869,0.6360287202735089
2007-12-28,1.3484760981531256,0.9467063142544554
2007-12-29,1.2545039393583508,0.9014007711385177
2007-12-30,0.9612571082741886,0.9010203350852095
2007-12-31,0.9390883891128872,0.9646203990809509
2008-01-01,0.9778417600165489,0.9834848044914681
2008-01-02,0.9324531609057163,0.9567030900341786
2008-01-03,0.9078138446128508,1.068180169436969
2008-01-04,0.6872068205930345,1.3366277514087312
2008-01-05,0.18099629872509307,1.3097102381074242
2008-01-06,-0.41641927080750674,1.392585474780572
2008-01-07,-0.7903754869755425,1.3311136117201552
2008-01-08,-0.9703348778695297,1.0446613158190308
2008-01-09,-1.2270075226457664,1.0082536791625285
2008-01-10,-1.2393875863685015,1.071319965011953
2008-01-11,-1.1776083042523966,1.1366978070634899
2008-01-12,-0.9821820960359845,0.9815813620803133
2008-01-13,-1.08410364992915,0.7831184959205829
2008-01-14,-1.3069314414333761,0.8302430453533525
2008-01-15,-1.5247238318692342,1.2035397074023342
2008-01-16,-1.4210731319362029,1.4288903031112892
2008-01-17,-1.3756129985825127,1.6146151730641636
2008-01-18,-1.4579551000943884,1.4830707371939331
2008-01-19,-1.2891924315471073,1.3538092063785996
2008-01-20,-1.222273617230077,0.8030135230869587
2008-01-21,-0.9155186480670668,0.12346420848077119
2008-01-22,-0.7402862573190501,-0.4495427760288541
2008-01-23,-0.800812105868894,-1.088397943522525
2008-01-24,-0.5608760554518067,-1.707074210328701
2008-01-25,-0.3099633257636663,-1.942968082938892
2008-01-26,-0.12483646065401173,-1.7924220547417375
2008-01-27,0.18775707471746014,-1.2756259007571011
2008-01-28,0.4293652406831827,-1.0757208154827758
2008-01-29,0.5724816431989611,-0.8895599009150893
2008-01-30,0.695365555492775,-0.8365494082940481
2008-01-31,0.7085373467912947,-0.7106076469162095
2008-02-01,0.8735669481706079,-0.5869460339828404
2008-02-02,1.0976892475154967,-0.4555880065241569
2008-02-03,1.1092066219612515,-0.46599424767213365
2008-02-04,1.069040543055449,-0.31600581025146973
2008-02-05,1.2497022337918737,0.03922535036547229
2008-02-06,1.3997609749206814,0.36478833073105466
2008-02-07,1.5628750709664974,0.5914312399861723
2008-02-08,1.6079330367568265,0.796906000397174
2008-02-09,1.53826606981399,1.1594273788781748
2008-02-10,1.5370559530839885,1.422511280120009
2008-02-11,1.1060851435389691,1.6629238318918578
2008-02-12,0.6922850161592866,1.8706556502688
2008-02-13,0.3757427257245409,1.7353654015142574
2008-02-14,-0.19662467028172037,1.735236601883772
2008-02-15,-0.7140258934048604,1.7481875202377355
2008-02-16,-1.085815436326238,1.5612408839999006
2008-02-17,-1.0848884844454858,1.0900838755280733
2008-02-18,-0.9520589454207505,0.3654434309870935
2008-02-19,-0.8370163020295358,0.1598279327136912
2008-02-20,-0.6738745333923464,-0.02891829628590567
2008-02-21,-0.4770611763592289,-0.023287338719540533
2008-02-22,-0.5146149343549093,-0.041772391231082014
2008-02-23,-0.39423828595062516,-0.026910988231895812
2008-02-24,-0.21442887946707687,0.023735246755545607
2008-02-25,-0.3040404843041232,0.049676414101547654
2008-02-26,-0.5637848382627714,-0.01751126538166892
2008-02-27,-0.5023357601965895,0.06234372128371539
2008-02-28,-0.3733317932578284,0.28044591459035495
2008-02-29,-0.33014680176755923,0.34598267779223046
2008-03-01,-0.39475140078642973,-0.020443061758641346
2008-03-02,-0.5300326544391659,-0.4540826356836604
2008-03-03,-0.7573601450337454,-0.7625450545748551
2008-03-04,-0.8953718292551966,-0.9485943673643598
2008-03-05,-0.9409105619876602,-0.9378370868180042
2008-03-06,-1.0480907585249248,-1.1241621029829691
2008-03-07,-0.8972029703033332,-1.3055936245573114
2008-03-08,-0.8035423939770646,-1.7469845017921029
2008-03-09,-0.7578681234448019,-2.0891697275254777
2008-03-10,-0.4475875082962195,-2.1919124315106857
2008-03-11,-0.05508928578379547,-2.433864646163239
2008-03-12,0.19589985163806325,-2.6750734492368724
2008-03-13,0.39105912804245596,-2.6251339170293484
2008-03-14,0.7484154917888627,-2.43723289830085
2008-03-15,0.7453463064972972,-2.168412759908309
2008-03-16,0.9677464498273586,-1.8061112444848593
2008-03-17,1.295694741776794,-1.6205344196921507
2008-03-18,1.4698707041727737,-1.4140718645125916
2008-03-19,1.7746648259619298,-1.3338401347994862
2008-03-20,1.7925762157380296,-1.075212909452818
2008-03-21,1.905135174257105,-0.7506348775529106
2008-03-22,1.8551147144487474,-0.49421833445858665
2008-03-23,1.9322458198249493,-0.09604832232422407
2008-03-24,1.9550826388603264,0.20131267146330212
2008-03-25,1.5258788991179355,0.4615551301898257
2008-03-26,1.3380245024979953,0.5077374911256186
2008-03-27,0.9953410455715973,0.5827356258966448
2008-03-28,0.7471360451071575,0.5654922469331385
2008-03-29,0.6990889864158958,0.8342760652385299
2008-03-30,0.510516188065702,0.8782380149063361
2008-03-31,-0.09657776717397325,0.9516956979478693
2008-04-01,-0.5867390231704036,0.906947428489214
2008-04-02,-0.9124439496205441,0.8311560640805212
2008-04-03,-1.0198749224229793,0.6301297641769948
2008-04-04,-1.0233976885309521,0.11785564522753494
2008-04-05,-0.9479100907291612,-0.1565117169271043
2008-04-06,-0.905313271467949,-0.5637672825087152
2008-04-07,-0.6396075439429214,-0.6308920946835366
2008-04-08,-0.4098501139401498,-0.5788075583124609
2008-04-09,-0.3458576532348639,-0.6614562072135576
2008-04-10,-0.27025457996940616,-0.9341180834114251
2008-04-11,-0.14176453837965833,-0.8095442773687718
2008-04-12,0.042637611083676495,-0.7113189967429914
2008-04-13,0.2879592795054819,-0.5810226774013763
2008-04-14,0.6464511484748962,-0.36406653895915103
2008-04-15,0.7081020281133709,-0.12810817304451533
2008-04-16,0.7180516902143979,0.1236567633121278
2008-04-17,0.6815734082079073,0.008072967090822659
2008-04-18,0.6145565972594149,-0.11403975498205143
2008-04-19,0.26205812636352555,-0.09012537822103256
2008-04-20,0.20840585984618779,0.1299699550685858
2008-04-21,0.2025467609436219,0.18022750345717212
2008-04-22,0.10209657833706309,0.25171281501219084
2008-04-23,0.15643364686824912,0.6731601197614965
2008-04-24,0.03198303381777422,1.0247530515016319
2008-04-25,-0.03755768132245645,1.4449629721382415
2008-04-26,-0.1107422774593467,1.4518974639176643
2008-04-27,-0.09507629534400387,1.2925671797386573
2008-04-28,-0.30466092052101706,1.1122030072481697
2008-04-29,-0.3573130563481562,1.0121157410992496
2008-04-30,0.11427193721785961,0.9879458665232203
2008-05-01,0.5621978588890798,1.0212060904125753
2008-05-02,0.7906403948500381,1.1786202838212618
2008-05-03,0.9728660769714553,1.3536476536895978
2008-05-04,0.8595283493184988,1.3490288258268857
2008-05-05,0.9414333101575988,1.347110994104772
2008-05-06,0.6675496576514447,1.2787165154068887
2008-05-07,0.30897855765418486,1.2140074675917245
2008-05-08,-0.011971909130106982,1.2654469755567561
2008-05-09,-0.17223316585421816,1.3560660652217067
2008-05-10,-0.13710536557976957,1.4644348086094854
2008-05-11,-0.20460533196051964,1.354328305667209
2008-05-12,-0.20195978434435038,1.3948419231380813
2008-05-13,-0.4988855793470765,1.3311601069611225
2008-05-14,-1.0429580745719904,1.2497732903574195
2008-05-15,-1.403952863324344,1.3693200791546638
2008-05-16,-1.5479155882916562,1.4766785719513347
2008-05-17,-1.6246471232238495,1.2606788020896795
2008-05-18,-1.8129025010274091,1.0999899014157986
2008-05-19,-2.3696237962583493,0.855099341244947
2008-05-20,-2.562833984404619,0.4640008243228862
2008-05-21,-2.503821596082498,-0.11887277854271441
2008-05-22,-2.3344032222400717,-0.5577008358929533
2008-05-23,-2.2034042122669595,-0.9222063998744736
2008-05-24,-1.7381133192171574,-1.0264830317954392
2008-05-25,-1.2480278035396604,-1.0112500547209375
2008-05-26,-0.8581453335611184,-0.8152525489263039
2008-05-27,-0.44791261226460155,-0.8070175084207596
2008-05-28,-0.3255152280707977,-0.6582324163702606
2008-05-29,-0.5593030097185925,-0.7233689063091603
2008-05-30,-0.6193542883299553,-1.0189336721265199
2008-05-31,-0.2649674101462513,-1.3186031540971794
2008-06-01,-0.03909191553728891,-1.5376972457133178
2008-06-02,0.2095623021216199,-1.406484733430674
2008-06-03,0.498190970022072,-1.3255519458926026
2008-06-04,0.8197774353814776,-1.0816244053045392
2008-06-05,1.0815932854103496,-1.0463915823245606
2008-06-06,1.2865238948318387,-0.8146120834238748
2008-06-07,1.4551818004769175,-0.6745998259986515
2008-06-08,1.4017825306283167,-0.6126245655736338
2008-06-09,1.4202635570649664,-0.3988558318839486
2008-06-10,1.6313014199207598,-0.09422048028715366
2008-06-11,1.6451439440320583,0.14577400695585177
2008-06-12,1.4297690943910664,0.15192362192176073
2008-06-13,1.0718373540116843,0.39402895557958023
2008-06-14,1.0307954536771318,0.6128678057065381
2008-06-15,0.7537191508735217,0.8017799469247398
2008-06-16,0.27281784241745094,0.8105799192466537
2008-06-17,0.3856195925997001,0.7861375483108117
2008-06-18,0.2635692459346829,0.6557110579219262
2008-06-19,0.3074124107933436,0.44809764293714827
2008-06-20,0.2079194986212527,0.3203894371458056
2008-06-21,0.11333947337451178,0.3001157615593108
2008-06-22,-0.26181336818283685,0.20694506142683208
2008-06-23,-0.7747290759627286,0.3114714838362941
2008-06-24,-0.7435093440803532,0.42340454984867626
2008-06-25,-0.8236037982813391,0.45415824725403175
2008-06-26,-0.676321555027249,0.4624460401517908
2008-06-27,-0.5439708060130585,0.47242964780689706
2008-06-28,-0.5659399024334243,0.042899440296826005
2008-06-29,-0.6863160698141416,-0.44366056505151796
2008-06-30,-0.921196680091737,-0.5130236324754545
2008-07-01,-1.060123915687154,-0.5779634022098702
2008-07-02,-0.9876817895361302,-0.7185314858332277
2008-07-03,-0.9511330334533015,-0.7455168654815512
2008-07-04,-0.7823803165698956,-0.43888043365078416
2008-07-05,-0.7382585216682508,-0.24037487387236728
2008-07-06,-0.6900004602017574,-0.15605118108782556
2008-07-07,-0.5625075014177385,-0.22716319506538363
2008-07-08,-0.5996835894882444,-0.19449531051928245
2008-07-09,-0.686056473581446,-0.33611676522168954
2008-07-10,-0.7752279579400945,-0.5537018785994048
2008-07-11,-0.8748563588010689,-0.5262988698138074
2008-07-12,-0.7083367953868712,-0.35041263707307
2008-07-13,-0.44827793270950766,-0.2750447456519601
2008-07-14,-0.4355845619036895,-0.41262075900045253
2008-07-15,-0.16342893349474644,-0.4334579377526565
2008-07-16,0.24319334122119426,-0.49392797617385303
2008-07-17,0.29603417554694045,-0.5321486709590739
2008-07-18,0.18347551105912807,-0.6690649392732761
2008-07-19,0.2941872010573547,-0.7574593219532059
2008-07-20,0.47002980521343896,-0.4787296944489419
2008-07-21,0.39234591290318116,-0.009264415818715585
2008-07-22,0.3415359509464638,0.1803144952327899
2008-07-23,0.2989541289433821,0.35551914284333075
2008-07-24,0.08970344636989683,0.6471001522726876
2008-07-25,0.07806318765631533,0.7066369990737328
2008-07-26,0.1654860684774166,0.8666383783890236
2008-07-27,-0.11898823026999102,1.148607614448642
2008-07-28,-0.028093202206388612,1.224345424321236
2008-07-29,0.09640770431897087,1.0891366335367139
2008-07-30,0.23688094074511934,1.0967982761349846
2008-07-31,0.3604721261934129,0.9082888066559093
2008-08-01,0.5192664595840653,0.9161729689126469
2008-08-02,0.49129241566293635,0.8836734469540394
2008-08-03,0.32915146345547835,0.6463700508882027
2008-08-04,0.2658200125067701,0.27958864214265605
2008-08-05,0.142069003509329,-0.10698789467458011
2008-08-06,0.00791186004289811,-0.4821969057507622
2008-08-07,-0.15776127043578253,-0.8256536062567655
2008-08-08,-0.2588203867043872,-0.8501553976279173
2008-08-09,-0.18706154242716871,-0.7427446576879894
2008-08-10,-0.09858580713739926,-0.5743689051443749
2008-08-11,0.20419201452989383,-0.4897397614951099
2008-08-12,0.27836366411937863,-0.4794341993717941
2008-08-13,0.022123245418284955,-0.7589439155155798
2008-08-14,-0.3073551713304451,-0.9312689102378275
2008-08-15,-0.4763891688924563,-1.0370022535516819
2008-08-16,-0.6234571725366088,-1.1047137135687763
2008-08-17,-0.48710219226376544,-0.9087429832746704
2008-08-18,-0.335709529780221,-0.9221204288148163
2008-08-19,-0.030103322060096038,-0.9434372912880393
2008-08-20,-0.0009248042207893834,-1.0663564793426898
2008-08-21,0.007133994005602286,-1.2689215409685444
2008-08-22,0.10836091542974406,-1.2245522833100422
2008-08-23,0.11842788760800714,-1.2069025391487496
2008-08-24,-0.11467448621900998,-1.0816379406128571
2008-08-25,-0.21544009300361142,-1.074252125736312
2008-08-26,-0.10312700536607343,-0.9526677047885289
2008-08-27,-0.23444262053939113,-0.8303285210227933
2008-08-28,-0.19279593589478977,-0.7553089387704159
2008-08-29,-0.19489638508426704,-0.6034579015323859
2008-08-30,-0.31278097075427186,-0.5777943781306368
2008-08-31,-0.45694642592814044,-0.642069696052551
2008-09-01,-0.2981169873069711,-0.7198131843151497
2008-09-02,-0.19864639425752634,-0.604534505592111
2008-09-03,-0.21250053217627324,-0.4752307525538483
2008-09-04,0.014742684828972728,-0.30224131900454604
2008-09-05,0.3997465035943899,-0.346107268807084
2008-09-06,0.6616567302858065,-0.12135975981959012
2008-09-07,0.7175614405084411,0.1934811875227268
2008-09-08,0.7781803858528975,0.3396181754037797
2008-09-09,0.8916273721802273,0.5694823999023585
2008-09-10,0.9655466383078042,0.8510575248565199
2008-09-11,1.0057217861699534,1.0633135263944662
2008-09-12,0.8684708588106523,1.1534692575046275
2008-09-13,0.9405527848464946,1.1248661705536134
2008-09-14,1.2318912178095478,0.9289158577339336
2008-09-15,1.2243986990634994,0.7278902659633205
2008-09-16,0.9564475753316474,0.7094316019834118
2008-09-17,0.7116999982956301,0.5747219104480771
2008-09-18,0.4018849722856755,0.5834270529460646
2008-09-19,0.2576166483838852,0.735770258141301
2008-09-20,0.27226216927511787,0.8734381179393818
2008-09-21,0.16988708139936845,0.882635914408585
2008-09-22,0.060963803881732566,1.1173128192459287
2008-09-23,-0.2083698595224337,1.2347029541948953
2008-09-24,-0.11959734076478272,1.0788417935729493
2008-09-25,-0.391072820415657,1.0202219404518718
2008-09-26,-0.6281044890843537,0.8075368135957308
2008-09-27,-0.8848237810760327,0.7170974500992039
2008-09-28,-1.2311032037406155,0.4954178635234883
2008-09-29,-1.3084093816905908,0.1082305887880349
2008-09-30,-1.254679227989817,-0.31719038095603397
2008-10-01,-1.308267721267407,-0.5391284199411329
2008-10-02,-1.417075501078733,-0.6315639295164609
2008-10-03,-1.4697122898212245,-0.5451600381958597
2008-10-04,-1.3330413655118831,-0.6110171125342625
2008-10-05,-1.2058395950625387,-0.5177948996626083
2008-10-06,-1.0819726528447526,-0.5196150811202406
2008-10-07,-0.9780373251082937,-0.3830431603599285
2008-10-08,-0.9858724268681347,-0.6095157460324528
2008-10-09,-1.212122040294493,-0.8365794989113363
2008-10-10,-1.002639728115376,-0.8739076201180674
2008-10-11,-0.828092101535022,-0.7893993800630607
2008-10-12,-0.6793027848480288,-0.6409140600607238
2008-10-13,-0.45141888108896266,-0.6048504209757148
2008-10-14,-0.10232315556135015,-0.7109729998247809
2008-10-15,0.021216723823879735,-0.974250124616568
2008-10-16,0.210224515708333,-1.1612752464012992
2008-10-17,0.4024010489414123,-1.302363476035356
2008-10-18,0.6323535804770489,-1.448497052117452
2008-10-19,0.9226427337382823,-1.3759222429497204
2008-10-20,1.2630973791351419,-1.4561514723905655
2008-10-21,1.4754366308118092,-1.5143530900579274
2008-10-22,1.6267903811895994,-1.2082802917385955
2008-10-23,1.8396899968816445,-0.791467801713753
2008-10-24,2.0095824650455896,-0.2997959524237212
2008-10-25,2.0350402895264352,0.11705741017507988
2008-10-26,1.7494928294753584,0.3002615413429505
2008-10-27,1.484564520427466,0.39817723224193363
2008-10-28,1.460456016159281,0.7127574649076723
2008-10-29,1.2263562643659804,0.9165440716073149
2008-10-30,0.7554155180249145,0.8250258816025827
2008-10-31,0.27196844424674915,0.770645123727023
2008-11-01,-0.3483459853511115,0.559925209344796
2008-11-02,-0.6171414337402977,0.2158156841023639
2008-11-03,-0.8270683239115856,-0.07507174429764608
2008-11-04,-0.9002222807022358,-0.4686004925878717
2008-11-05,-0.7163296827262263,-0.7146221617779824
2008-11-06,-0.5496906254048118,-0.6941191535366021
2008-11-07,-0.20657234977745534,-0.5707140685148951
2008-11-08,0.07877038699932293,-0.41936140949242356
2008-11-09,0.4097114420689574,-0.21304415260021475
2008-11-10,0.7322857819061189,-0.26651559414275244
2008-11-11,0.8242731777797767,-0.3071221499031835
2008-11-12,0.9281059252380557,-0.11034655939352318
2008-11-13,0.6654098647485044,0.19189772022915397
2008-11-14,0.7727050548812645,0.32337224853089136
2008-11-15,0.6949041878540101,0.3754313201439256
2008-11-16,0.6230761682139069,0.5234526018055029
2008-11-17,0.5014339203999515,0.33358073549468764
2008-11-18,0.3333806942714842,0.2603232549454404
2008-11-19,0.5746449203045926,0.13423181187496278
2008-11-20,0.9447584337675995,0.07750709071117388
2008-11-21,1.074559609784223,0.5782396128643192
2008-11-22,1.2392911193113694,1.0573190167637478
2008-11-23,0.9499056067401016,1.2412010570482006
2008-11-24,0.502598248020541,1.2395672889469376
2008-11-25,0.29358481086076393,1.3946437299146062
2008-11-26,0.13058347481044394,1.2913069385153433
2008-11-27,-0.11927880002521425,1.166315191452362
2008-11-28,-0.5068022216036626,1.2935730780132668
2008-11-29,-0.7787317286075994,1.2013933624521123
2008-11-30,-0.8806035445889007,1.1185099016112539
2008-12-01,-0.75313390366839,1.0540972361051575
2008-12-02,-0.4653576729716279,0.9660185459893901
2008-12-03,-0.4016052588356373,0.905515051206857
2008-12-04,-0.42335953849274865,0.6388068480817153
2008-12-05,-0.4494549105149092,0.2918959103080112
2008-12-06,-0.27787577189839047,0.14319496947280974
2008-12-07,-0.1963306986336562,0.08262713976393332
2008-12-08,-0.27532656056797333,-0.1371338932993595
2008-12-09,0.06764571557948951,-0.20275655847680363
2008-12-10,0.36572088380907036,-0.08320404405206784
2008-12-11,0.3170211258009994,0.020571448191676014
2008-12-12,-0.03208196974924634,0.17261866903566472
2008-12-13,-0.3147264926913289,0.4063659459487085
2008-12-14,-0.5824645977631842,0.21344676927929412
2008-12-15,-0.7323809769395991,0.27457009158626355
2008-12-16,-0.9754752713042715,0.4604753014461974
2008-12-17,-1.2380622042427203,0.46176261317840167
2008-12-18,-1.2239408107229137,0.17354409936049234
2008-12-19,-0.9302270846299233,-0.14345131338017164
2008-12-20,-0.36839905587833316,-0.4642260837744756
2008-12-21,-0.1241902536082783,-0.5979160155003348
2008-12-22,0.12037367820806885,-0.5953786988560563
2008-12-23,0.2542988030642587,-0.5953050137132558
2008-12-24,0.6957062752272744,-0.6145807866992508
2008-12-25,1.1271265543923188,-0.47208328838789293
2008-12-26,1.2510944339627206,0.1780827615431203
2008-12-27,1.1326541724305188,0.6212957514659644
2008-12-28,0.7268300573885222,0.56863208804628
2008-12-29,0.42518720307146035,0.5910095373325933
2008-12-30,0.30346634509358966,0.7089187589141658
2008-12-31,0.2659933800243526,0.7180415204638678
2009-01-01,0.010402976311071573,0.3792326316279551
2009-01-02,-0.0433126691962177,0.2333848248402123
2009-01-03,-0.1736356537040318,0.3429122126849605
2009-01-04,-0.21381941684126746,0.10259442675256175
2009-01-05,-0.3336071914536236,0.05350232405848953
2009-01-06,-0.37091091943928806,0.13843647419592608
2009-01-07,-0.46385205945289687,0.48983165511521637
2009-01-08,-0.5445174589338506,0.5288731734708003
2009-01-09,-0.26618325123034553,0.4836518859865065
2009-01-10,-0.2801784368314767,0.45903520445819357
2009-01-11,-0.45911624548451513,0.6044146545294111
2009-01-12,-1.0314198947577944,1.0561264484111266
2009-01-13,-1.5989252182768423,1.0673544489887676
2009-01-14,-1.8982393153776933,0.9380576471118288
2009-01-15,-2.1745582965208823,0.566691460291343
2009-01-16,-2.4706359780867437,-0.1314828474742001
2009-01-17,-2.550406390579902,-0.6920705868978368
2009-01-18,-2.331642462319129,-0.9886961790691488
2009-01-19,-1.866813731521712,-1.331910458450707
2009-01-20,-1.3021368584832798,-1.505649158773591
2009-01-21,-0.8182366069359995,-1.843475387159601
2009-01-22,-0.6140357368783198,-1.9260947932603192
2009-01-23,-0.2868726791856456,-1.828063208705649
2009-01-24,0.036321450518530196,-1.818726729896956
2009-01-25,0.3867669477139198,-1.786591098037604
2009-01-26,0.6626538155712345,-1.6004086855393072
2009-01-27,0.7732291909237491,-1.5704900049349042
2009-01-28,0.8224929379529433,-1.3825869895877327
2009-01-29,0.7283916788226569,-1.2770060667437426
2009-01-30,0.8140764951499208,-1.012437759296265
2009-01-31,1.0138485798942585,-0.5321458457516526
2009-02-01,1.1857767588630193,-0.20931441793030744
2009-02-02,1.2777616582063533,-0.07096881373397483
2009-02-03,1.2695629102174657,0.11860137291091943
2009-02-04,1.4070457870258808,0.6335827090584228
2009-02-05,1.4135968204731135,0.9032727329809176
2009-02-06,1.2447211085671541,0.6747556487126474
2009-02-07,1.0368268272086714,0.8066524796182123
2009-02-08,0.8153467754535029,0.9824394547295023
2009-02-09,0.5351975968559027,0.8584222853829381
2009-02-10,0.43169092866440606,0.8065368079920879
2009-02-11,0.4074960964612272,0.962333642586299
2009-02-12,0.4281151493824886,1.1554815074519236
2009-02-13,0.11429150960150679,0.9395672810994179
2009-02-14,0.16919347743368068,0.7292064537048124
2009-02-15,0.06386557762743389,0.6417188435464596
2009-02-16,-0.046666010203521395,0.717619580683758
2009-02-17,-0.21739449930042917,0.6206678242650501
2009-02-18,-0.2298097780092768,0.5080086451629806
2009-02-19,-0.4355554408846727,0.5010394405232744
2009-02-20,-0.35459778483031873,0.49356634286438394
2009-02-21,0.010663148213818429,0.27577163841073216
2009-02-22,0.2621236885588665,-0.16375280779398163
2009-02-23,0.4239971317891944,-0.3779134223911975
2009-02-24,0.8578910386315439,-0.5295810601976362
2009-02-25,1.181826365864852,-0.39520114544319596
2009-02-26,1.2289434235859473,-0.07592467444580663
2009-02-27,1.364959168668269,0.16335987862761964
2009-02-28,1.312328435765308,0.277919390035699
2009-03-01,1.167877906759184,0.3036758339970287
2009-03-02,1.0708094983798517,0.46066053918960453
2009-03-03,1.0224761627823216,0.48666572258009905
2009-03-04,0.9418430093850833,0.4262980552498253
2009-03-05,0.679914098897907,0.33828030272487297
2009-03-06,0.7356784212448416,0.44338179362276564
2009-03-07,0.5862397557554769,0.3914980812620598
2009-03-08,0.39659206910169675,0.51171971188402
2009-03-09,0.16274240124673445,0.5186192198272181
2009-03-10,-0.1847607068647147,0.42288377633507457
2009-03-11,-0.6210339394654134,0.21505667882130622
2009-03-12,-0.8854680589485511,0.05466175019472633
2009-03-13,-0.8606470897482524,-0.024826331674534994
2009-03-14,-0.5948862261513428,-0.08983026211836515
2009-03-15,-0.3243664181258926,0.025565800558337046
2009-03-16,-0.2342044558418355,0.23741122126025932
2009-03-17,0.047524408862257325,0.5270225595311334
2009-03-18,0.5485687700308388,0.7670765432835011
2009-03-19,0.8277015506979407,0.8692245715555437
2009-03-20,0.7205436434796596,1.0872890173892455
2009-03-21,0.5311877147841348,1.164021230002206
2009-03-22,0.3981570244949568,0.9672875424568205
2009-03-23,-0.051620119651631186,1.0282888587079684
2009-03-24,-0.5096799312449892,0.7246780585751198
2009-03-25,-0.8965711895626146,0.16675676305974507
2009-03-26,-1.4034419092046588,-0.18050862767643308
2009-03-27,-1.7922967766919418,-0.2811381495278262
2009-03-28,-2.0109204245899415,-0.6092837911975855
2009-03-29,-2.27711141788803,-0.9734815481403724
2009-03-30,-2.3977384125729144,-1.4255135550267475
2009-03-31,-2.397847228921589,-1.8983295642404199
2009-04-01,-2.1463656311374426,-2.408486795098158
2009-04-02,-1.6344438062257898,-2.6384626191930365
2009-04-03,-1.0133304511609267,-2.584650674033407
2009-04-04,-0.3706636150680542,-2.6175965620201533
2009-04-05,0.06722355564128721,-2.563163405755625
2009-04-06,0.5044701287838768,-2.7181804916350782
2009-04-07,0.5187004483617129,-2.9413070214409043
2009-04-08,0.6865201851067055,-2.8276359548433323
2009-04-09,0.9055339904373736,-2.7236620086811643
2009-04-10,0.9749841831620932,-2.6789909105492313
2009-04-11,1.189067672971188,-2.482828731793163
2009-04-12,1.6165454654549065,-2.139440538363357
2009-04-13,1.9705727554490935,-1.7172584487936453
2009-04-14,2.4054827905248493,-1.0431232869059963
2009-04-15,2.7304672461838804,-0.5117814572958116
2009-04-16,2.5766615978535574,0.10251077539809207
2009-04-17,2.3014317397878976,0.6602743667385541
2009-04-18,2.270894507209784,1.0672515902562738
2009-04-19,2.2194015256725277,1.220721351497134
2009-04-20,1.9195287656567115,1.241456130872421
2009-04-21,1.58360161497935,1.2478089166167108
2009-04-22,1.38612016968641,1.6022316462250317
2009-04-23,1.032229087570227,1.802287133439014
2009-04-24,0.6611218562121283,1.8489294770561526
2009-04-25,0.08755578819946361,1.8353329819216104
2009-04-26,-0.3993129498050709,1.4973778407790714
2009-04-27,-1.0019671343507486,1.15961026360783
2009-04-28,-1.3464058763591509,0.5732015237022265
2009-04-29,-1.4735011712051769,0.21152856967443479
2009-04-30,-1.6292037312188201,0.26318367549234595
2009-05-01,-1.908484261328778,0.09981870203491273
2009-05-02,-1.8067666002235798,-0.07657980009634392
2009-05-03,-1.5965186463247865,0.04024930926218662
2009-05-04,-1.4591741523706379,-0.12794269538439215
2009-05-05,-1.1900868336784962,-0.018459800143757733
2009-05-06,-0.930366293861144,0.003816022337208446
2009-05-07,-0.789358122684493,-0.09460460795815903
2009-05-08,-0.7152578663826464,-0.3648049578277591
2009-05-09,-0.6132991974971884,-0.6028909086077204
2009-05-10,-0.6484439643083632,-0.7797005040757408
2009-05-11,-0.5258672005293986,-0.6947784623680734
2009-05-12,-0.37591804348832353,-0.6720830243317513
2009-05-13,-0.35133738304230916,-0.5690716387202885
2009-05-14,-0.260890979371281,-0.33282041530750706
2009-05-15,-0.1879562663958094,-0.19642880630971998
2009-05-16,0.16190145775685166,0.08418041162132125
2009-05-17,0.33635121995791184,0.4745162477717623
2009-05-18,0.4799134325965114,0.835072023980832
2009-05-19,0.1599805405402289,0.9386722130687497
2009-05-20,0.053112149675090814,1.0335625014415029
2009-05-21,-0.24032114372018962,0.9320657730045171
2009-05-22,-0.4907157769413221,0.8700678669328751
2009-05-23,-0.3542147438572034,0.5072126668741274
2009-05-24,-0.2574530211500612,0.3372766943085717
2009-05-25,-0.005233559060063591,0.37356398755345627
2009-05-26,0.04357637010248158,0.47746826560503247
2009-05-27,0.03901694939624516,0.4974565887193321
2009-05-28,0.3342587452102372,0.6073327063038955
2009-05-29,0.46342383958964994,0.7157253377553255
2009-05-30,0.43961174910227613,0.8718530535747001
2009-05-31,0.5577703394664022,0.9827011264843296
2009-06-01,0.46914285015419205,1.1729044831343354
2009-06-02,0.3262010978565142,1.339170127820773
2009-06-03,0.19074978127277398,1.32565563196599
2009-06-04,0.03645677989346973,1.2911617831983235
2009-06-05,0.10754174783103328,1.2600482607744674
2009-06-06,-0.14903513410458755,1.3361123868114786
2009-06-07,-0.41395455297648115,1.4727516488804393
2009-06-08,-0.7436053047907452,1.4879615069059156
2009-06-09,-0.988364919803031,1.110193214695136
2009-06-10,-1.1033815460727083,0.6757137997291183
2009-06-11,-1.4379687828090706,0.2308521559780406
2009-06-12,-1.7230921830117745,0.012807493520002537
2009-06-13,-1.6515773280692092,-0.14326335628326534
2009-06-14,-1.5073493455237466,-0.31121884170144537
2009-06-15,-1.3026394311292968,-0.33130562729039165
2009-06-16,-1.0767588516558226,-0.2537102928249484
2009-06-17,-1.0105184345266005,-0.16616427518990648
2009-06-18,-0.8964133558743815,-0.08035119993839876
2009-06-19,-1.0169805037271546,-0.10634442302243825
2009-06-20,-0.8823925214663658,-0.10633827787250334
2009-06-21,-0.5081467943115507,-0.33207063545027937
2009-06-22,-0.2540485137721029,-0.4003687343225089
2009-06-23,-0.16946648487296392,-0.419512507078435
2009-06-24,-0.22858630815867878,-0.56562192593599
2009-06-25,-0.16869998839411232,-0.5544860396244468
2009-06-26,-0.1589326817047928,-0.6442045421703485
2009-06-27,-0.24818902596108494,-0.6010909113368011
2009-06-28,-0.14293015807875833,-0.5297387662315386
2009-06-29,0.14775000569644772,-0.7950339827130305
2009-06-30,0.27206513692563694,-0.8652710973314837
2009-07-01,0.4469332902899299,-0.7858620901446295
2009-07-02,0.5002248786381697,-0.7247193144344151
2009-07-03,0.43091716202002717,-0.7333761682862314
2009-07-04,0.3221352282921941,-0.7980285289310003
2009-07-05,0.3660141982666989,-0.739838217305636
2009-07-06,0.2959831185837566,-0.5507815079240113
2009-07-07,0.04122047018363863,-0.41595318443081525
2009-07-08,0.11614942524612129,-0.3772038883511629
2009-07-09,0.431131653995122,-0.5969243339927861
2009-07-10,0.64174988054859,-0.7087153549702186
2009-07-11,0.7384939136197598,-0.663218652449939
2009-07-12,0.8827338446930606,-0.4394114384014848
2009-07-13,1.0223675946395059,0.02094275364712593
2009-07-14,1.0897126177423033,-0.012500554479664982
2009-07-15,0.999461423706829,-0.06196245255684204
2009-07-16,1.0232810031669233,0.19480193396606635
2009-07-17,0.8699796826109955,0.0984594110570525
2009-07-18,0.677767018321467,-0.14416563705720334
2009-07-19,0.6977002952564898,-0.11860479266049767
2009-07-20,0.8033326555456011,0.20223324858033517
2009-07-21,0.6650756564225797,0.18769770626805002
2009-07-22,0.6251146089820796,0.1546808519145201
2009-07-23,0.5267120949545759,0.21683931372774437
2009-07-24,0.3338624143636477,0.2602671659370461
2009-07-25,0.2822025197335998,0.35595544141322993
2009-07-26,0.24426911829431988,0.4705926746940508
2009-07-27,0.20832958999954523,0.6095333419515739
2009-07-28,0.3875677383632937,0.6799625300001259
2009-07-29,0.29526807440769115,0.7633688183058659
2009-07-30,-0.0007801942684358769,0.8582565441491257
2009-07-31,-0.08768830355901677,0.8240045651885355
2009-08-01,-0.21148099368811482,1.05854850649552
2009-08-02,-0.3603401182811167,1.2586595807106133
2009-08-03,-0.4640854369498848,1.5692687017244482
2009-08-04,-0.24084183730897663,1.580349061710532
2009-08-05,-0.19937263070904593,1.3290717431565158
2009-08-06,-0.32991961975777495,1.338689712558976
2009-08-07,-0.3853228543296481,1.160805381724347
2009-08-08,-0.2902806896898294,0.9980263382139439
2009-08-09,-0.3245344815451608,0.5163280210919192
2009-08-10,-0.452620971273177,-0.08508480143649513
2009-08-11,-0.7461616215172354,-0.3465046954165361
2009-08-12,-0.9668115345477224,-0.5934671341714136
2009-08-13,-1.1737046845227104,-0.9965538272146678
2009-08-14,-1.3045491910463125,-1.4360975944820984
2009-08-15,-1.2038005957151443,-1.532073057760059
2009-08-16,-1.1044471818683987,-1.472638495380654
2009-08-17,-0.9991930056794536,-1.2451028445267256
2009-08-18,-1.0680779856680078,-1.0273275636581276
2009-08-19,-1.22963652120203,-0.7929723852922436
2009-08-20,-1.3733106129932813,-0.6315412563924778
2009-08-21,-1.3388722127082981,-0.6421795607369214
2009-08-22,-1.3890074955243947,-0.6728935928275783
2009-08-23,-1.2757790016393626,-0.46419130199001896
2009-08-24,-0.8300619338260363,-0.4251837461402071
2009-08-25,-0.5724387748735634,-0.4555910623166493
2009-08-26,-0.5826583079004858,-0.5473213863487193
2009-08-27,-0.604631813882334,-0.3622299233129535
2009-08-28,-0.3637559014589832,-0.3718654925323253
2009-08-29,-0.13263493518545508,-0.443448785069753
2009-08-30,0.1884112116300251,-0.22563028549066347
2009-08-31,0.4663085287023622,-0.045575315782850574
2009-09-01,0.6196463238492276,-0.23987324990751513
2009-09-02,0.994877995635144,-0.30759633636723144
2009-09-03,1.2916203244354414,-0.05954230403729287
2009-09-04,1.5595942000321592,0.39400500423467544
2009-09-05,1.5734144048419525,0.5767716332153894
2009-09-06,1.5300478455864879,0.6285909647372041
2009-09-07,1.4970611318534983,0.7571691485495847
2009-09-08,1.47283595841231,0.8858193505449102
2009-09-09,1.1446429671357226,0.8871228034324545
2009-09-10,0.7692886934165553,0.9234450759588799
2009-09-11,0.5796376276693249,0.7207963835396852
2009-09-12,0.4081542445398985,0.21377169984385616
2009-09-13,0.320168995471336,-0.18477063346537997
2009-09-14,0.32622056317987674,-0.39807212189518937
2009-09-15,0.5016098903066096,-0.5137988657954872
2009-09-16,0.7024501938861545,-0.16321931108718896
2009-09-17,0.9534610087799316,0.08607895608104817
2009-09-18,0.9518146621159085,0.46204732105729795
2009-09-19,1.0466862851027334,0.7195423613656895
2009-09-20,1.1590411689540143,0.970372959092928
2009-09-21,1.2918477687289562,0.8500483758908977
2009-09-22,1.3317612025647152,0.9646791200815045
2009-09-23,1.481284713142747,1.1868571336496532
2009-09-24,1.2210671572209137,1.0932174757583422
2009-09-25,0.991773109770804,1.0504505170900569
2009-09-26,0.8834832479951773,0.8932222188503245
2009-09-27,0.8772113866921709,1.0529215286889768
2009-09-28,0.9131478051825549,1.190155186409772
2009-09-29,0.9059105807579245,1.025555011104769
2009-09-30,0.8407237134466747,0.8942537251694075
2009-10-01,0.7905555984271281,0.747692533507186
2009-10-02,0.9161513330106746,0.6105799966320564
2009-10-03,1.0410302735893675,0.6212979936006165
2009-10-04,1.0334757967446317,0.6056529872569332
2009-10-05,1.053823244353157,0.40736704489435166
2009-10-06,0.8414744105067893,0.3211506864381853
2009-10-07,0.5652223650835975,0.3159735968655253
2009-10-08,0.16945166710615311,0.48877207515769294
2009-10-09,-0.28595613469834813,0.5412531996240236
2009-10-10,-0.6757345184553214,0.6331681214838483
2009-10-11,-0.8190430361457602,0.8116221426395823
2009-10-12,-0.730638350144624,0.7991477450041176
2009-10-13,-0.8946153664729276,0.756511576499648
2009-10-14,-1.1477927695939516,0.7437045282548295
2009-10-15,-1.314146516749685,0.7431685554227144
2009-10-16,-1.161504511264754,0.36769630199695563
2009-10-17,-1.2063035613884059,0.04226833778448701
2009-10-18,-1.2938428884740447,-0.030275514887242935
2009-10-19,-1.3042753218961203,-0.23946216012005234
2009-10-20,-1.255181457470746,-0.5525230021896752
2009-10-21,-1.2640518483530787,-0.7318214491486366
2009-10-22,-1.2060064543684612,-0.6936651206388187
2009-10-23,-1.3527307188192155,-0.5598248447918388
2009-10-24,-1.494742641055068,-0.36077073370454316
2009-10-25,-1.5171321899786336,-0.14177446209851272
2009-10-26,-1.707558462969683,-0.2313773967644673
2009-10-27,-1.8386892044704362,-0.5121354614359314
2009-10-28,-2.041333725943789,-0.8185802916213105
2009-10-29,-2.088710943191944,-1.0695082623957215
2009-10-30,-2.0098727394905254,-1.137628907282356
2009-10-31,-1.968355290336634,-1.2465604662492824
2009-11-01,-1.9028434482932233,-1.2593853356462004
2009-11-02,-1.798313335703726,-1.569265578426007
2009-11-03,-1.6728859008405066,-1.7116106123107921
2009-11-04,-1.1260775472382396,-1.9520300441375849
2009-11-05,-0.4566183736578834,-2.0596841339258347
2009-11-06,0.17751217772221178,-1.9576394969138955
2009-11-07,0.5738138482223557,-2.0154381324419983
2009-11-08,1.0450139356876331,-2.1276983817656427
2009-11-09,1.3559502871427622,-2.0040744526307495
2009-11-10,1.4717689969751542,-1.6526098915585998
2009-11-11,1.3839503394020227,-1.5862998556865944
2009-11-12,1.181098251913267,-1.5035677992437373
2009-11-13,1.180180946335457,-1.2515659369805534
2009-11-14,1.3802491754983637,-0.9969599906806569
2009-11-15,1.4263891453932251,-0.730370536103474
2009-11-16,1.4765295662470677,-0.4124981601768339
2009-11-17,1.6322450517116398,-0.14222740755026364
2009-11-18,1.5373654572504682,0.0022837437983314122
2009-11-19,1.4210375191759335,0.2967681075750881
2009-11-20,1.3163955078403562,0.582551229121781
2009-11-21,1.222292844983532,0.8435588845041772
2009-11-22,0.8928021299853025,1.0329386056005059
2009-11-23,0.2559204968768395,1.2211878714331066
2009-11-24,-0.011019017576742696,1.3962885397286922
2009-11-25,-0.07453294567277279,1.706718083684368
2009-11-26,-0.2869063246037942,1.7971256398098925
2009-11-27,-0.38981748790668547,1.6559557111873096
2009-11-28,-0.3024075347063006,1.5612932026741602
2009-11-29,-0.09819528106086681,1.5730091483095217
2009-11-30,-0.22926215826675303,1.4676705593079031
2009-12-01,-0.6158362332238633,1.2566974893402465
2009-12-02,-0.7829349699389732,0.8218931750750224
2009-12-03,-0.7544062092273063,0.38718615816542834
2009-12-04,-0.8379805388689997,0.08261196947213097
2009-12-05,-0.7873852701707901,-0.1724248587801161
2009-12-06,-0.7307083021793502,-0.051820653975048425
2009-12-07,-0.812141130203075,-0.15577271602015305
2009-12-08,-0.8390877147730857,-0.15945632419164507
2009-12-09,-0.7072683420286295,-0.35248949049358014
2009-12-10,-0.3597169988889963,-0.5337458806711595
2009-12-11,0.0443445397745569,-0.5664101441800979
2009-12-12,0.6390314943084412,-0.5060565220805949
2009-12-13,0.8479544961275257,-0.1991944817023533
2009-12-14,0.698071046556736,0.10788496804701606
2009-12-15,0.3455813278835885,0.49782114790207604
2009-12-16,0.05117688682463994,0.8842632200966786
2009-12-17,-0.29347604377675074,1.1099515117067282
2009-12-18,-0.8573197127569537,1.0457338273370222
2009-12-19,-1.4859611924771579,0.8205820766141124
2009-12-20,-1.835215150309477,0.3977033197236992
2009-12-21,-1.8067050917868401,0.05155900673422045
2009-12-22,-1.6565360710505614,-0.4711958976364193
2009-12-23,-1.2322171111628228,-0.8296056338613775
2009-12-24,-0.6122298844622477,-1.030425731530157
2009-12-25,0.18631418200989322,-1.3040028749404011
2009-12-26,0.974414961821927,-1.516730435072457
2009-12-27,1.391666837136149,-1.6021984023260076
2009-12-28,1.6852497343305708,-1.6480211700472358
2009-12-29,1.6801384294061097,-1.444606750566045
2009-12-30,1.7636680845874424,-1.288473776109578
2009-12-31,1.649049180895885,-1.2828766672560796
2010-01-01,1.395115838277014,-1.1442044880862516
2010-01-02,1.5381045624803291,-0.7781023924465722
2010-01-03,1.645444831386701,-0.6832869056589671
2010-01-04,1.637610165126519,-0.6253189997728459
2010-01-05,1.5962540778891965,-0.7099716141325828
2010-01-06,1.6076061028863744,-0.8135657754763038
2010-01-07,1.435577085548355,-0.6423917823731334
2010-01-08,1.1502786517822838,-0.5750056878991937
2010-01-09,0.9894479543443873,-0.30861442784950205
2010-01-10,1.005733140357415,-0.05017049815125196
2010-01-11,1.2385452062386122,0.11396309051032
2010-01-12,1.4061083903066245,-0.011024905059124296
2010-01-13,1.0778508169615193,-0.2877702656045492
2010-01-14,0.8770128639648458,-0.4368993440851725
2010-01-15,1.1292799115021548,-0.3868465904494512
2010-01-16,1.2999499134284556,-0.24947770736391076
2010-01-17,1.5118610673823496,-0.15341121431046323
2010-01-18,1.4533814100578721,0.1899255064353357
2010-01-19,0.975591066728488,0.533131194008623
2010-01-20,0.6945886210232758,0.9386575160201482
2010-01-21,0.25172114705048154,0.9498453601629199
2010-01-22,-0.4553268966082142,0.713617913090953
2010-01-23,-0.7618895075757767,0.9358994566352542
2010-01-24,-1.111702586895443,1.2547350051332877
2010-01-25,-1.2288905505244903,1.3393265649579806
2010-01-26,-1.218001495032822,1.4008058199553213
2010-01-27,-1.1606125952507333,1.4145007389038569
2010-01-28,-1.0538467883325617,1.3436432549143988
2010-01-29,-1.0856161041392636,1.2253187930385443
2010-01-30,-0.9321278600657098,1.2567063062314483
2010-01-31,-0.7596653150595182,1.3765454371853771
2010-02-01,-0.7687212450099439,1.2583476687835542
2010-02-02,-0.9713419282110363,1.003634073017139
2010-02-03,-1.1940780689919057,0.8447090024449211
2010-02-04,-1.4232974556196762,0.620687406966416
2010-02-05,-1.4981259706207803,0.5465145807387041
2010-02-06,-1.6580668651955448,0.6697783226098726
2010-02-07,-1.968525707342012,0.4160748779357716
2010-02-08,-2.1424046670772046,-0.047622786536942664
2010-02-09,-2.1902687896321784,-0.2943346414761813
2010-02-10,-2.0712322475819165,-0.5661670944232033
2010-02-11,-2.0341769751626226,-0.640139890733013
2010-02-12,-2.0504931422616886,-0.5714546587040292
2010-02-13,-1.8478743446664092,-0.5283945160973027
2010-02-14,-1.4473853132928343,-0.32389953927080106
2010-02-15,-1.0095262266555622,-0.2702430020510417
2010-02-16,-0.362270746268821,-0.14377083277321503
2010-02-17,0.2393827588618383,-0.05945370123559432
2010-02-18,0.5072238390833993,0.2063656383800594
2010-02-19,0.36529920799850063,0.45477493045574136
2010-02-20,0.21919015714480763,0.7102422723494293
2010-02-21,-0.25137729357400224,0.6379447503830085
2010-02-22,-0.6019905985836403,0.45286172566886135
2010-02-23,-0.8609794651876187,0.29460686843970685
2010-02-24,-0.8335807888128705,0.28656934582300303
2010-02-25,-0.8245527760339373,0.2499880443843189
2010-02-26,-0.8784679417758869,-0.15852186339826851
2010-02-27,-0.8703641796781338,-0.5175943090361916
2010-02-28,-0.5246833270357871,-0.8302769651549123
2010-03-01,-0.2663230997692009,-0.8378950404109873
2010-03-02,-0.015149701809339345,-0.9479888459371815
2010-03-03,0.003760714495686016,-1.0633942898768272
2010-03-04,0.11267965890461717,-0.8843997242702919
2010-03-05,0.2950015821599182,-0.6417612056283118
2010-03-06,0.34264140056063613,-0.6064985189854551
2010-03-07,0.36729729215247237,-0.44170451307497055
2010-03-08,0.34983531992680855,-0.20412238103923624
2010-03-09,-0.068629940602965,-0.18536885182918955
2010-03-10,-0.6171213344546288,-0.35786795084146944
2010-03-11,-0.9477863556010143,-0.43876196834042314
2010-03-12,-1.1710430022081255,-0.2998827352050814
2010-03-13,-0.9784937398331607,-0.5062903771584901
2010-03-14,-0.6551599673002438,-0.7683108989486839
2010-03-15,-0.6902894754698914,-1.0612372909915688
2010-03-16,-0.6562412903204037,-1.2761571623293784
2010-03-17,-0.6220129351750879,-1.552701410807533
2010-03-18,-0.39755942551905665,-1.4017311916571846
2010-03-19,-0.04444402830682049,-1.3061648902427336
2010-03-20,0.33319288442915745,-1.1943413432618215
2010-03-21,0.6424540857590059,-0.8741102794829997
2010-03-22,0.9305842213521495,-0.5147828569781334
2010-03-23,1.1852209211150653,-0.4931185029064991
2010-03-24,1.5023903736186783,-0.582148798303751
2010-03-25,1.667487853964504,-0.7548724033603916
2010-03-26,1.7536447399258208,-0.5957382128202149
2010-03-27,1.7442219503662217,-0.26552367585542525
2010-03-28,1.77312595655386,0.014359580670834579
2010-03-29,1.63974020796547,0.4380231945088802
2010-03-30,1.5940911376185365,0.7035505238117594
2010-03-31,1.5067034660861718,1.097986183200604
2010-04-01,1.1777367448964557,1.4957930089500016
2010-04-02,0.8302274155958989,1.8290438705641734
2010-04-03,0.3996251688963614,1.924555139291379
2010-04-04,-0.07555352917926038,1.902981424736998
2010-04-05,-0.37695860738344333,1.8156158058066747
2010-04-06,-0.5616137364112265,1.6394199393032618
2010-04-07,-0.7328771457764377,1.4571240070267752
2010-04-08,-0.750491176418367,1.244332835353044
2010-04-09,-0.7173480361103258,1.0370300662739425
2010-04-10,-0.5833540380731433,0.8284215415311891
2010-04-11,-0.585101114373133,0.786580299691765
2010-04-12,-0.3209140318221169,0.6921793045565073
2010-04-13,-0.12911938279242585,0.7126946688068354
2010-04-14,-0.0872668968781472,0.5834186671135279
2010-04-15,0.18483439087199724,0.4358482632135231
2010-04-16,0.3964302481761723,0.31460337713207087
2010-04-17,0.6280547758026312,0.21396374532271015
2010-04-18,0.6098764479989278,0.23471802738180095
2010-04-19,0.5714060247968844,0.22338934324555415
2010-04-20,0.49347834396658563,0.30032663529948256
2010-04-21,0.23556361380554985,0.7014900743071991
2010-04-22,-0.15500091701338542,0.8024273223022323
2010-04-23,-0.18251134260703017,0.5495837776319612
2010-04-24,-0.23950580591084783,0.33771550306175735
2010-04-25,-0.5147349513376152,0.2182755862341044
2010-04-26,-0.8687534585434906,0.055619765905180266
2010-04-27,-1.281741905745125,-0.278006904272441
2010-04-28,-1.5990710284912455,-0.49413714820291954
2010-04-29,-1.5411143222201662,-0.6964280522029442
2010-04-30,-1.2922666246955197,-1.0829434675928369
2010-05-01,-1.3178431409074454,-1.6579518749469282
2010-05-02,-1.0953437827045793,-1.9469949993019475
2010-05-03,-0.49660435418514004,-1.7945543727103426
2010-05-04,0.046549626997824854,-1.6282805042386508
2010-05-05,0.46027300902921375,-1.5572929753097768
2010-05-06,0.8174211920374851,-1.1451433349813083
2010-05-07,1.1122590353142507,-0.6244102918200717
2010-05-08,1.1641332833065934,-0.3369684945022106
2010-05-09,1.0715688690881515,-0.018024847730085416
2010-05-10,1.1619659268069846,0.39718751162103794
2010-05-11,1.0958648593600964,0.5134075470903832
2010-05-12,0.9140004608345463,0.6401892751035735
2010-05-13,0.68764178001882,0.7280788951917384
2010-05-14,0.5370548182331957,0.7838671134479709
2010-05-15,0.6769573560083467,0.8391221036951585
2010-05-16,0.700013500467495,0.9650630335702792
2010-05-17,0.576524630824298,1.2794548982420122
2010-05-18,0.3390258354500679,1.5007417607609077
2010-05-19,0.09312429452917106,1.5605211884376455
2010-05-20,-0.021093774318265056,1.558980701291933
2010-05-21,-0.1001488882997074,1.5991907443134938
2010-05-22,-0.002410456261047724,1.46763416546405
2010-05-23,-0.1775344088826147,1.5659131513936493
2010-05-24,-0.19529059372477744,1.5331911104032765
2010-05-25,-0.49468046351746336,1.3098692552766251
2010-05-26,-0.7226512637259197,1.0655285841015871
2010-05-27,-0.7874569821004065,0.5302926434175895
2010-05-28,-0.8086140844789595,0.07988373932781884
2010-05-29,-0.9315731449113375,-0.08589879970918056
2010-05-30,-0.9790954886864528,-0.24899286045142258
2010-05-31,-0.8148399793526586,-0.24565330904170485
2010-06-01,-0.5370537584038447,-0.2185859509792942
2010-06-02,-0.3134889451828946,-0.12527606022458088
2010-06-03,-0.17703472617216753,0.057354150549853385
2010-06-04,0.05657480904858348,0.04725570935162754
2010-06-05,0.21500408482996725,-0.06123822199953803
2010-06-06,0.266754498163325,-0.14500496651414713
2010-06-07,0.40937734254982105,0.03494584644704399
2010-06-08,0.5734149399592552,0.1406779707665699
2010-06-09,0.473195998686484,0.032110158420890475
2010-06-10,0.23248281123877612,0.056542129740032726
2010-06-11,0.1938988233212135,0.13667953845497602
2010-06-12,0.2792530578257231,0.19664500265564916
2010-06-13,0.3649767759742541,0.20846801252921388
2010-06-14,0.5085814456099536,0.13171215016814608
2010-06-15,0.7079626584596375,0.01795388877669778
2010-06-16,0.5807651749150674,-0.25614380823192506
2010-06-17,0.11102366730435087,-0.5448347703355005
2010-06-18,0.06939739388893576,-0.8712736006366388
2010-06-19,0.1834709593507251,-1.1358605442558025
2010-06-20,0.5748238953291254,-1.3340737117024153
2010-06-21,0.6752341788313323,-1.4090960682584872
2010-06-22,0.828680845510452,-1.2786552823624393
2010-06-23,0.6061852811444325,-0.8759227982090587
2010-06-24,0.39544418588865776,-0.5627903740932114
2010-06-25,0.1799112404767657,-0.46220394272534726
2010-06-26,0.30674639625650846,-0.28944138611300774
2010-06-27,0.32389340720197896,-0.4819889886535164
2010-06-28,0.20362783180836183,-0.4604405929135935
2010-06-29,-0.035895702984431184,-0.33154333834508093
2010-06-30,-0.3344960350554075,-0.3664997675153816
2010-07-01,-0.42850049942984547,-0.437387344095925
2010-07-02,-0.5660961752006246,-0.6432944705380315
2010-07-03,-0.4888469178319614,-0.8348748382681024
2010-07-04,-0.48901069571943184,-0.7341443451398858
2010-07-05,-0.23038257455608477,-0.5451238305752741
2010-07-06,-0.2512794400013229,0.02049544983804773
2010-07-07,-0.30149233049946234,0.38278904777688416
2010-07-08,-0.3342373543293502,0.6767463713712213
2010-07-09,-0.6544790293987338,0.690145760980194
2010-07-10,-1.0790184544816692,0.5530460053318363
2010-07-11,-1.4182224491552615,0.37743609842698056
2010-07-12,-1.5140349798875978,0.008698084012347895
2010-07-13,-1.615428500807646,-0.18927660644699396
2010-07-14,-1.6957405601599844,-0.5462758609377992
2010-07-15,-1.3002167714119015,-0.9817254614324148
2010-07-16,-0.7523873870460065,-1.2997983359460143
2010-07-17,-0.37327350649305774,-1.397741185097134
2010-07-18,0.02348269051076499,-1.259558460691153
2010-07-19,0.3054408985877767,-1.134690419049804
2010-07-20,0.6862326985988766,-1.1491535898270562
2010-07-21,1.0086508443643063,-0.9975091900744295
2010-07-22,1.266371690078116,-0.8320262986904237
2010-07-23,1.283229244819405,-0.8671620167663956
2010-07-24,1.3713124390123925,-1.0406165282322097
2010-07-25,1.2855590670380548,-1.0150796301077356
2010-07-26,1.1281200274963068,-0.7550998279717337
2010-07-27,1.1468068450297588,-0.3953617019588558
2010-07-28,1.0000926663094791,-0.1395951727722184
2010-07-29,0.7670992614005672,0.3436110738729053
2010-07-30,0.6767313445516957,0.6650339272073841
2010-07-31,0.6380512945379029,0.7156679279691315
2010-08-01,0.3149634253921099,0.7648268784348823
2010-08-02,0.12796947442709417,0.6129748384850656
2010-08-03,-0.07672722905483184,0.4731622545712375
2010-08-04,-0.3289217168258088,0.5154598622317939
2010-08-05,-0.6003236015319435,0.45617256025677866
2010-08-06,-0.5187289998961342,0.618450746649964
2010-08-07,-0.2821619031473339,0.5847132005034981
2010-08-08,-0.1170757609356383,0.802432881984879
2010-08-09,-0.4079040575082716,0.6485383039012335
2010-08-10,-0.7801931220818132,0.4114960875181063
2010-08-11,-0.9710598771949664,0.5539274482799965
2010-08-12,-1.0605364353404214,0.5695609519818913
2010-08-13,-0.9858927264672149,0.30093358629226175
2010-08-14,-0.8966418704788257,-0.12962830221721786
2010-08-15,-0.865317935736769,-0.5041006502842516
2010-08-16,-0.7128856523956825,-0.730313863179705
2010-08-17,-0.5734425293311904,-0.6257672584882212
2010-08-18,-0.5305144210085374,-0.33323526991624325
2010-08-19,-0.3162694205893619,-0.2649540298333048
2010-08-20,0.1635922919555368,0.05622128779290002
2010-08-21,0.486944812924035,0.18069261173338141
2010-08-22,0.5366925681693719,0.37164333412186534
2010-08-23,0.4917410749403348,0.6152615530211942
2010-08-24,0.4302004514748698,0.8080878486066628
2010-08-25,0.5458599396298454,0.8649039806668611
2010-08-26,0.6291987764031771,1.0947698788878342
2010-08-27,0.3787884080637176,1.016953784730971
2010-08-28,0.05889474823434844,0.45516853469497376
2010-08-29,-0.17660893037783063,-0.04096648054777169
2010-08-30,-0.2828347196458286,-0.2519518415874779
2010-08-31,-0.0787528530075517,-0.36289418287803893
2010-09-01,-0.10800053688115974,-0.6979449651194447
2010-09-02,-0.25019514936613757,-0.7456979983427228
2010-09-03,-0.06206661736597282,-0.8274647218377901
2010-09-04,0.14902224870388048,-1.0524020870538204
2010-09-05,0.17194221381886232,-1.1827425305221835
2010-09-06,0.20279109336816817,-1.1408987016023198
2010-09-07,0.6274460425258047,-0.9762734883929209
2010-09-08,0.7678263918605335,-0.866647935969124
2010-09-09,0.8276160454401895,-0.657176157458554
2010-09-10,0.6786751941068602,-0.6078326978016215
2010-09-11,0.6418178085852744,-0.5066182885924305
2010-09-12,0.4659117028264135,-0.5317474801729551
2010-09-13,0.47325667396405,-0.5569378088214869
2010-09-14,0.40733162951168594,-0.5998588218549821
2010-09-15,0.20131919681129767,-0.6527737297136558
2010-09-16,-0.13886898844370554,-0.7388451395733358
2010-09-17,-0.419977269114715,-0.9581093463844155
2010-09-18,-0.6803802613231091,-0.909009203972283
2010-09-19,-1.0088507563882434,-1.018382913455296
2010-09-20,-1.05301634606659,-1.2147753499280123
2010-09-21,-1.0941379306409207,-1.2221845528395434
2010-09-22,-1.1281010356939072,-1.0778383158926004
2010-09-23,-1.116850567386554,-0.7846212416687199
2010-09-24,-1.0134181276268832,-0.6336113953155359
2010-09-25,-0.7269107748667433,-0.5361236021244828
2010-09-26,-0.5851371756583337,-0.40829684865435795
2010-09-27,-0.3964447097360183,-0.4168722810037742
2010-09-28,-0.2598263500197857,-0.4330291399272848
2010-09-29,-0.35261155309868836,-0.6371729878696611
2010-09-30,-0.2052684442882202,-0.9430817143496344
2010-10-01,0.04465896162332913,-1.2076117829085644
2010-10-02,0.283317326350612,-1.3178173741596169
2010-10-03,0.5764542588919342,-1.4318061935216182
2010-10-04,1.004318161881098,-0.9302188128392326
2010-10-05,1.333669004095499,-0.4783910917724513
2010-10-06,1.882735169032433,-0.1696796617145314
2010-10-07,2.239879378000121,0.14911526516405899
2010-10-08,2.522260233661252,0.7700313351103016
2010-10-09,2.447844092978985,1.3430635645747013
2010-10-10,2.147992089331857,1.4974211421247303
2010-10-11,1.6781804564206713,1.8475488588275983
2010-10-12,1.164684548438304,1.963880856587232
2010-10-13,0.6769854345147912,1.9008975539896227
2010-10-14,0.2475912125890268,1.7302918001930698
2010-10-15,0.02410279456567541,1.6210605273018195
2010-10-16,-0.057829200368941035,1.3875115624158485
2010-10-17,-0.16065999186653937,1.2261083420893242
2010-10-18,-0.22238484226773483,1.0787412730039247
2010-10-19,-0.4123878335039257,0.9082900328359241
2010-10-20,-0.32966997569372447,0.6720039406133994
2010-10-21,-0.02131113806447711,0.48149622676952236
2010-10-22,0.18005071769851835,0.277724838133767
2010-10-23,0.16710214050723438,0.28601482161000397
2010-10-24,0.1829230252997015,0.15745303143611175
2010-10-25,0.10052201702556939,0.010875894271966184
2010-10-26,0.1316512119766352,-0.046187952257634
2010-10-27,0.3018274830978479,0.033964800276930794
2010-10-28,0.38225783446973527,0.0036670334288490315
2010-10-29,0.4255903154707145,-0.027538854219937122
2010-10-30,0.6158143038415906,-0.22499285417063686
2010-10-31,0.48578607009087565,-0.1821752075761606
2010-11-01,0.22830288688509479,-0.0576575559070225
2010-11-02,-0.2878693225605961,0.2521131042379479
2010-11-03,-0.43102614765781727,0.39143629015972803
2010-11-04,-0.15588436537113068,0.5834225001103548
2010-11-05,0.053416191159341736,1.070047908829707
2010-11-06,0.12928048755262642,1.2559066163663162
2010-11-07,0.051635108847466964,1.2419618691925756
2010-11-08,-0.11349664989858528,1.110281185969195
2010-11-09,-0.4428531999918192,0.9282011982110454
2010-11-10,-0.8504793542589135,0.7999741894109899
2010-11-11,-0.9892765917892093,0.8286507675336101
2010-11-12,-1.3512721375763352,0.36126543640728315
2010-11-13,-1.7649048252517934,-0.012486953801740122
2010-11-14,-1.6431486287470694,-0.19979099155129604
2010-11-15,-1.1956798967004005,-0.21582303090589397
2010-11-16,-0.8367106298967559,-0.1694184939204572
2010-11-17,-0.7463196984479589,-0.0928453420817267
2010-11-18,-0.9357475490466901,-0.12302159236956084
2010-11-19,-0.6858244509337917,-0.2747905150892331
2010-11-20,-0.5412214737754749,-0.3786113009004275
2010-11-21,-0.49268026055643505,-0.3133087654815163
2010-11-22,-0.4259594076511673,-0.4973311825223826
2010-11-23,-0.34225329824931344,-0.5466017867671569
2010-11-24,-0.09416125042225679,-0.5964050697397943
2010-11-25,0.12931278072670357,-0.7251375044475102
2010-11-26,0.06692140360643456,-0.9726151895739085
2010-11-27,-0.021663993263219754,-1.071117342571075
2010-11-28,-0.1622973355904868,-1.0584896615782757
2010-11-29,-0.06249271074024176,-0.9546147184699316
2010-11-30,-0.007789205310085396,-1.0675846921225307
2010-12-01,0.09682105501629037,-1.055064669641107
2010-12-02,0.4742878707423866,-0.8810175435218982
2010-12-03,0.975452795400588,-0.6245146126643276
2010-12-04,1.1451185655468479,-0.4041185729682125
2010-12-05,1.03403796161738,-0.23624552164633042
2010-12-06,1.1317763462062265,-0.21729019447432193
2010-12-07,1.1222159665515485,-0.29952148467046974
2010-12-08,1.2622417728334938,-0.1429072136406251
2010-12-09,1.1917256559144485,0.17261424936671915
2010-12-10,0.9779790191736163,0.6704433296576096
2010-12-11,0.8251796451239978,0.9464132534909843
2010-12-12,0.6935254806177293,0.6771357393203535
2010-12-13,0.7915663467544168,0.6844588346473222
2010-12-14,0.6107922229762816,0.813503238736963
2010-12-15,0.21424628653677977,0.4847684992403531
2010-12-16,-0.3077443160620044,0.3836088136925495
2010-12-17,-0.5902466346315943,0.37127555948428337
2010-12-18,-0.6836039835769164,0.32552490920279886
2010-12-19,-0.6471018883449041,0.3062410755303916
2010-12-20,-0.2716070888642555,-0.01052981610512349
2010-12-21,0.14390844762276378,-0.08629880433996572
2010-12-22,0.6002592826677878,-0.10881130372408757
2010-12-23,0.8162697316508565,-0.03186541803204565
2010-12-24,0.9506051211181553,0.1695175495955882
2010-12-25,0.8196724642880051,0.11439784576465367
2010-12-26,0.5768178166108971,0.1431428697394648
2010-12-27,0.40580909439083634,0.1837464045553879
2010-12-28,0.29365605373756687,0.14023159203598254
2010-12-29,0.3389095448709911,-0.012488199909906017
2010-12-30,0.1863735774909608,0.05268053167486175
2010-12-31,0.05971566179654615,0.5237748665600483
2011-01-01,-0.14936552323721225,0.7052984430225782
2011-01-02,-0.20700889458659202,0.7951307980617558
2011-01-03,-0.31992090907960086,0.5651878242690312
2011-01-04,-0.26857762402017843,0.2312463265510279
2011-01-05,-0.35780897956599533,-0.025145761263653192
2011-01-06,-0.2454031566177784,0.1246130637538852
2011-01-07,0.07213856967353467,0.15850203460949638
2011-01-08,0.4807670883386607,0.46107498675724407
2011-01-09,0.6646741954621478,0.665835095980713
2011-01-10,0.806505636017246,0.8192193247253313
2011-01-11,0.6798478719706021,1.0944775802000797
2011-01-12,0.5658905566586651,1.3278134966863908
2011-01-13,0.5135057270878501,1.4244014611029554
2011-01-14,0.3996751865087537,1.3173948782575118
2011-01-15,-0.10964657636368016,1.5390554399597594
2011-01-16,-0.582477585740767,1.5828909176839854
2011-01-17,-1.0761159795131192,1.5499768814703292
2011-01-18,-1.676369658054401,1.3830139862284605
2011-01-19,-1.693723934707991,1.102103773016582
2011-01-20,-1.735454359931424,1.0204120257160656
2011-01-21,-1.8477838074891246,0.874048034293561
2011-01-22,-1.9763326833077963,0.865944816775145
2011-01-23,-1.9067258587596796,0.5892171099480255
2011-01-24,-1.7473197021616076,0.03177857987492835
2011-01-25,-1.6956925844929285,-0.4486191653756366
2011-01-26,-1.344738192061553,-0.9768884899720556
2011-01-27,-0.8381071410261088,-1.0423839835521884
2011-01-28,-0.29385114006630014,-1.0700183311320377
2011-01-29,-0.06039095020411402,-1.2950462605346942
2011-01-30,0.03227671496407546,-1.3181743968864086
2011-01-31,-0.025082716999082086,-1.0273777672215314
2011-02-01,0.09599169452710564,-0.6557662604063507
2011-02-02,-0.007722133555899149,-0.393080970602563
2011-02-03,0.05803484833874737,-0.29573628635748295
2011-02-04,-0.06561526656028788,0.026532390204047015
2011-02-05,-0.2748347326290524,-0.06497408369022062
2011-02-06,0.00669276763871531,-0.3399031049302884
2011-02-07,0.3463030295978059,-0.40721835272423507
2011-02-08,0.5357602374116298,-0.4789801285309375
2011-02-09,0.704008617333892,-0.7453350663032772
2011-02-10,0.6864456565495479,-1.1402085239967081
2011-02-11,0.8686994705316328,-1.4406884447286763
2011-02-12,0.9408918814772257,-1.5094312478736285
2011-02-13,0.8984510913982865,-1.4970699064228792
2011-02-14,0.8650416122263954,-1.183409437968075
2011-02-15,0.7311230629138699,-0.8389705771668615
2011-02-16,0.43272540614981614,-0.5595874384217961
2011-02-17,0.45579336752695404,-0.38441781053842083
2011-02-18,0.38228086430351943,-0.24994135708929807
2011-02-19,0.18053254699542212,-0.1374938173239896
2011-02-20,0.2679514382728549,-0.05520892980794877
2011-02-21,0.4131227980807338,-0.03811504611798701
2011-02-22,0.2236013192796987,-0.09588331691349775
2011-02-23,0.058755792775096835,-0.20104937898957304
2011-02-24,0.19897576717946153,-0.3204397651031901
2011-02-25,0.10425303072672208,-0.49435333000617004
2011-02-26,0.11381525106002428,-0.5147718610605835
2011-02-27,0.019822341326255797,-0.4658715770847613
2011-02-28,-0.10024051637589185,-0.30540927414135977
2011-03-01,-0.02827099363385118,-0.09645118147297795
2011-03-02,0.10669376028689699,-0.008920269045362429
2011-03-03,0.10063067656977268,0.09314476986934243
2011-03-04,-0.14345635602622966,0.11492013090407507
2011-03-05,-0.2618607934473596,-0.014966996384875869
2011-03-06,-0.4365249188300399,-0.017438265047216038
2011-03-07,-0.48206499697130023,-0.12406696656209178
2011-03-08,-0.6275830082513061,-0.6129876456039763
2011-03-09,-0.7549786979758951,-0.9282557861240224
2011-03-10,-0.3892362691577999,-1.2415898050392584
2011-03-11,0.015468486968975454,-1.4403051115082683
2011-03-12,0.25272040150660896,-1.4417999541854392
2011-03-13,0.4516528436992804,-1.129041506025372
2011-03-14,0.6821932054981036,-1.0645123741086613
2011-03-15,0.5617002584132356,-0.8381475907728473
2011-03-16,0.4349432873124549,-0.8861048922786307
2011-03-17,0.3422932409345284,-1.0380450044876306
2011-03-18,0.5634323817792805,-0.8292058116630276
2011-03-19,0.8718325591593035,-0.7237695268202592
2011-03-20,1.2293883623663302,-0.7798488806604921
2011-03-21,1.7784649025299741,-0.4888604734942467
2011-03-22,2.0986382721897194,-0.12153875617834276
2011-03-23,2.2148552137203654,0.07990134030677298
2011-03-24,2.2105183209958534,0.4254191654663928
2011-03-25,1.8347936916598282,0.6013821086780518
2011-03-26,1.5824534795901493,0.5368924838869558
2011-03-27,1.4123481848008819,0.3493640057522543
2011-03-28,1.115590977440943,0.3847271477284108
2011-03-29,0.91701339800772,0.7081204313557851
2011-03-30,0.5429718032727832,1.0736598547861782
2011-03-31,0.15982407995660095,1.4922907213054728
2011-04-01,-0.05541822617772532,1.7452489186296207
2011-04-02,-0.16988014454726566,1.9961884575892932
2011-04-03,-0.29989719085012223,2.064214685485436
2011-04-04,-0.6071415286825229,1.8738411591482655
2011-04-05,-0.8722825899899257,1.468289386119113
2011-04-06,-1.0187160623887563,1.043344600681669
2011-04-07,-1.2600094425336692,0.6465426083430412
2011-04-08,-1.2143786595555752,0.22955532265254683
2011-04-09,-0.8804631590661878,0.08621641859275384
2011-04-10,-0.7848038082043127,0.17015477289319672
2011-04-11,-0.8038193398569803,0.1971357304164548
2011-04-12,-0.9894709480718916,0.16422422356322317
2011-04-13,-0.8840245180737155,0.31889046978637775
2011-04-14,-0.7637441501694678,0.30320979966569855
2011-04-15,-0.8153331910600201,0.21569651176370194
2011-04-16,-1.0267685277726433,0.09458155725279464
2011-04-17,-0.8627919528460276,0.0582303338834493
2011-04-18,-1.0322581309922656,-0.16714974315980088
2011-04-19,-1.1532545765680473,-0.21880544359710538
2011-04-20,-1.0779980907859736,-0.20244781486173863
2011-04-21,-0.7122467951913662,-0.14027893704653155
2011-04-22,-0.5076975910344369,-0.4049596789633796
2011-04-23,-0.7688347293456442,-0.8588714413079466
2011-04-24,-0.5366743784415003,-1.0139459324749436
2011-04-25,-0.2231137271408709,-0.9936433136472025
2011-04-26,-0.06350353877067876,-1.1753424087598785
2011-04-27,0.2735305496711216,-1.1947213321523777
2011-04-28,0.5477517187552087,-0.9887637036417775
2011-04-29,0.9392273465810732,-0.48556925115638944
2011-04-30,1.1835476984777418,-0.057250931549225496
2011-05-01,1.257189934801371,0.3705719137136237
2011-05-02,1.191875037628834,0.705645051496453
2011-05-03,1.0937884592005003,0.8973918471933868
2011-05-04,1.1141990756356677,1.2441702994340464
2011-05-05,0.91295578873784,1.4831940791074396
2011-05-06,0.6727359056470064,1.7908529504505741
2011-05-07,0.338915485051134,2.228256374867572
2011-05-08,-0.177970423078749,2.506168732687326
2011-05-09,-0.698491317876256,2.4019499115002643
2011-05-10,-0.9912441357131734,1.8581993644329846
2011-05-11,-1.4891561907358468,1.2500358752803133
2011-05-12,-1.8472152558910926,0.664974554334486
2011-05-13,-1.9993715463674686,0.1855016316949951
2011-05-14,-2.0955006706666697,0.10144414717217608
2011-05-15,-2.3059086651452527,0.139190461323542
2011-05-16,-2.2664495602927035,0.0469916974303332
2011-05-17,-2.220523720447317,-0.23030884345422983
2011-05-18,-2.1090393179466176,-0.46835677916677415
2011-05-19,-1.8412346320186028,-0.565169080399026
2011-05-20,-1.3825944761787263,-0.6576389902200098
2011-05-21,-1.003749182766551,-0.6482341018334201
2011-05-22,-0.4755412826987506,-0.37710156380032733
2011-05-23,-0.042052401195297816,-0.3436896446819524
2011-05-24,0.4566668876728027,-0.126404083949159
2011-05-25,0.7415293110519705,0.006006972508666795
2011-05-26,0.8636221589891858,0.2845075121155355
2011-05-27,0.8998437989845266,0.48810756797191895
2011-05-28,0.7309234233948676,0.6682249911199711
2011-05-29,0.4148310790032418,0.5532292864324239
2011-05-30,0.0998072156961078,0.489520055146151
2011-05-31,-0.005168292241996101,0.19277939517066348
2011-06-01,-0.17482299690756758,0.11007054183498137
2011-06-02,-0.19606469574714747,0.11651473011814077
2011-06-03,-0.27608835536068266,-0.04701784505446338
2011-06-04,-0.18861260953093467,-0.22821287160209758
2011-06-05,-0.12208127069617555,-0.34164806097831485
2011-06-06,0.2826764837146148,-0.43363392247265714
2011-06-07,0.7960817751709834,-0.48427086630123767
2011-06-08,1.3525689632929094,-0.38799085299937036
2011-06-09,1.7839145313949627,-0.045372275681335526
2011-06-10,1.7669869028845877,0.0041486427262247775
2011-06-11,1.4114983811942754,-0.1203100827452783
2011-06-12,1.2326471777203085,0.010544579724488409
2011-06-13,1.2555527904674137,-0.0026292233776960164
2011-06-14,0.999890421748362,0.1747172782483871
2011-06-15,0.6429244356573051,0.4730765491741147
2011-06-16,0.2872533295595928,0.564388637421975
2011-06-17,0.07609239312476332,0.6637994526875605
2011-06-18,0.27879668039471944,0.5865153028466468
2011-06-19,0.2532157313405808,0.3887399492153362
2011-06-20,0.2685928065407765,0.13349362924809569
2011-06-21,0.16473071596336972,-0.05771332903436697
2011-06-22,0.1251610736481456,-0.2799981448151743
2011-06-23,0.24926240838230707,-0.5584480375215124
2011-06-24,0.4571118296342024,-0.636166124310097
2011-06-25,0.8437953720263339,-0.6764538674931484
2011-06-26,0.9523559758958471,-0.6046049256431705
2011-06-27,0.7042894187406055,-0.637297339564412
2011-06-28,0.24076171679243774,-0.5753033661228828
2011-06-29,0.03297254073756533,-0.2897395858825892
2011-06-30,0.135506000036916,-0.2629301741053479
2011-07-01,-0.07379308456714616,-0.29696869521563585
2011-07-02,-0.13757120054061292,-0.480658711329678
2011-07-03,-0.2887935757627585,-0.5374809878629635
2011-07-04,-0.5083152951432351,-0.5446365581631791
2011-07-05,-0.47276233365084813,-0.6348621480439166
2011-07-06,-0.32907728464886343,-0.40977892045607434
2011-07-07,-0.5335450594472357,-0.17863639471515935
2011-07-08,-0.7562058942333604,-0.2690991185732606
2011-07-09,-0.8350210049689839,-0.35615658018376817
2011-07-10,-0.9367706946466196,-0.45956721860562566
2011-07-11,-1.1772919235535448,-0.6851970277423141
2011-07-12,-1.371410250735391,-0.865692738057023
2011-07-13,-1.101698694585697,-0.6859336309745665
2011-07-14,-0.6778137939893266,-0.6100189855954601
2011-07-15,-0.06607206230679172,-0.3359751770704145
2011-07-16,0.4963647996514853,-0.1484072665072484
2011-07-17,0.5760163615795468,-0.007561766975173512
2011-07-18,0.687318033273234,0.36394161132388586
2011-07-19,0.8495055556333753,0.6594292023591106
2011-07-20,0.9757228737689373,0.9321476805329215
2011-07-21,0.8645449821106441,1.0513900699677583
2011-07-22,0.7460156933324855,0.9634812560422518
2011-07-23,0.5012798523436399,1.0938957731311179
2011-07-24,0.18305069065059343,1.116776307653709
2011-07-25,-0.4114693919089737,1.1761777658689478
2011-07-26,-0.8857671002894002,1.1964356498007436
2011-07-27,-1.0886597646003888,0.9851463402951262
2011-07-28,-1.2480749274038225,0.8685021256975326
2011-07-29,-1.1519439840404344,0.605912163964303
2011-07-30,-0.8965918891640261,0.5429300481363992
2011-07-31,-0.5948621913912164,0.5155322097308113
2011-08-01,-0.5113474871302587,0.5951265967203961
2011-08-02,-0.5425548655449012,0.5940183685628283
2011-08-03,-0.2735635463803877,0.2520253754154689
2011-08-04,-0.37558913698400037,0.20589053848164696
2011-08-05,-0.43785481607309495,0.550083921214103
2011-08-06,-0.20317956141500618,0.4337196608688316
2011-08-07,-0.1882548581889348,0.5170722570880616
2011-08-08,0.1342991838063143,0.7070820742721184
2011-08-09,0.16570263203156962,0.5781439372476039
2011-08-10,-0.1372066453226427,0.06347632272112434
2011-08-11,-0.29144164087380253,-0.014559791206097747
2011-08-12,-0.2800820542421431,-0.4809517648620865
2011-08-13,-0.4538021443079302,-0.7425954180413336
2011-08-14,-0.4505102561413535,-0.8672313337046131
2011-08-15,-0.4409061230039052,-1.0957969077709384
2011-08-16,-0.6431692385786223,-1.051105987082297
2011-08-17,-0.779234562258953,-0.9645416510945349
2011-08-18,-0.7199539987764502,-0.757321851689635
2011-08-19,-0.6243748241884476,-0.48200455878888576
2011-08-20,-0.6075491247366674,-0.4275978053723498
2011-08-21,-0.6750139878544524,-0.5408047835021688
2011-08-22,-0.7263177287435595,-0.8628351534652736
2011-08-23,-0.570952264030509,-1.049669494091077
2011-08-24,-0.23426882546060662,-1.3166422617358664
2011-08-25,0.06314348577250528,-1.6030098877556858
2011-08-26,0.36445624074284005,-1.4861093077335703
2011-08-27,0.8007688255036989,-1.0817683931795887
2011-08-28,1.1280453954563243,-0.7009876508324191
2011-08-29,1.3541764339796136,-0.5227433468199647
2011-08-30,1.342163050367272,-0.5289666016214444
2011-08-31,1.0681626318874295,-0.4237195686774711
2011-09-01,0.9109906689729689,-0.23620007224984238
2011-09-02,0.9064221129165827,-0.2124120802710086
2011-09-03,0.8831444080223103,-0.18935355223443331
2011-09-04,0.8102512716706496,-0.2626653326768724
2011-09-05,0.5501228145037432,-0.33820464967429015
2011-09-06,0.6566686664742234,-0.6039503142838264
2011-09-07,0.8036480461493039,-0.7080499906746376
2011-09-08,0.5993014653221623,-0.4382134295990365
2011-09-09,0.47882050846901403,-0.5692839302936442
2011-09-10,0.27973409241081587,-0.720855334944401
2011-09-11,0.02838414678444072,-0.6670910334464084
2011-09-12,0.06888977247272894,-0.5573623714096383
2011-09-13,-0.1366269100373636,-0.48168175629773224
2011-09-14,-0.21606345507686556,-0.38054151064168956
2011-09-15,0.051273448056694135,-0.26482966732131497
2011-09-16,0.46230430478346946,-0.11647371628513582
2011-09-17,0.6516377921419714,-0.0558305047035591
2011-09-18,0.8651147822095712,-0.07798814706799621
2011-09-19,1.2016297010207355,0.17494068961872833
2011-09-20,1.167185626669622,0.32832611790467564
2011-09-21,0.9326367803176058,0.4323159503372529
2011-09-22,0.8430730253127249,0.5289074443504418
2011-09-23,1.0415804400268465,0.5586931623344077
2011-09-24,0.9653403951728842,0.7522594499364829
2011-09-25,0.9573705225643565,1.2829134250540537
2011-09-26,0.8528040601974494,1.4555341812646454
2011-09-27,0.6218239602030736,1.5069059015813848
2011-09-28,0.3036177623693202,1.9859747471768687
2011-09-29,0.2473164941861825,2.369122034080497
2011-09-30,0.29286046060447335,2.30468591895344
2011-10-01,0.49968913648005786,2.291514800236834
2011-10-02,0.3551026329043042,2.2342982646975273
2011-10-03,0.043628857493493114,2.1832684785541745
2011-10-04,-0.15076742107133076,1.9632008472053901
2011-10-05,-0.5615781208539812,1.8868756931898203
2011-10-06,-0.9820305856781619,1.9246730357843977
2011-10-07,-1.2423590912064382,1.6506829879495903
2011-10-08,-1.4172673858143088,1.5218530719873882
2011-10-09,-1.6875638454445872,1.307962181017021
2011-10-10,-1.6962317481685854,1.1445198015311213
2011-10-11,-1.841808409211252,0.8541848263626589
2011-10-12,-1.9281518840055387,0.6605360808525779
2011-10-13,-1.93240968979279,0.25345477009631945
2011-10-14,-1.9355354874311703,-0.38443986378929
2011-10-15,-1.9764573855557126,-1.1277411933529977
2011-10-16,-1.8392177984065787,-2.0103842861608414
2011-10-17,-1.7297566697533215,-2.7219411797760125
2011-10-18,-1.7402877140142308,-3.069257814675223
2011-10-19,-1.2975324089418663,-3.0408624111973945
2011-10-20,-0.8652577800894876,-2.7534356652947323
2011-10-21,-0.8406574352679567,-2.282187042913676
2011-10-22,-0.9542504491222874,-2.121853688580282
2011-10-23,-0.666760776241632,-2.027024569394816
2011-10-24,-0.4854261367442069,-1.785705463387548
2011-10-25,-0.4892834651063237,-1.3754261451546206
2011-10-26,-0.518833526835321,-1.3578126391993697
2011-10-27,-0.240799241980356,-1.346452992675001
2011-10-28,0.04116411548520946,-1.305271280405072
2011-10-29,0.39837407621427884,-1.3069988636108227
2011-10-30,0.5904439225611969,-1.1241352458891882
2011-10-31,0.7436342872744571,-1.025257484418075
2011-11-01,1.1438368796209235,-0.8740516855950022
2011-11-02,1.4123393681665697,-0.7604993507228734
2011-11-03,1.4723746719835789,-0.624877136334792
2011-11-04,1.378471824698503,-0.12258153552286971
2011-11-05,1.4339957272625896,0.29074585274136594
2011-11-06,1.4209262029052117,0.6599507430202669
2011-11-07,1.0191965724279355,1.0610325626458328
2011-11-08,0.35545168258059384,1.4897341158602653
2011-11-09,-0.2580771764431756,1.6570600441209844
2011-11-10,-0.6782691178764351,1.4148314267823618
2011-11-11,-1.0043281000295152,1.03653978247055
2011-11-12,-1.2374539836249692,0.8854719291936052
2011-11-13,-1.4377078326619925,0.6215378373116633
2011-11-14,-1.3375157863249418,0.3380697504004343
2011-11-15,-1.4335316895452392,-0.011751478809955392
2011-11-16,-1.3306934802875374,-0.1749042736268787
2011-11-17,-1.1216847051872336,-0.4815490386511086
2011-11-18,-1.0077309723609835,-0.7739884920510728
2011-11-19,-0.9737627393000159,-0.95890657139666
2011-11-20,-0.7048935652457402,-1.22998786566108
2011-11-21,-0.5807167742490945,-1.4073509588579645
2011-11-22,-0.2949718110156673,-1.9500690296925425
2011-11-23,-0.1409592504289332,-2.422780140979192
2011-11-24,0.10953651558850226,-2.264044714182133
2011-11-25,0.4596942950823755,-1.998923454593426
2011-11-26,0.8127330833961616,-1.641532578067733
2011-11-27,1.1077296228317048,-1.3537254880690472
2011-11-28,1.237450507128217,-1.2315122318507292
2011-11-29,1.4972682621267062,-0.9412983639748199
2011-11-30,1.6167842580953138,-0.6243444535339052
2011-12-01,1.7383110277720057,-0.37804037878479557
2011-12-02,1.8380954078695713,0.032843976694725566
2011-12-03,1.8380995807604474,0.48035254518058546
2011-12-04,1.904512723791122,0.868404675050291
2011-12-05,1.8590587119097162,0.955066993518225
2011-12-06,1.3912932530396744,0.955973288776132
2011-12-07,1.2639049853294082,1.0277524009131145
2011-12-08,1.0227872729803598,1.2011655053838717
2011-12-09,0.5646459788505631,1.1057106430062371
2011-12-10,0.49355721288470816,0.8454397333387678
2011-12-11,0.23900067759419585,0.599612894336448
2011-12-12,0.22112137198666448,0.28820032423296243
2011-12-13,0.15256737556858915,0.16421750838890112
2011-12-14,0.2859272013254875,0.14123950784445954
2011-12-15,0.21149740365711514,0.25478499147547684
2011-12-16,0.23790666073448133,0.2060003460952506
2011-12-17,0.3126645701119665,0.14462172577068608
2011-12-18,0.2509495946319767,0.24185698470518716
2011-12-19,0.38221342150703963,0.23931139492364797
2011-12-20,0.5854676074936135,0.14398601136161035
2011-12-21,0.799833616900899,0.19491637900461226
2011-12-22,0.9361502207381162,0.38132143276061525
2011-12-23,1.2184895024572278,0.4607767158046159
2011-12-24,1.4531266834988812,0.6459420079096448
2011-12-25,1.087183004674257,0.8681671721792155
2011-12-26,0.8041569015197131,0.9960065134354794
2011-12-27,0.631422684070296,1.0640399299956669
2011-12-28,0.5151382686355827,1.0745686301272337
2011-12-29,0.3210369550759007,0.8300336830079861
2011-12-30,0.06646142766709268,0.8605852230047563
2011-12-31,-0.23250882177349314,0.9027129193967283
2012-01-01,-0.6629125266267967,0.7835062909210996
2012-01-02,-0.6960428269863325,0.45806521284658847
2012-01-03,-0.7600051550509208,0.40507400013195205
2012-01-04,-0.8146306915474896,0.3713586355066254
2012-01-05,-0.5093600912251075,0.2341836012949944
2012-01-06,-0.1746730482280371,0.3269444311600198
2012-01-07,-0.2893002608099338,0.2772209622705414
2012-01-08,-0.37963598018114686,-0.06874599579162995
2012-01-09,-0.31988578014347874,-0.2179649026027559
2012-01-10,-0.2548990416926701,-0.058955510585701046
2012-01-11,-0.2749196486495753,0.26009276345081395
2012-01-12,-0.33987879235042096,0.29906072424064395
2012-01-13,-0.31957330614671947,0.1307884270579996
2012-01-14,-0.5367574493284334,0.22724647623879715
2012-01-15,-0.6896494079869147,0.3602607940518842
2012-01-16,-0.5510253799376262,0.215081225384067
2012-01-17,-0.3586724489767888,-0.06574506674331565
2012-01-18,-0.0445589493771668,-0.08929105877208046
2012-01-19,0.531102195817719,-0.014171677073584504
2012-01-20,1.0732836629856948,0.067107499798991
2012-01-21,1.0377256555973744,-0.07049353623277864
2012-01-22,0.7789976115101312,0.10559978445621726
2012-01-23,0.6409091224849699,0.33246832249246694
2012-01-24,0.49942046992038797,0.507245583669151
2012-01-25,0.2644021813040786,0.5974813622031285
2012-01-26,-0.15550397905146163,0.579252193932014
2012-01-27,-0.29186688245895087,0.7569342408399299
2012-01-28,-0.234583583849369,0.9324048435857485
2012-01-29,-0.16101632957226247,1.0520416070743193
2012-01-30,-0.26023565513426133,0.7763185430168067
2012-01-31,-0.30919612590139284,0.5960135220924394
2012-02-01,-0.3463799936821139,0.9351198840851195
2012-02-02,-0.784164094794741,1.261542912470568
2012-02-03,-1.567718911079349,1.4292185488360416
2012-02-04,-2.2550729903550084,1.7585014837042516
2012-02-05,-2.7196527743605023,1.9072238501157464
2012-02-06,-2.9591389374895583,1.5895971464968717
2012-02-07,-2.9560822872917605,1.004749396933434
2012-02-08,-2.8884050102048766,0.5245885802772267
2012-02-09,-2.6574479563291797,0.03730134082000437
2012-02-10,-2.369258081206889,-0.2885392510869546
2012-02-11,-2.0306600225103515,-0.5709143609883494
2012-02-12,-1.7091402106724933,-0.9522781717193509
2012-02-13,-1.4472942110309928,-1.1629840341943296
2012-02-14,-1.0557036547340666,-1.4017073782609986
2012-02-15,-0.4835133626358881,-1.5719248271634616
2012-02-16,-0.10520487191377863,-1.5932020019370177
2012-02-17,0.16102949708488465,-1.6223074484944549
2012-02-18,0.14701437705598408,-1.8114453735533391
2012-02-19,0.19285607400688745,-1.6925008332699525
2012-02-20,0.23294238468111178,-1.790004805962409
2012-02-21,0.0939059985730441,-1.830022833745811
2012-02-22,0.024745162922021377,-1.7933973030967962
2012-02-23,0.25915109143386594,-1.9982507878898488
2012-02-24,0.4223656156571256,-2.1836182238660387
2012-02-25,0.9177793224607266,-2.162515432342564
2012-02-26,1.2473554164046399,-2.2535557623546048
2012-02-27,1.5966969552400714,-2.363089513772783
2012-02-28,1.8852076698887001,-2.299212476127509
2012-02-29,1.977608790222998,-2.191975274313294
2012-03-01,2.2260202774404423,-2.102886487924413
2012-03-02,2.5470697096569217,-1.993786155362428
2012-03-03,2.8727421421604693,-1.6233414841989249
2012-03-04,2.8962080431716064,-1.3559950797654843
2012-03-05,3.0896762679279988,-0.9363048013574314
2012-03-06,3.050943021361885,-0.527461299672204
2012-03-07,2.8487739468387727,-0.10656556877954723
2012-03-08,2.723513518910317,0.1510566530594362
2012-03-09,2.6048399747901065,0.27975369140365003
2012-03-10,2.4257719638164144,0.3678136981122608
2012-03-11,2.1051129356033584,0.6757563596334334
2012-03-12,1.9323861044183375,0.9464483462425346
2012-03-13,1.5612683687503424,1.0433896532765117
2012-03-14,1.5162754205804647,1.2248279938455127
2012-03-15,1.2888979307271813,1.4411656479569221
2012-03-16,0.8936800910730031,1.9581685480769273
2012-03-17,0.6273259397638593,2.1606749917476944
2012-03-18,0.373170569118879,2.5755749100110306
2012-03-19,0.08376407975669117,3.0029332680516876
2012-03-20,-0.44021676256949316,2.925739509144799
2012-03-21,-0.9054356949994079,2.750655828927108
2012-03-22,-1.3028020123176276,2.3881945388237247
2012-03-23,-1.4564072341507965,2.2106774127309436
2012-03-24,-1.2227251411905138,1.816790819003215
2012-03-25,-0.8914153207294193,1.3955274714531583
2012-03-26,-0.5843950401754989,1.1169063467999063
2012-03-27,-0.3951799630760165,1.1739255354049156
2012-03-28,-0.26072095232849446,1.1041037306869137
2012-03-29,-0.3653442544862744,0.9465391307491046
2012-03-30,-0.5267349001923386,0.7054413801216118
2012-03-31,-0.745301018049036,0.7692325124779089
2012-04-01,-0.9705173257907287,0.6657240286987014
2012-04-02,-1.3906804361054768,0.803842472954367
2012-04-03,-1.6854062761929114,1.0345502733593253
2012-04-04,-2.121837154359182,0.9029718991194514
2012-04-05,-2.3762484109027793,0.4623948793930785
2012-04-06,-2.654619964020566,-0.04859586412987367
2012-04-07,-2.676631214934124,-0.19135996867967442
2012-04-08,-2.6532445990991524,-0.16940374082001333
2012-04-09,-2.450022308552788,-0.3150430072586823
2012-04-10,-2.2720546774092973,-0.6009915920184671
2012-04-11,-2.1341294988975226,-0.9702723988493898
2012-04-12,-1.9399734761167045,-1.2893724632206949
2012-04-13,-1.6378863183543337,-1.3422290197852578
2012-04-14,-1.3166500447868024,-1.3903638444317905
2012-04-15,-1.024277312824909,-1.5665655344259457
2012-04-16,-0.3965892561526333,-1.6171119862756662
2012-04-17,-0.013326028777551182,-1.7671836287454747
2012-04-18,0.5634047965360307,-1.5878618150266532
2012-04-19,0.7626074220644002,-1.262320219891857
2012-04-20,0.7848706172188183,-1.0515519502762223
2012-04-21,0.8204647989368918,-0.8219932327789867
2012-04-22,0.7195473239453322,-0.39108623191226743
2012-04-23,0.951848215627236,-0.13515110946223716
2012-04-24,1.1177666526276822,-0.011385972203441641
2012-04-25,1.0781005912128196,0.10961455644111015
2012-04-26,0.8593549308513706,0.052746349544957716
2012-04-27,0.6854267201028919,0.06189273624919042
2012-04-28,0.5888895101412374,-0.1165857038589595
2012-04-29,0.34888300826131846,-0.347372236080467
2012-04-30,0.32540606456595217,-0.3993727145019129
2012-05-01,0.3307129697837642,-0.5424742821184794
2012-05-02,0.21796751603719264,-0.609969325364471
2012-05-03,0.14287219154214226,-0.6722837189352199
2012-05-04,0.10876718203310452,-0.6872819605633594
2012-05-05,0.2571969223872336,-0.5019498267474495
2012-05-06,0.3928201282314992,-0.03908084213324361
2012-05-07,0.47077544339536914,0.3931802586112261
2012-05-08,0.32206786667695986,0.5895117435881293
2012-05-09,-0.003528452205407537,0.5947813863555648
2012-05-10,-0.059065455798089125,0.5650028179948405
2012-05-11,0.024108501738409557,0.5046479384883614
2012-05-12,0.16954120317782229,0.6009932459878362
2012-05-13,0.09139072463747208,0.45638557525053874
2012-05-14,-0.06498545907858957,0.4304473373854846
2012-05-15,-0.10858019807151452,0.47740864236241415
2012-05-16,-0.2002535748990326,0.28204406401751764
2012-05-17,-0.21909855481030832,0.20323618868966273
2012-05-18,-0.25909903569243437,-0.11819019704396674
2012-05-19,-0.30984175417004906,-0.15657379910893646
2012-05-20,-0.25834439289599304,-0.09022734788863347
2012-05-21,-0.32408854278445476,0.0721003618352513
2012-05-22,-0.41732342859523514,-0.05130545703086681
2012-05-23,-0.4214463357826189,-0.20734745659297862
2012-05-24,-0.33835498794278274,-0.09041824162483533
2012-05-25,-0.16356241912698735,-0.14459805959207242
2012-05-26,0.13035478027369385,0.15737788027090752
2012-05-27,0.4624995731714508,0.37740761415492763
2012-05-28,0.5096050375923765,0.1879566959147728
2012-05-29,0.5750031155679096,0.15145903346254738
2012-05-30,0.7500125464274041,0.21420534823104942
2012-05-31,0.9415144442975903,0.27819659888614884
2012-06-01,1.0121537540417795,0.4229790514167302
2012-06-02,1.02802554900845,0.6154413659672074
2012-06-03,1.2068933778422264,0.8467711427927846
2012-06-04,1.4435560859455536,1.0017922917058455
2012-06-05,1.6212792589785172,1.1453388756557479
2012-06-06,1.614245111409713,1.3921711781195925
2012-06-07,1.3643297580455531,1.461824754447517
2012-06-08,0.9011021957488875,1.6154237900217703
2012-06-09,0.3051724676682588,1.8107673204542876
2012-06-10,-0.35209087576537296,2.039673832769494
2012-06-11,-0.762666376673465,1.8015972200082035
2012-06-12,-0.7155175350204506,1.42629120960259
2012-06-13,-0.8980951255327905,1.087221886930429
2012-06-14,-1.1143322284926263,0.6377521758320546
2012-06-15,-1.094574934320826,0.1623939534128549
2012-06-16,-1.0039157770830447,-0.2467805338650021
2012-06-17,-0.9296075604103737,-0.6543036029946762
2012-06-18,-0.897492249860474,-0.8442289594343494
2012-06-19,-0.7634493473634486,-0.6982595311387723
2012-06-20,-0.8125487212122402,-0.4360205717562292
2012-06-21,-0.8795709075988781,-0.671723122664077
2012-06-22,-0.8808031027750775,-0.9077331884606353
2012-06-23,-0.7706583347045832,-1.1615607538576305
2012-06-24,-0.7827666751056432,-1.2006276882724254
2012-06-25,-0.6538345161712206,-1.1721620449613293
2012-06-26,-0.5313628663937271,-1.017333584383047
2012-06-27,-0.34220864995320666,-0.6331012447521726
2012-06-28,-0.0716727378039279,-0.7092423467837272
2012-06-29,0.07913462228642393,-0.9864459458039928
2012-06-30,0.02955214890393767,-1.1435576741817908
2012-07-01,0.1817296024822995,-1.1351349107747204
2012-07-02,0.5335828464404018,-0.9742353347718878
2012-07-03,0.4458082539478599,-0.9109159534367888
2012-07-04,0.45608467307490186,-0.8175597877282275
2012-07-05,0.5358750283149764,-0.6901676171896347
2012-07-06,0.699403832115653,-0.3937378200353025
2012-07-07,0.5492262839787369,-0.34451496015895416
2012-07-08,0.3426604828352467,-0.2728900128436616
2012-07-09,-0.012901527496702588,-0.3031813323275243
2012-07-10,-0.26350261502889283,-0.2556287415440622
2012-07-11,-0.4290455548726823,-0.2690036064709162
2012-07-12,-0.4978621093166049,-0.32655014280045314
2012-07-13,-0.562267485446341,-0.4090393260677868
2012-07-14,-0.49630133507863394,-0.40611135353561495
2012-07-15,-0.35226160813617685,-0.30555942776669875
2012-07-16,0.004592321615196403,-0.2860983353160205
2012-07-17,0.38877771539497746,-0.04507718539609441
2012-07-18,0.5698326738943303,0.23382197003717115
2012-07-19,0.5624076835266858,0.013812410666645411
2012-07-20,0.46255688938349093,-0.12704194577009262
2012-07-21,0.6443649027103212,0.033504659274372614
2012-07-22,0.5247939776589298,0.2884914316746273
2012-07-23,0.34977007684359224,0.3157485901648073
2012-07-24,0.40755407482391737,0.5442008612973195
2012-07-25,0.3505955929714778,0.7650996617126057
2012-07-26,0.43386249552644207,0.7232969387002427
2012-07-27,0.2005294272127391,0.9438729582044828
2012-07-28,0.01754637334441498,1.0819532228749615
2012-07-29,-0.17360069164514794,1.0837180853750292
2012-07-30,-0.13749135262252293,1.0533282264841841
2012-07-31,-0.2843359218617532,1.2955354323381318
2012-08-01,-0.6085071960561673,1.349452525775587
2012-08-02,-0.7046297134334163,1.2646977547094531
2012-08-03,-0.736631603967764,1.1545538878595762
2012-08-04,-0.6326639236569775,0.999208367927871
2012-08-05,-0.7031085521399925,0.5106102081799512
2012-08-06,-0.7683276053831001,0.16633069256644137
2012-08-07,-1.0047366018666462,-0.1347880257671506
2012-08-08,-1.2356955435069972,-0.3176986104879241
2012-08-09,-1.2533481657553518,-0.4651783461696309
2012-08-10,-1.2556917134473906,-0.4370887976048394
2012-08-11,-1.1186309815465414,-0.6312273681992544
2012-08-12,-0.9792516027379012,-0.7775705635225608
2012-08-13,-1.1316303738353863,-0.6709497083835405
2012-08-14,-1.194623963325191,-0.5865735354649517
2012-08-15,-0.9635748107489528,-0.7037273156397149
2012-08-16,-0.8223398318391795,-0.9778120097342569
2012-08-17,-0.3898419124876687,-0.7885086589303093
2012-08-18,-0.3724678402044913,-0.8257027722743979
2012-08-19,-0.27397813750224753,-0.9669968572045377
2012-08-20,0.014428864283750646,-0.9023729637732006
2012-08-21,0.24116667228615252,-0.8017460546540357
2012-08-22,0.6940893484258575,-0.7973864493755556
2012-08-23,0.7906937121157847,-0.828034799808538
2012-08-24,0.8123534949898258,-0.8092688127888213
2012-08-25,0.9254880443597878,-0.968890743374688
2012-08-26,1.0935132039886628,-1.0379520197768177
2012-08-27,1.037728946451984,-0.902112795573523
2012-08-28,0.9104739464097139,-0.7310502924371817
2012-08-29,0.6606829160734314,-0.5364626276316251
2012-08-30,0.48002236504880874,-0.6849903979882194
2012-08-31,0.43130926808213804,-0.48482491265595273
2012-09-01,0.3320682068022251,-0.5446630300052954
2012-09-02,0.2514209963935122,-0.5319003755858013
2012-09-03,0.555380060924744,-0.46283726829564475
2012-09-04,0.6953698229792453,-0.3751936518807518
2012-09-05,0.7486792364630487,-0.25362485846601196
2012-09-06,1.2245279217339964,-0.4176875598500394
2012-09-07,1.4331585924821995,-0.4095852438642208
2012-09-08,1.531025940220621,-0.16953565616600078
2012-09-09,1.349878403212846,-0.01890524736822264
2012-09-10,1.1628673304680341,-0.13281155444509216
2012-09-11,0.8381482378908871,0.20114393311158604
2012-09-12,0.5050847410155881,0.573019823719715
2012-09-13,0.3744015050260179,0.8033749626965359
2012-09-14,0.2660573488378075,0.7505380451307665
2012-09-15,0.14854432291535818,0.6440353919106565
2012-09-16,0.002841810328491112,0.6015726184796604
2012-09-17,0.05623439689887006,0.7589941117841232
2012-09-18,0.26502083983434854,0.8246382185243446
2012-09-19,0.5773559939276655,0.7118863566009285
2012-09-20,0.6275180859148962,0.7352429454177637
2012-09-21,0.5701421203734462,0.6427452334964693
2012-09-22,0.36635423117022325,0.5209429158051495
2012-09-23,0.42824717094833586,0.572378969629504
2012-09-24,0.4145395173292721,0.5882097406897661
2012-09-25,0.354315631744259,0.7681124731412093
2012-09-26,0.0868963829457485,0.9982231149269672
2012-09-27,0.13684187262900777,1.4005609202381633
2012-09-28,0.32454303225617254,1.7262521784747307
2012-09-29,0.43383367583726756,1.8737829024511126
2012-09-30,0.3500639392769613,1.8329690557045213
2012-10-01,0.27615100150176264,1.9537418088582594
2012-10-02,0.07552713302732783,1.866100247013517
2012-10-03,0.00881730335525109,1.5755724551198675
2012-10-04,0.14904169164767814,1.3740014250238568
2012-10-05,0.23858222777367794,1.3393801014962543
2012-10-06,0.06879247462060663,1.2077635121917716
2012-10-07,-0.2153025128382625,1.2269681284125558
2012-10-08,-0.5175737868142756,1.0168711629351468
2012-10-09,-0.539143999753693,0.7509473071625055
2012-10-10,-0.6940393826692527,0.5063172693398836
2012-10-11,-0.9039142990983065,0.1637703991297113
2012-10-12,-0.8013165111089563,-0.05456802788270831
2012-10-13,-0.9944264965970954,-0.21835570153775336
2012-10-14,-1.133212223176546,-0.3299436202432829
2012-10-15,-1.263765222823812,-0.3692867849053341
2012-10-16,-1.4464248931207613,-0.6402666371366246
2012-10-17,-1.4618429245361804,-0.9406016723682699
2012-10-18,-1.7528206973974154,-1.0654602800069617
2012-10-19,-1.7047341448074127,-0.9717692867709447
2012-10-20,-1.4878700299896424,-0.8946262087828414
2012-10-21,-1.1856043123132636,-1.0884664171231229
2012-10-22,-0.6762874731751928,-1.1521293942061035
2012-10-23,-0.3778207421292433,-1.2360920051060198
2012-10-24,-0.23036568477269234,-1.2347100921345948
2012-10-25,-0.28802941258150205,-1.1538327344649546
2012-10-26,-0.5786505380938023,-1.200634352939219
2012-10-27,-0.7391151013562011,-1.4601415495394536
2012-10-28,-0.6514079729426859,-1.6473887135216785
2012-10-29,-0.6060853398588649,-1.6448771551457966
2012-10-30,-0.3497088651403517,-1.4322790741150968
2012-10-31,-0.45053160908840933,-1.3221119598881332
2012-11-01,-0.26863333033591036,-1.2112541781371136
2012-11-02,0.12873624222552119,-1.0927696084196938
2012-11-03,0.4615850195014758,-0.9876309919724926
2012-11-04,0.5620042812269161,-0.9113194510538778
2012-11-05,0.6097110780767561,-0.6057068740304091
2012-11-06,0.675817435671496,-0.23783227971757415
2012-11-07,0.4726588725631115,0.2965746694676176
2012-11-08,0.2779590786118657,0.5231983076414638
2012-11-09,0.21327070897123113,0.7346224739361394
2012-11-10,0.11119803210024204,0.7050664203220283
2012-11-11,0.07532608514691794,0.7434784049439216
2012-11-12,-0.049284914396033705,0.7362978367960812
2012-11-13,-0.051180701532776464,0.6193573013473341
2012-11-14,-0.1831450894845448,0.6008710214201636
2012-11-15,-0.1321922367671049,0.6967745632832997
2012-11-16,-0.13995827478436015,0.8711560951581699
2012-11-17,-0.08441670748105144,0.7728064219450868
2012-11-18,-0.12181079114335638,0.7497446653991877
2012-11-19,-0.08908525686528584,0.9754942037832828
2012-11-20,-0.14728861470276933,0.9848671906548869
2012-11-21,-0.10493418317076074,0.915898778244203
2012-11-22,-0.15374114080424103,0.8709133612601095
2012-11-23,-0.11005863672611141,0.7315067651427479
2012-11-24,-0.23352847691160628,0.47315471155641975
2012-11-25,-0.1602060197581588,-0.04691370352997059
2012-11-26,-0.12503508176977302,-0.4292574442131419
2012-11-27,-0.2209242493335562,-0.7687546767380186
2012-11-28,-0.3505678599234894,-0.7818801140187334
2012-11-29,-0.5158700033867637,-0.7929949889812795
2012-11-30,-0.22295070739730172,-0.7704948841307191
2012-12-01,-0.25071321257509244,-0.7482184551063776
2012-12-02,-0.013138726419048799,-0.782967102769067
2012-12-03,0.03378739187354261,-0.6779985847906712
2012-12-04,0.1460716027638547,-0.6118032190832107
2012-12-05,0.41125787170123224,-0.42468060169711264
2012-12-06,0.7814357421734057,-0.1889520301320293
2012-12-07,0.896542614748802,-0.2379349727011307
2012-12-08,0.7433190493864071,-0.2595281011898165
2012-12-09,0.5144610924837073,-0.17238013433191254
2012-12-10,0.40331314327396606,-0.3179489865188847
2012-12-11,0.2245734066641176,-0.7701836280131829
2012-12-12,-0.027072044901365923,-0.7429888030349235
2012-12-13,-0.31501941162030206,-1.0209279168137637
2012-12-14,-0.13712116157406154,-1.1097227497331088
2012-12-15,-0.1692880307883085,-0.90355474192713
2012-12-16,-0.4484118917167265,-0.7484731681936729
2012-12-17,-0.3298144721698081,-0.7847924567180977
2012-12-18,-0.3062532368319443,-0.7526059434816199
2012-12-19,-0.00824338250584444,-0.5945554136615063
2012-12-20,0.4625872532724057,-0.7474493838483107
2012-12-21,0.7923532103614062,-0.7773855566980513
2012-12-22,1.1433038812625864,-0.6556905407754713
2012-12-23,0.8909378629559322,-0.5994477610419854
2012-12-24,0.6443397665872698,-0.6559507203310723
2012-12-25,0.6198536592395429,-0.4440626780956515
2012-12-26,0.7427806091288702,-0.3651518059161078
2012-12-27,0.6734157731472428,-0.36824581425527625
2012-12-28,0.8614696273691361,-0.4443306942483478
2012-12-29,0.7897597747409948,-0.4550202722142382
2012-12-30,0.9173237809970911,-0.3645340537223418
2012-12-31,1.0481620207891569,-0.4633376380605108
2013-01-01,1.1740250843979783,-0.3931588955284068
2013-01-02,1.208599656270667,-0.23265502668622007
2013-01-03,1.3882189196365542,-0.1516228539493455
2013-01-04,1.8189618906053127,-0.06351951035292071
2013-01-05,2.3300359249957543,-0.019250560850959303
2013-01-06,2.4782887956110344,0.19525160353548013
2013-01-07,2.3822768345581875,0.6064424060628232
2013-01-08,2.0469134322219373,0.8884523308634191
2013-01-09,1.6188534457755965,1.325856292604271
2013-01-10,1.0639712602325935,1.7149760587219485
2013-01-11,0.33945670637818964,2.1808641061664016
2013-01-12,-0.3603858515889267,2.2866408289228755
2013-01-13,-0.6643807635394736,2.0695220378653287
2013-01-14,-0.981270748674989,1.9481317957488287
2013-01-15,-1.2616504599481562,1.644456158227097
2013-01-16,-1.149365980489762,1.2923913833831593
2013-01-17,-0.9045933043556426,0.7886301776745418
2013-01-18,-0.7865333128068819,0.5376791235076502
2013-01-19,-0.7711862466643468,0.6764904129627962
2013-01-20,-0.8866521939875234,0.8571738273966696
2013-01-21,-0.8738876091970506,0.9858690177142547
2013-01-22,-1.0061139052278096,1.1739662072873134
2013-01-23,-1.0914028253931451,1.182835139983238
2013-01-24,-1.235658079066304,1.2008029337728765
2013-01-25,-1.0394314775617712,0.9873937910599776
2013-01-26,-0.99096976658914,0.659240451093939
2013-01-27,-1.2255843014564236,0.22145176687484483
2013-01-28,-1.33657176093915,-0.29434100150265036
2013-01-29,-1.2606587539206746,-0.42278414332855424
2013-01-30,-1.6501503974175882,-0.5902182774847103
2013-01-31,-2.06440309388822,-0.9378261370093697
2013-02-01,-2.0664295381002833,-1.4016848394072352
2013-02-02,-1.88432675187799,-1.6614654035579284
2013-02-03,-1.7115913529216955,-1.7088379728977205
2013-02-04,-1.36587501802371,-1.4293715154824531
2013-02-05,-0.7486349377095421,-1.2322891237060865
2013-02-06,-0.2604559413169211,-1.3013370733691993
2013-02-07,-0.4353866976738969,-1.2718162635593442
2013-02-08,-0.9556591340976142,-1.1100145338053846
2013-02-09,-1.0816680946590698,-1.334593511945228
2013-02-10,-0.8808528131024541,-1.5130201699921093
2013-02-11,-0.4364031350446641,-1.366362968786254
2013-02-12,0.05365642270519857,-1.3974814891722147
2013-02-13,0.5811964948794074,-1.746514267925387
2013-02-14,1.0821343886437542,-1.673610305366618
2013-02-15,1.392118784423832,-1.1830178874755066
2013-02-16,1.566628219753918,-0.9247197268472321
2013-02-17,1.8123058504409966,-0.6221858683361907
2013-02-18,2.1073241644280456,-0.17330218058977012
2013-02-19,2.2479204665380923,-0.03394579811360054
2013-02-20,2.2534376080469394,-0.08055552013318601
2013-02-21,2.025794206486101,0.1198838770962439
2013-02-22,1.5818810800654355,0.5053130397925288
2013-02-23,0.9888569379572139,0.8921916427836628
2013-02-24,0.5048121241647654,1.2346828999130623
2013-02-25,0.5122596408227754,1.4019125793004532
2013-02-26,0.46668695648681263,1.4755476119997155
2013-02-27,0.29710260322349735,1.5586025717652348
2013-02-28,-0.1888951736411108,1.5875717143841477
2013-03-01,-0.4311340419730786,1.836486798441928
2013-03-02,-0.4932251140751194,1.9104233184591841
2013-03-03,-0.39238646331857835,1.6273398626517144
2013-03-04,-0.6967196288887265,1.3593425287812033
2013-03-05,-1.1067406976286793,0.9860298592739793
2013-03-06,-1.367170224353027,0.8631778330460249
2013-03-07,-1.1098039192541282,0.7848515768178708
2013-03-08,-0.6294388447156293,0.7923697727879437
2013-03-09,-0.35091657286034805,0.8439542298344299
2013-03-10,-0.10541121118877765,0.7847718651850873
2013-03-11,0.0668192179945145,0.7491030241728732
2013-03-12,0.04528090984365676,0.6987563975868093
2013-03-13,-0.31769197891229356,1.0081885250302787
2013-03-14,-0.7913593637444406,1.160496522558172
2013-03-15,-1.2958390164693117,0.8818034675356742
2013-03-16,-1.5560301916771824,0.5693738524172578
2013-03-17,-1.5405796148752702,0.1636074992891617
2013-03-18,-1.4173848483787992,-0.17393743877000994
2013-03-19,-1.4686996598230508,-0.2415361855204764
2013-03-20,-1.3442121694367484,-0.31621701703922894
2013-03-21,-1.1973368690138482,-0.5407229888039082
2013-03-22,-1.1632525076928493,-0.7241292388783077
2013-03-23,-0.8688758599045643,-0.6521884907695606
2013-03-24,-0.6174797277238574,-0.6748505367497719
2013-03-25,-0.3821160830412223,-0.5896673116856174
2013-03-26,-0.3686639717222698,-0.6562288735598999
2013-03-27,-0.0887860334854773,-0.6917718574083015
2013-03-28,0.3501595563971912,-0.6413662225570614
2013-03-29,0.49568733982495283,-0.3483263652336479
2013-03-30,0.48730410454533796,-0.46651198746964034
2013-03-31,0.5506637434061586,-0.5428711919344633
2013-04-01,0.7103834022573128,-0.4987251897203123
2013-04-02,0.8021718336653815,-0.4617161611389445
2013-04-03,0.6633423193049478,-0.36907395771445584
2013-04-04,1.0011939888352603,-0.1787925345232943
2013-04-05,1.2306171788244187,-0.09999939178804854
2013-04-06,1.4925597582631278,-0.15878001940881656
2013-04-07,1.5452627776238952,-0.3138958520933504
2013-04-08,1.462912109936675,-0.5217606088467647
2013-04-09,1.494514142258224,-0.33560042727358996
2013-04-10,1.2074992183496311,-0.04266403452671395
2013-04-11,0.8418166775054783,0.11865705900101442
2013-04-12,0.6125901347056664,0.39794803002407364
2013-04-13,0.49306271394721407,0.6372919257664841
2013-04-14,0.3143724288000125,0.7369408091107342
2013-04-15,0.07316492187407256,0.720632145698106
2013-04-16,-0.051913187373035824,0.6186490747431926
2013-04-17,-0.039952728719177745,0.40140124210731487
2013-04-18,-0.22260406225004753,0.33260708011295165
2013-04-19,-0.4278681259561972,0.3396977459182563
2013-04-20,-0.5415413442681718,0.34149564084308554
2013-04-21,-0.5907817982230315,0.2315168230307102
2013-04-22,-0.540477380978704,0.22089409831140322
2013-04-23,-0.6158008740314469,0.3018380876838838
2013-04-24,-0.6853721855018564,0.0850133728169786
2013-04-25,-0.6113086339850528,-0.09826023376335073
2013-04-26,-0.5827030466541501,-0.19690940598318224
2013-04-27,-0.6104481945932129,-0.20333429777480116
2013-04-28,-0.7513931723189005,-0.16309075425232383
2013-04-29,-0.7888781556018866,-0.2050686649258567
2013-04-30,-1.0372743860787574,-0.480350571733692
2013-05-01,-1.1340703713968476,-0.699148511625089
2013-05-02,-1.4386318525876471,-1.0562485432914746
2013-05-03,-1.435024024080217,-1.3597775753656969
2013-05-04,-1.3250162346180734,-1.5702456964361804
2013-05-05,-1.0099187253080029,-1.8419649947718613
2013-05-06,-0.3871721861691641,-1.8356820806273095
2013-05-07,0.2326994443826927,-1.7007338593551635
2013-05-08,0.6600397786980673,-1.242780949751423
2013-05-09,1.1099938006426175,-0.7333929296050602
2013-05-10,1.400376912699146,-0.07830852647912126
2013-05-11,1.4319574191092779,0.4643339060095049
2013-05-12,1.3284718898952061,0.993456184628702
2013-05-13,0.9939324634998796,1.1794500182717222
2013-05-14,0.845747566993649,1.3714013180638642
2013-05-15,0.6059668632641158,1.6049449394136481
2013-05-16,0.46423766621725593,1.5725013923778859
2013-05-17,0.3468766804258142,1.3179328283958565
2013-05-18,0.2624324696863982,1.0508294067782022
2013-05-19,-0.07949777990644569,0.8084886805506435
2013-05-20,-0.3405969245992245,0.5160932797033099
2013-05-21,-0.28188397652902025,0.3017379686247671
2013-05-22,-0.14923308078771014,0.12375839065371873
2013-05-23,-0.15533889493595152,0.01644837932588243
2013-05-24,-0.12728948555182465,-0.12466452733011033
2013-05-25,-0.24571765547467947,-0.04280551152858837
2013-05-26,-0.2042907994881491,-0.1437070516106811
2013-05-27,-0.07488119434539454,-0.46189828133304356
2013-05-28,0.02966001632547279,-0.699284276078445
2013-05-29,0.25381930279034914,-0.8607680364096192
2013-05-30,0.34167578495918355,-0.9780178633066497
2013-05-31,0.11602520403869991,-0.8745033296107806
2013-06-01,0.05069574524637867,-0.5417243130548669
2013-06-02,0.23659105099896557,-0.5708814616936368
2013-06-03,0.3258116250830327,-0.637495515837058
2013-06-04,0.557791481836811,-0.49908472340223453
2013-06-05,0.5745185836510136,-0.371159671005431
2013-06-06,0.6063783434429613,-0.28292709811573613
2013-06-07,0.8066288361932946,-0.2617308541601284
2013-06-08,0.9227031271117597,-0.02384923689704877
2013-06-09,1.239445070556134,-0.010641951581098501
2013-06-10,1.563145261016323,-0.1951528368540386
2013-06-11,1.8738865201154318,-0.1007347638240748
2013-06-12,1.9283104694070337,0.07298867441757471
2013-06-13,1.8788091024715081,0.4126317475375132
2013-06-14,1.775080815187908,0.9015843944330149
2013-06-15,1.534997619592795,1.0925745973537273
2013-06-16,1.39956777970452,1.3713472558317146
2013-06-17,1.084058295479301,1.6863621710531218
2013-06-18,0.6717285735706576,1.7870694096225728
2013-06-19,0.2292410276769943,1.8258562054033058
2013-06-20,-0.22484209457744758,1.8086176687677176
2013-06-21,-0.6956450679888634,1.5188780231320742
2013-06-22,-1.1508537634586165,1.4966271946573655
2013-06-23,-1.4638357006172964,1.5380805317294763
2013-06-24,-1.4603837657646215,1.283627048640154
2013-06-25,-1.4858746659079487,0.8711762938257708
2013-06-26,-1.4846640155799473,0.37400709042912583
2013-06-27,-1.4575091911177092,-0.01836206748356317
2013-06-28,-1.0977892346842337,-0.6007783282840429
2013-06-29,-0.6334801715143512,-0.865273509876069
2013-06-30,-0.5011411761370937,-0.8716982525976876
2013-07-01,-0.4595482914770643,-0.9857431365234282
2013-07-02,-0.495850205274046,-1.1032584926889204
2013-07-03,-0.562713042326514,-1.1388810849681048
2013-07-04,-0.30773868681193345,-1.1580856649390467
2013-07-05,-0.13680100676642712,-1.2883811799267422
2013-07-06,-0.44511519273010536,-1.354798958419096
2013-07-07,-0.46227258916741865,-1.2876667710181262
2013-07-08,-0.27135065345819165,-1.1431762165539618
2013-07-09,-0.0007514142692266462,-0.9533248936409537
2013-07-10,0.11477120263739145,-0.5663246674344798
2013-07-11,0.3662193978730563,-0.40252775739994595
2013-07-12,0.8221139835077925,-0.22581034187572602
2013-07-13,1.0867214782328007,-0.22181180821156993
2013-07-14,1.056100976141565,0.01123680061742759
2013-07-15,0.6355298806757085,0.1301879388663674
2013-07-16,0.5248510861879138,0.1262448132370052
2013-07-17,0.4944556321911115,0.22710808160331297
2013-07-18,0.36764579730253955,0.6708328300600838
2013-07-19,0.423303682429711,0.917465070517274
2013-07-20,0.04886737781065892,0.8463530016766331
2013-07-21,-0.2134209130209819,0.6553117383229253
2013-07-22,-0.18157837952546563,0.6399946481491227
2013-07-23,-0.23430410471926613,0.7168977578434507
2013-07-24,-0.425883309147988,0.6382883813667097
2013-07-25,-0.26687644720422765,0.371212925863612
2013-07-26,-0.0010626368709553025,-0.06706574414237534
2013-07-27,0.26000312781024715,-0.326192028171889
2013-07-28,0.500709216902357,-0.3124605814475385
2013-07-29,0.42490741031838886,-0.3882990086799906
2013-07-30,0.5739493696283692,-0.3886975162514326
2013-07-31,0.8849280255762232,-0.36154010812434684
2013-08-01,0.9740296747608064,-0.37572146601861967
2013-08-02,0.6723503916766754,-0.4409231049971903
2013-08-03,0.3732571239562324,-0.2977335603719231
2013-08-04,0.052421838624883206,-0.05821756547119974
2013-08-05,-0.3545400171751607,0.15559982563631536
2013-08-06,-0.45962262420007644,0.1758367792244943
2013-08-07,-0.4285078985227325,-0.013203228413595761
2013-08-08,-0.5023345578952949,-0.022106403884727677
2013-08-09,-0.22413260053149106,-0.03598941771887065
2013-08-10,0.07410494628859762,-0.029250978306300697
2013-08-11,0.019899474111527808,0.12400683146454199
2013-08-12,-0.01997974499841778,-0.03170678750452842
2013-08-13,0.07669830673846492,-0.3749135081552441
2013-08-14,-0.09218532718419682,-0.20346153272532017
2013-08-15,-0.41537176564859474,-0.010256974451794361
2013-08-16,-0.7595343422272476,0.07144218343843299
2013-08-17,-0.8753219809535453,0.11686353036779826
2013-08-18,-0.9250445753087158,0.1747954589232904
2013-08-19,-0.9526737743934298,0.227945194629182
2013-08-20,-0.8081469809625677,0.1749909270858731
2013-08-21,-0.47264391315990684,0.022555101686654932
2013-08-22,-0.5402985394326182,-0.1131346769461067
2013-08-23,-0.8823311967381886,-0.06884857940189353
2013-08-24,-1.117358456891673,-0.13985506267185122
2013-08-25,-1.1805556173680205,-0.2804398230290827
2013-08-26,-1.0497725866128091,-0.6199403797058358
2013-08-27,-1.3112853586489308,-0.7023159649444858
2013-08-28,-1.5538744314669617,-0.9121412795699404
2013-08-29,-1.6973339128954072,-1.1215511585047717
2013-08-30,-1.4226018915710252,-1.441831247395707
2013-08-31,-1.335298476614472,-1.70232575897229
2013-09-01,-1.1116783090500324,-1.9266878055340737
2013-09-02,-0.8745225074635082,-2.1489638797556303
2013-09-03,-0.701478441068839,-2.1267732626097593
2013-09-04,-0.5860391051426861,-2.141377830413516
2013-09-05,-0.32977849678718285,-2.096536334017035
2013-09-06,-0.18867792376831402,-2.0430061768558128
2013-09-07,-0.14811290441935815,-1.5760961353744956
2013-09-08,-0.08378472780336897,-1.1046401222209152
2013-09-09,0.17256925340111856,-0.7323012094033069
2013-09-10,0.4666955980585915,-0.5093770384604847
2013-09-11,0.4915100119539919,-0.23056914608585063
2013-09-12,0.6466721949324202,-0.0013275773776086682
2013-09-13,0.9442875497309055,0.04061335966976092
2013-09-14,1.4368689555159804,0.22822895506933144
2013-09-15,1.6194256348361864,0.3064853495813157
2013-09-16,1.5932759977549573,0.3362854899892426
2013-09-17,1.5011015174894844,0.3941069615111121
2013-09-18,1.3204036623811024,0.8534854559469105
2013-09-19,1.301416944286436,1.1066879637999074
2013-09-20,1.406913677072996,1.2608336433742642
2013-09-21,1.4368029493671843,1.3712545935163032
2013-09-22,1.032403127879532,1.3500132225683674
2013-09-23,0.8684460759900302,1.2065516978564412
2013-09-24,0.8003824724719291,1.1095119137529958
2013-09-25,0.7367560858901121,1.1089941721475491
2013-09-26,0.8992111645024515,1.1320555194406592
2013-09-27,0.8174288324217029,1.1319789732572754
2013-09-28,0.7579133101094343,1.1547573063097416
2013-09-29,0.8623698110809895,1.0119679572149909
2013-09-30,0.9352004950419642,0.8785215882422378
2013-10-01,0.9286809776213545,0.9990605351517993
2013-10-02,0.8352206619335188,1.0538121481701817
2013-10-03,0.6409378731354013,1.014991788341627
2013-10-04,0.7097119907133769,1.1075211508563427
2013-10-05,0.4649461241158746,0.8629651018532779
2013-10-06,0.2055848714026289,0.6635466443715016
2013-10-07,0.15294699435124265,0.7665773133162007
2013-10-08,-0.10590409582933344,0.9291062229323246
2013-10-09,-0.3038783883539074,1.0432526721118807
2013-10-10,-0.3176715849330244,1.2288893321145622
2013-10-11,-0.27619842221857516,1.3917352626085921
2013-10-12,-0.20536364622850892,1.091539157758187
2013-10-13,-0.04695714472080662,1.129629237521113
2013-10-14,-0.16958197499218458,0.8916117144494033
2013-10-15,-0.4412473186651519,0.6995318876911057
2013-10-16,-0.504655359974786,0.3516702846195145
2013-10-17,-0.7340013176440382,-0.0035904141952825853
2013-10-18,-0.8071350300374585,-0.35352373089043987
2013-10-19,-0.7713047950580939,-0.31419871437419766
2013-10-20,-0.42445301279684633,0.03321777690218439
2013-10-21,-0.1759341139756315,0.17307286851354167
2013-10-22,-0.15753454554643934,0.3575091584025955
2013-10-23,-0.09801581780335436,0.2850345784002715
2013-10-24,-0.1696248362211234,0.2135793141154417
2013-10-25,-0.3504472964984273,0.13951572205051532
2013-10-26,-0.4562319634088194,-0.0604523939425512
2013-10-27,-0.4463320557843579,-0.21380833961901022
2013-10-28,-0.6811819814350759,-0.33074009888618533
2013-10-29,-1.0215973557904605,-0.24741941521793914
2013-10-30,-1.3577000056653223,-0.1990650697081511
2013-10-31,-1.4358330906237275,-0.2951312607642943
2013-11-01,-1.5137682290074974,-0.520782217482286
2013-11-02,-1.535145532141369,-0.6477378561227568
2013-11-03,-1.3731600634430743,-0.7490360979855808
2013-11-04,-1.179144485910308,-0.7940394050039293
2013-11-05,-1.0155172466825946,-0.7764179102832859
2013-11-06,-0.8619804118001665,-0.8100386013961263
2013-11-07,-0.4477972392970532,-0.7354638356074192
2013-11-08,0.09183857603309194,-0.6932086483033837
2013-11-09,0.37034978392486706,-0.5173256297913335
2013-11-10,0.3370192677604459,-0.41718899686832905
2013-11-11,0.28250718060647184,-0.3940817395890237
2013-11-12,0.31377700553872107,-0.49090386204233344
2013-11-13,0.2736532271981777,-0.4658377170844525
2013-11-14,-0.06918808405533498,-0.6382528577792512
2013-11-15,-0.3315044519239545,-0.8132541951283331
2013-11-16,-0.5148739802704643,-0.8196694989144554
2013-11-17,-0.6989888701689791,-0.6157356179620239
2013-11-18,-0.5697525845479855,-0.2805015903937312
2013-11-19,-0.3863901414823229,-0.03297431460537995
2013-11-20,-0.33356953216653773,0.1009180285446038
2013-11-21,-0.1819652741464347,-0.04275044789533321
2013-11-22,-0.08381311322188102,-0.13728125971005872
2013-11-23,-0.13446495465387606,0.044503846326458874
2013-11-24,0.01751953915941261,0.284388181836494
2013-11-25,0.25453803234549993,0.45210299644065677
2013-11-26,0.10261972910325237,0.5573410109191048
2013-11-27,-0.03487421478183896,0.7634600415369454
2013-11-28,-0.19162613766168488,0.7209709831815025
2013-11-29,-0.4849418439541599,0.590394068500582
2013-11-30,-0.5987870922957769,-0.04137087797283814
2013-12-01,-0.7445251709400189,-0.6263870406975106
2013-12-02,-0.573333118340114,-0.8244276571835636
2013-12-03,-0.3606541851630225,-0.7036916254474136
2013-12-04,0.1322720461370222,-0.7551745122041574
2013-12-05,0.40094616062568267,-0.9244548458631895
2013-12-06,0.37058200198102537,-0.9362580339031589
2013-12-07,0.583064497413055,-0.9970803803910114
2013-12-08,0.7653438412324218,-1.2097444068733973
2013-12-09,1.0903499610597187,-1.052158420715289
2013-12-10,0.9149278919023734,-1.1223067179210673
2013-12-11,0.9034478237597711,-1.032555603235598
2013-12-12,0.8886278901649007,-1.079334036217216
2013-12-13,1.0745164503987972,-0.9629704076311205
2013-12-14,1.077862217173634,-0.7253373966373163
2013-12-15,1.0810825756171836,-0.38202077166032533
2013-12-16,0.9964152918498863,-0.13009856341131124
2013-12-17,0.6256043142752052,0.09992809878423942
2013-12-18,0.5292275630290902,0.3832246267450342
2013-12-19,0.5835681535002963,0.6770720127176844
2013-12-20,0.47495398634880626,0.7537604391613527
2013-12-21,0.49316254828175476,0.6636526518440713
2013-12-22,0.38543532323547836,0.4029764858151269
2013-12-23,0.2677812922491904,0.35570852180892154
2013-12-24,0.31201148422169017,0.3872644766824596
2013-12-25,0.5734904436476357,0.44679015061685307
2013-12-26,0.7030183637368757,0.47910606235091474
2013-12-27,0.6849055600660934,0.5895982135897659
2013-12-28,0.5160881888488216,0.6288453753531409
2013-12-29,0.2012639117010535,0.514526299381983
2013-12-30,-0.05480487486302629,0.39338964757699324
2013-12-31,0.1125556794608568,0.07913587445590956
2014-01-01,0.2176623869018839,-0.0284170693848721
2014-01-02,0.24230299807890796,-0.14101616302252726
2014-01-03,0.0556285686359069,0.04559529407504693
2014-01-04,-0.08121036272497041,-0.07799478099726832
2014-01-05,-0.1758120822788849,-0.28276849875945304
2014-01-06,-0.18914904468442764,-0.27091828821839603
2014-01-07,-0.09809262946212453,-0.30555628312169825
2014-01-08,-0.011110760290748534,-0.16547949696416042
2014-01-09,0.13772259163936804,-0.2065695422847681
2014-01-10,0.19382880452973889,-0.26179625289354413
2014-01-11,0.5415542282467608,-0.1430706368361677
2014-01-12,0.9234619576834961,0.09667444796850665
2014-01-13,0.9094008596857742,-0.06271193949013885
2014-01-14,0.8007629934269851,-0.09642395145133154
2014-01-15,0.8588730756809255,-0.008826621084819538
2014-01-16,0.7895524916903642,0.1491445371262167
2014-01-17,0.4343452113135373,0.29178839505664517
2014-01-18,-0.06307949654152797,0.2426654373695386
2014-01-19,-0.22722959226008946,0.5900170430145462
2014-01-20,-0.2726994645873937,0.9885062055155039
2014-01-21,-0.4136419932334194,1.306479728501209
2014-01-22,-0.5465012042894566,1.263725751947927
2014-01-23,-0.8103650956419508,1.3044195443854094
2014-01-24,-0.954709378437597,1.1966731374105448
2014-01-25,-0.8436435497764062,0.7742474316364165
2014-01-26,-0.6150885294385775,0.5374855595773226
2014-01-27,-0.4005104599951449,0.21807024861450183
2014-01-28,-0.25826243675940186,0.2737796338412767
2014-01-29,-0.10822473027023659,0.5682912188423673
2014-01-30,-0.14197245253018806,0.47692721551402617
2014-01-31,-0.3855141558490599,0.3921039937073021
2014-02-01,-0.44354508706281826,0.36498472127295134
2014-02-02,-0.1788755630687052,0.38074394623352337
2014-02-03,-0.06883385976155885,0.17584610466193432
2014-02-04,0.1351179843996912,-0.20350292562204933
2014-02-05,0.527493398360628,-0.5663615901024422
2014-02-06,0.8081360449100973,-0.4164197211513235
2014-02-07,1.288286021355093,-0.438215064354064
2014-02-08,1.2878431649549713,-0.2196542986601307
2014-02-09,1.598271230727516,-0.030862142177657103
2014-02-10,1.7463087601748202,0.041065059454789485
2014-02-11,1.6786829671966144,0.09204592808184153
2014-02-12,1.6298834788918637,0.14307051057350625
2014-02-13,1.5316539671178904,0.39480672198126243
2014-02-14,1.2415384639001845,0.5445477921130808
2014-02-15,0.8352292118061349,0.6968552407969916
2014-02-16,0.5645993436149217,0.8828318941980093
2014-02-17,0.40599042667103485,1.2264234331784587
2014-02-18,0.38931397282886426,1.1560839171700878
2014-02-19,0.23590266522694195,1.0146562191998034
2014-02-20,0.03267542801709896,0.7907680573315462
2014-02-21,-0.23142825361169478,0.6355977218057817
2014-02-22,-0.5994447939680406,0.3231466926582038
2014-02-23,-1.0428092104757558,0.09988730919140887
2014-02-24,-1.51009480874749,0.05275039648214049
2014-02-25,-1.6657151209383734,0.05376248640120119
2014-02-26,-1.857909048221083,0.14959008235247667
2014-02-27,-1.887599557891492,0.15714166879398953
2014-02-28,-1.7446199802385396,0.1349949060248495
2014-03-01,-1.5412256581279613,-0.018143745337474735
2014-03-02,-1.6121857899141319,0.055843356126898905
2014-03-03,-1.6477929624029775,0.27145257512114435
2014-03-04,-1.769700901012623,0.3449040530331447
2014-03-05,-1.9001334505751526,0.22013936347682014
2014-03-06,-1.9943034794892893,0.015099485658864882
2014-03-07,-2.0365881425124766,-0.18166530914385232
2014-03-08,-2.1935807579139808,-0.5082774888219167
2014-03-09,-2.0474775530528664,-0.813310394430392
2014-03-10,-1.8868979003188988,-1.27324478430213
2014-03-11,-1.439294691051702,-1.5781890175152147
2014-03-12,-0.7923417551021812,-1.646355945622386
2014-03-13,-0.47196231460567606,-1.4903501150892169
2014-03-14,-0.5836180163510879,-1.1229389918460742
2014-03-15,-0.316246200056195,-0.8294585498126789
2014-03-16,-0.20341792558413624,-0.38706297847722365
2014-03-17,0.05455972055656225,-0.4788580005905121
2014-03-18,0.3288052833475045,-0.5468355966653514
2014-03-19,0.4799491137140025,-0.6302389139798196
2014-03-20,0.45052750909627054,-0.6961978749281912
2014-03-21,0.31473558988025085,-0.7557876749902915
2014-03-22,-0.02652166517635493,-0.7938876500585557
2014-03-23,-0.23260031624968805,-0.7976691019194297
2014-03-24,-0.28377134783443503,-0.6692234668800018
2014-03-25,-0.3784754809308421,-0.5991598999953799
2014-03-26,-0.4305883989983879,-0.7748627416301237
2014-03-27,-0.2338091533261285,-0.9793979358902953
2014-03-28,-0.03585786822636177,-1.1756122616049738
2014-03-29,0.15110720855064735,-1.3477685977200389
2014-03-30,0.559712695201994,-1.344166358732285
2014-03-31,1.2151230998916343,-1.2996246469116797
2014-04-01,1.5670764070704066,-1.4409873272973157
2014-04-02,1.4854400734482593,-1.5311411558168289
2014-04-03,1.6106272714031673,-1.1435876301933603
2014-04-04,1.9877939786672283,-0.6574455174241509
2014-04-05,2.1792548702767256,-0.14469488997795504
2014-04-06,2.07544783096297,0.4747693886339257
2014-04-07,2.055161705394901,0.7836510141911344
2014-04-08,1.7072260347384787,0.991477125658459
2014-04-09,1.5353604127652305,1.2505589980029295
2014-04-10,1.104437904675513,1.3652429409868412
2014-04-11,0.7342807233551937,1.3463134461995387
2014-04-12,0.6190864383864768,1.2993851899200457
2014-04-13,0.5508211622929953,1.3772588548326319
2014-04-14,0.40882838518102216,1.3420857834586446
2014-04-15,0.3126475715039191,1.3550194362479335
2014-04-16,0.22763469227988894,1.4059126963388573
2014-04-17,0.0903723156564911,1.4969249051430447
2014-04-18,0.10841909870489728,1.4240016207809838
2014-04-19,0.13299821318389302,1.367267981596287
2014-04-20,0.06076382808046483,1.3345425538267142
2014-04-21,-0.020032020944263786,1.4233799055438636
2014-04-22,-0.1707187399069037,1.4351597309086515
2014-04-23,-0.22345772658391896,1.4335842436480366
2014-04-24,-0.20290838018889693,1.20727126845529
2014-04-25,-0.25254115191956694,0.9182094257825655
2014-04-26,-0.3360764763758383,0.8505554605235007
2014-04-27,-0.5368283147276042,0.7616433547252331
2014-04-28,-0.8871243895230828,0.7870265426015145
2014-04-29,-1.1079499745595018,0.7112418862557426
2014-04-30,-1.3892673105237878,0.4677586096753246
2014-05-01,-1.6328807144244022,0.28214960333047145
2014-05-02,-1.749044319642142,0.13813331944701873
2014-05-03,-1.8294913806128108,-0.2600292535883017
2014-05-04,-1.994751795160468,-0.8007460585839489
2014-05-05,-2.10794269013877,-1.3008665926408332
2014-05-06,-2.005264362109264,-1.5446270476848545
2014-05-07,-1.609109935342457,-1.7401481807534807
2014-05-08,-1.0546952440375759,-1.6236299347400358
2014-05-09,-0.3862526480543255,-1.187211256211445
2014-05-10,0.28118399617909734,-0.8243943615964862
2014-05-11,0.7839824832939848,-0.4433410822662446
2014-05-12,0.654405664793358,-0.3928477662585425
2014-05-13,0.7016056146321811,-0.23551841615356126
2014-05-14,0.688478052693906,-0.13909600431238278
2014-05-15,0.5284577348289332,-0.0023437643230310935
2014-05-16,0.26276645738900045,-0.12952516320966234
2014-05-17,0.08883470000461134,-0.32461014465563715
2014-05-18,-0.14295852249414828,-0.23739868625959828
2014-05-19,-0.41692233499361,-0.28074809413275553
2014-05-20,-0.6485652697601353,-0.2914472937203941
2014-05-21,-0.6407057970761054,-0.37786286680450826
2014-05-22,-0.6016544172999442,-0.38421596432822486
2014-05-23,-0.5080114677498776,-0.3195913123018981
2014-05-24,-0.6818030205542698,-0.459781690000965
2014-05-25,-0.7716420502524358,-0.7101815118437929
2014-05-26,-0.7290402541925941,-1.0174505255204005
2014-05-27,-0.5412571074072945,-1.3392390950433963
2014-05-28,-0.5155967560805395,-1.5753274754228608
2014-05-29,-0.17660290840420778,-1.6679570887557245
2014-05-30,0.1564205381493119,-1.5992174841421205
2014-05-31,0.08750602735830837,-1.5504631726822098
2014-06-01,-0.03184326244999494,-1.4706659794263073
2014-06-02,-0.10748553288931119,-1.3481553985976984
2014-06-03,-0.18150765337762448,-1.2581991752699075
2014-06-04,-0.31889537552708924,-1.072610763772048
2014-06-05,-0.2824281902949427,-1.035722608259865
2014-06-06,-0.12941494780832458,-0.8706546419349503
2014-06-07,0.1781745164441354,-0.9204144969671376
2014-06-08,0.5782092360168196,-0.8492531165562752
2014-06-09,0.9467785173492078,-0.5649277896203064
2014-06-10,1.40233934400199,-0.26523031050316476
2014-06-11,1.8988179394595803,-0.1020774425038533
2014-06-12,2.093046302345753,-0.07583316448529416
2014-06-13,1.9923191149464128,-0.011324287628007046
2014-06-14,1.7991564894774787,0.2102096034038354
2014-06-15,1.73295693878141,0.46510685159452275
2014-06-16,1.3950803243169632,0.47267696643768015
2014-06-17,1.118165406374278,0.4758117703375211
2014-06-18,0.9338319868340227,0.6047563924591653
2014-06-19,1.1376178086086712,0.8798726336487056
2014-06-20,0.8415634864645587,0.9817407592330563
2014-06-21,0.5106020243133756,1.1330369658671127
2014-06-22,0.2616524167566537,0.9586467979217531
2014-06-23,0.1039328883401202,0.757481282939029
2014-06-24,-0.11672447435853228,0.6100342294160948
2014-06-25,-0.28058389187934607,0.5961289298556358
2014-06-26,-0.2627490770781843,0.7509519726745529
2014-06-27,-0.29423946868688866,0.8235040817160474
2014-06-28,-0.3166058747890972,0.8697038980146599
2014-06-29,-0.4352174953213962,0.6269313734306111
2014-06-30,-0.6598061520986087,0.5163664370665565
2014-07-01,-0.8289983595589359,0.6040216162290919
2014-07-02,-0.575187193537022,0.8061767580057969
2014-07-03,-0.3578034279927414,0.7184068282899312
2014-07-04,-0.21258974350140755,0.4725342862079735
2014-07-05,-0.021248963254410554,0.2501577615356653
2014-07-06,0.45765528085439594,0.16353174599203688
2014-07-07,1.0058691539471967,0.29724262605382246
2014-07-08,1.1284667016833279,0.596822475318172
2014-07-09,1.0692505629919657,0.875273336464799
2014-07-10,0.7566720457887673,1.133384921028249
2014-07-11,0.5932366374767329,1.3691878980282217
2014-07-12,0.6681130796308609,1.4718542670446144
2014-07-13,0.5750671708145836,1.4668901757021622
2014-07-14,0.22688779097015033,1.3774494965323378
2014-07-15,0.00034526813130160086,1.1460718608315452
2014-07-16,-0.025494482007793837,1.159680226005245
2014-07-17,0.20776998360911822,1.2436428777963453
2014-07-18,0.42974110489161055,1.467519828374095
2014-07-19,0.4761206135141767,1.4681081359912718
2014-07-20,0.3522091852558045,1.231286029224878
2014-07-21,0.11203252063707395,1.465857671970911
2014-07-22,0.015413427884308627,1.6716457696703604
2014-07-23,0.15862122170067985,1.6519489064113548
2014-07-24,-0.1368456352186023,1.6067813286008634
2014-07-25,-0.5073304616226743,1.347165623337502
2014-07-26,-0.9092811623626836,1.5488100436930006
2014-07-27,-1.2075238596599263,1.8257042730331656
2014-07-28,-1.2216069385821442,1.5812486467092912
2014-07-29,-1.2701342412677865,1.0813691372893939
2014-07-30,-1.040145376886944,0.5364917857374906
2014-07-31,-0.5109465589367734,0.20561483598648303
2014-08-01,-0.18799615705120012,-0.3042714784091457
2014-08-02,0.039373897779160304,-0.8115410540978106
2014-08-03,-0.13395658762112242,-0.8962203701834394
2014-08-04,-0.3738324429199617,-0.8774441652695307
2014-08-05,-0.5480216839196294,-0.9329904573351904
2014-08-06,-0.47388152409454076,-0.9826587492232799
2014-08-07,-0.34870671389820485,-0.9795950952113067
2014-08-08,-0.2146148768095065,-0.979128407599831
2014-08-09,-0.30226117411245185,-1.128705419380515
2014-08-10,-0.3431315614342838,-1.138483200608742
2014-08-11,-0.5124551294463248,-1.020767193019294
2014-08-12,-0.6115370754112635,-1.1182735789974765
2014-08-13,-0.7187103834547104,-1.1302375351128515
2014-08-14,-0.9911741463347028,-0.8215077951642185
2014-08-15,-1.202697666501728,-0.7063151062786945
2014-08-16,-0.9764979520633589,-0.7347803159801255
2014-08-17,-1.2975182187821837,-0.6774974054900472
2014-08-18,-1.4392859071996742,-0.6333442228373524
2014-08-19,-1.2588864916968334,-0.6124289039028415
2014-08-20,-1.1215446631569177,-0.7186362581792961
2014-08-21,-1.0744323635907833,-1.1314509845684853
2014-08-22,-0.756707638538211,-1.469211064923827
2014-08-23,-0.41279527662067483,-1.5944300221448988
2014-08-24,-0.2797253330309834,-1.6173554592018566
2014-08-25,-0.1411154213866519,-1.506449997400383
2014-08-26,0.2369369621215943,-1.5249950059358612
2014-08-27,0.5718178240672288,-1.419926245704007
2014-08-28,0.6704863914678273,-1.0000874538829418
2014-08-29,0.750309122770763,-0.7820279996528273
2014-08-30,0.7391824394621674,-0.8843000997573092
2014-08-31,0.8520657531219092,-0.8274392620253819
2014-09-01,1.1058014723449436,-0.5945744224814721
2014-09-02,1.5537101028969507,-0.7173688434171338
2014-09-03,1.5905593992762974,-0.6876032447282308
2014-09-04,1.6238587679847083,-0.5543325767353957
2014-09-05,1.4695621805065935,-0.17543773347141148
2014-09-06,1.129401281801105,-0.046182823627511915
2014-09-07,0.9542317325846792,0.02493801350428209
2014-09-08,0.7181678358143944,0.18027500296545765
2014-09-09,0.6050177996464806,0.3368381642013917
2014-09-10,0.47751942343443476,0.25712479190157717
2014-09-11,0.2569074977239386,0.3029585411017632
2014-09-12,-0.15599881275463803,0.18819836697879125
2014-09-13,-0.23874629460772012,0.17018284527217664
2014-09-14,-0.3653872926673487,0.019256640882950874
2014-09-15,-0.5920559767200081,0.20485345729687343
2014-09-16,-0.578638272643683,0.238383994153033
2014-09-17,-0.5001520290933643,0.1683180329994003
2014-09-18,-0.2708447822780559,0.21882548817720682
2014-09-19,-0.036241971350627025,0.07690249855854461
2014-09-20,0.25412945615034477,-0.3399596869274078
2014-09-21,0.14481136381092224,-0.07989950923972645
2014-09-22,0.2472512933942449,0.2519674751356819
2014-09-23,0.36906811742818285,0.1402746640176299
2014-09-24,0.43146207620093546,0.2935634844842396
2014-09-25,0.15379758917639536,0.3713838095178196
2014-09-26,0.3148220907413351,0.7477600543878598
2014-09-27,0.6445281519016604,0.8447678282934948
2014-09-28,0.8790787316357844,0.6803315560149361
2014-09-29,0.880549515259226,0.7569730264553842
2014-09-30,0.648308224626438,0.7214639101818963
2014-10-01,0.6320082986185265,0.6657917319853089
2014-10-02,0.5641696931594433,0.7582082901673917
2014-10-03,0.7142623923280466,0.9118555883777858
2014-10-04,0.6556781497556141,1.0965858472072503
2014-10-05,0.3906803071615433,1.2018420383056905
2014-10-06,0.22634101762536565,1.41972708207573
2014-10-07,0.20846870261105802,1.4828775268516896
2014-10-08,0.15806540347362305,1.4027846247103781
2014-10-09,-0.005798875400895096,1.2482646685758028
2014-10-10,-0.15261825738310178,1.1757522085495806
2014-10-11,-0.2773207096998304,0.9443995994263588
2014-10-12,-0.6267654070648316,0.49819037188200815
2014-10-13,-0.8255848793018227,0.2712981546753262
2014-10-14,-0.9558685151372001,-0.1436734830095168
2014-10-15,-0.9883682623124708,-0.44494953882605925
2014-10-16,-1.059789437812869,-0.768298126671276
2014-10-17,-1.1233931754065436,-0.9758948408562405
2014-10-18,-1.146641016575724,-0.9848231172821518
2014-10-19,-0.807116685461531,-0.9037064626407206
2014-10-20,-0.5297256562561754,-0.7460267112747132
2014-10-21,-0.597580354087328,-0.7010482195792066
2014-10-22,-0.7303002110923038,-0.7517387597355017
2014-10-23,-0.6683878709355042,-0.7195213940324138
2014-10-24,-0.627561697634019,-0.7095201814921342
2014-10-25,-0.44880200511077223,-0.523683080684639
2014-10-26,-0.18595061296160736,-0.22252506655736798
2014-10-27,0.027793444919402575,-0.09686154797817713
2014-10-28,-0.003154012202459758,-0.054112531380210695
2014-10-29,0.01658030499953324,0.16203710236864435
2014-10-30,-0.1468246594000922,0.08484921911625165
2014-10-31,-0.12073209280644692,0.011587793510185969
2014-11-01,0.03511158499671917,0.020828710843423713
2014-11-02,0.16044737219411767,0.03518273465457092
2014-11-03,0.23307112820467377,0.08179184192098637
2014-11-04,0.44497243199278624,0.3188361532640228
2014-11-05,0.458041504491363,0.2476546710990162
2014-11-06,0.007978911844715282,0.09138287871190759
2014-11-07,-0.37203545716140696,0.03513055898921866
2014-11-08,-1.1496673193757614,-0.17775531565855093
2014-11-09,-1.690762078647316,-0.1763581565261803
2014-11-10,-1.8356603346706735,-0.3164979016724168
2014-11-11,-1.9408484366269763,-0.770539733537963
2014-11-12,-1.840756071302897,-0.8916268811817012
2014-11-13,-1.8479020230051302,-0.8790983086109884
2014-11-14,-1.5296145312295182,-0.9279609869344216
2014-11-15,-1.2844880143599107,-0.8329334344020206
2014-11-16,-1.2457995060736138,-0.8767574068709341
2014-11-17,-1.1943299822731075,-0.9868363130814591
2014-11-18,-0.8048520505794728,-1.0657096082038329
2014-11-19,-0.2784930877997723,-1.1802836936019458
2014-11-20,0.26611580907283894,-1.466607126126465
2014-11-21,0.7325136372191,-1.5684454512578716
2014-11-22,0.8723414407615465,-1.5936973766203184
2014-11-23,0.8399027027556569,-1.6388870146717416
2014-11-24,0.8671169536266297,-1.6865235600243746
2014-11-25,1.1458524935583956,-1.6491373616710852
2014-11-26,1.4750968367484285,-1.5662244923665585
2014-11-27,1.5802108887066517,-1.2920223033822895
2014-11-28,1.6810327159020884,-0.830643570472786
2014-11-29,1.9768960625223317,-0.25295790597694406
2014-11-30,1.991093077148385,0.46223582182720496
2014-12-01,1.51953909745939,1.078693583350992
2014-12-02,1.098498653311443,1.1383463916593828
2014-12-03,0.7467663538069803,1.3230742126722197
2014-12-04,0.3492496461072616,1.508694984536752
2014-12-05,0.07637377028140191,1.48225927480754
2014-12-06,-0.05667368238858965,1.5807730318065711
2014-12-07,-0.3550092824871557,1.3847129069870034
2014-12-08,-0.7234887448127625,1.1633940601062647
2014-12-09,-0.940394142188801,1.0019795220927377
2014-12-10,-1.0570879967369056,0.6782178605611343
2014-12-11,-1.266933550674576,0.5086017643159969
2014-12-12,-1.3184532995158198,0.423973566070961
2014-12-13,-0.9342030969755494,0.3845098605708594
2014-12-14,-0.4953400766075115,0.35191469113188156
2014-12-15,-0.13471479842291917,0.16344032065462719
2014-12-16,0.19133217258945034,-0.19941506383660643
2014-12-17,0.525107394884575,-0.6852544880111522
2014-12-18,0.6757346326907393,-0.6850066709407464
2014-12-19,0.9810347859271589,-0.5535084844990876
2014-12-20,1.2678936278949797,-0.6336944065714274
2014-12-21,1.4055433190519728,-0.6728414961758942
2014-12-22,1.35938553377458,-0.7877445109489728
2014-12-23,1.1510797126925398,-0.9838528374976805
2014-12-24,1.211830771880774,-1.0945932702687704
2014-12-25,1.3510571330283752,-0.9566873536989863
2014-12-26,1.4149014456468976,-0.6615335606337788
2014-12-27,1.3530177597435722,-0.5026013786301187
2014-12-28,1.3190675834337406,-0.2549918625156972
2014-12-29,1.1967345093886705,-0.15694875000260736
2014-12-30,1.4321089070048663,0.16174043667067278
2014-12-31,1.5260609797420077,0.2742761510342277
2015-01-01,1.3826891377807704,0.4426186953059342
2015-01-02,1.102535438425156,0.6104652648274335
2015-01-03,0.8699764111515471,0.8073543553720978
2015-01-04,0.8563033610636114,0.9943032591640043
2015-01-05,1.0364872228926638,1.2170745291498042
2015-01-06,1.1257597006262279,1.263300387067558
2015-01-07,1.0038001815906212,1.5784601240799652
2015-01-08,0.7870254318353211,2.0587830441250357
2015-01-09,0.4920955467554751,2.1450111513329055
2015-01-10,0.13847319787486492,1.9976170421290032
2015-01-11,-0.3125305328032513,1.818224883886644
2015-01-12,-0.6297725422062023,1.2597299436735943
2015-01-13,-0.7344965354052645,0.8024936382312104
2015-01-14,-0.8653866120682502,0.4535930712749449
2015-01-15,-1.080889354906311,0.10234817491682553
2015-01-16,-1.121029177195106,-0.1809102698375052
2015-01-17,-0.6212737015473337,-0.5713825687637089
2015-01-18,-0.605995433348922,-0.6520957050104442
2015-01-19,-0.3852064820363071,-0.43467023291637047
2015-01-20,-0.4372265692121511,-0.15215297112060566
2015-01-21,-0.446346291272286,-0.10879086617289847
2015-01-22,-0.5666251625362487,-0.28437681434896617
2015-01-23,-0.470123924345204,-0.5289299002189903
2015-01-24,-0.4269714155088477,-0.5007168125008341
2015-01-25,-0.30980100583737674,-0.5249296288905396
2015-01-26,0.015120698482794777,-0.6048261005963314
2015-01-27,0.33522496928782647,-0.43577346806554
2015-01-28,0.5825781962063309,-0.2847544542281443
2015-01-29,0.7051072275574626,-0.307243910475595
2015-01-30,0.5059467841570074,-0.1479138043058182
2015-01-31,0.30551673832041576,-0.08590621712155219
2015-02-01,0.037567443509981646,0.020506620392565636
2015-02-02,-0.29880571728716443,0.30950462167252846
2015-02-03,-0.49256966683050696,0.4128925193813691
2015-02-04,-0.5618968088045102,0.0787565277507181
2015-02-05,-1.0656713949345236,-0.4289070339171213
2015-02-06,-1.3158333917482368,-0.669002023198312
2015-02-07,-1.346321399111564,-0.752548681350039
2015-02-08,-1.212295886880383,-0.7384957419866204
2015-02-09,-1.140596834750296,-0.35174652562119435
2015-02-10,-1.0949177084149337,0.14256765763971946
2015-02-11,-0.8073380202205077,0.3586463022205609
2015-02-12,-0.5257297860466975,0.2654753173522186
2015-02-13,-0.1392832550824602,0.22770916440604178
2015-02-14,-0.06682590003452184,-0.12052421684483822
2015-02-15,0.1364823090765124,-0.39652318660388425
2015-02-16,0.17945727847241494,-0.41011067875755647
2015-02-17,0.22103833942220735,-0.32846950925635876
2015-02-18,0.116564153870755,-0.1931591855422578
2015-02-19,0.023279353029184095,0.09544795127325349
2015-02-20,-0.20857932012673794,0.17312959016575974
2015-02-21,-0.5847131302090276,0.09429706228909127
2015-02-22,-0.5255482975746799,0.0550983997965197
2015-02-23,-0.3010088030415371,-0.23187378136026876
2015-02-24,-0.1567341013521431,-0.2652894347045803
2015-02-25,0.14742496883940398,-0.2363371088760345
2015-02-26,0.3722648409446208,-0.23086808310643145
2015-02-27,0.5719220340502497,-0.44900982893904184
2015-02-28,0.6209352692972147,-0.6220579132503695
2015-03-01,0.9763791029752219,-0.4479028542225226
2015-03-02,1.435356129837051,-0.20170124588158195
2015-03-03,1.57549409478857,0.12094022083178607
2015-03-04,1.8080785122355059,0.2551175280796266
2015-03-05,1.97959786677596,0.11296312162045663
2015-03-06,2.153886593497155,0.19462440521560512
2015-03-07,2.0489863512273456,0.6168512874518777
2015-03-08,1.634813903115483,1.199582504994155
2015-03-09,1.1777112538806311,1.7577297259718956
2015-03-10,0.5802093467058947,1.972822586954777
2015-03-11,0.061745190878654536,2.3108598959565017
2015-03-12,-0.4858984039995448,2.590143561474771
2015-03-13,-1.1914998992649894,2.866213615102209
2015-03-14,-2.255468370524308,2.8916309269600675
2015-03-15,-3.2733698978248644,2.4617703913846762
2015-03-16,-3.7475016569102446,2.0060169181925214
2015-03-17,-3.7570183259933883,1.3892441066869063
2015-03-18,-3.5557764612862055,0.9440338452491251
2015-03-19,-3.2063566120808464,0.5075064184241832
2015-03-20,-2.9131606105772074,0.1361758139124614
2015-03-21,-2.4226554450222753,-0.12083574699453456
2015-03-22,-2.017042139248661,-0.4312439268064972
2015-03-23,-1.8633096756808936,-0.8261003142161885
2015-03-24,-1.9302111675720512,-1.2295036194908773
2015-03-25,-1.7444613842350614,-1.5238505251357186
2015-03-26,-1.1871491783692945,-1.6127261970125486
2015-03-27,-0.738487475831291,-1.722881353804385
2015-03-28,-0.46821455225964764,-1.9759695082357762
2015-03-29,-0.1490112137419876,-2.2422681336875967
2015-03-30,0.509275858555165,-2.133893342839801
2015-03-31,1.059113966303089,-1.7238258638626016
2015-04-01,1.3333358878996835,-1.5239360685456196
2015-04-02,1.5216570732557,-1.0356871499731417
2015-04-03,1.6544536605861087,-0.7914329960145183
2015-04-04,1.8427536165590575,-0.558623392562576
2015-04-05,2.1413885272390325,-0.630552147540179
2015-04-06,2.052385224878682,-0.630598331792915
2015-04-07,1.601707553564307,-0.5865735194364637
2015-04-08,1.3425687453748842,-0.5701122947226435
2015-04-09,1.1357332395585555,-0.49781403669672575
2015-04-10,0.7523894452189017,-0.5104733937633863
2015-04-11,0.6861614381547831,-0.568321625678354
2015-04-12,0.553807458669154,-0.4402324760196068
2015-04-13,0.5727729597626627,-0.4426799669800576
2015-04-14,0.35339589998738247,-0.6748632208682576
2015-04-15,0.33172310721910575,-0.5603824671844945
2015-04-16,0.5067251939553081,-0.45284836810132373
2015-04-17,1.0757875442221083,-0.5105845248381248
2015-04-18,1.1500308003989326,-0.5286881434337769
2015-04-19,1.0680352872403143,-0.5570700185932378
2015-04-20,0.8540071419968024,-0.3852374785909046
2015-04-21,0.680113754356622,-0.1528370263472
2015-04-22,0.6230187890305748,-0.1304600404869257
2015-04-23,0.4919831194259095,-0.0200822961565925
2015-04-24,0.29203685698175974,0.12789153082847016
2015-04-25,0.23861906541091785,0.1535701658305104
2015-04-26,0.025481895316675968,0.15064227353918977
2015-04-27,-0.048919030220751884,0.25980531524815736
2015-04-28,-0.18056383415567978,0.44231564978721116
2015-04-29,-0.15304096929220934,0.6407056053857563
2015-04-30,-0.18692320288670156,0.6498024550795197
2015-05-01,-0.0961968510405116,0.6244418333400236
2015-05-02,-0.1363462866606588,0.9049797578046357
2015-05-03,-0.22832537311073361,1.0284675267555767
2015-05-04,-0.4021339528204563,0.9312663935249242
2015-05-05,-0.175040814183156,0.5485749485478784
2015-05-06,-0.09059800932982748,0.2994733352466186
2015-05-07,-0.0560960646489592,0.30856511979015666
2015-05-08,0.23033033139280792,0.4386309416100675
2015-05-09,0.1390711036064418,0.6373453013300178
2015-05-10,-0.024337349236999723,0.8486594902573257
2015-05-11,-0.30504298753647224,0.8837600382202744
2015-05-12,-0.38673614171048193,0.8069680676457539
2015-05-13,-0.3693833448397249,0.8223672967271386
2015-05-14,-0.5005656337391333,0.9826062800942866
2015-05-15,-0.4491784279800741,1.0036225885042267
2015-05-16,-0.6149974868093262,0.9208789669298594
2015-05-17,-0.813386268935038,0.8902743393494262
2015-05-18,-0.7679916145661683,0.9399886016038017
2015-05-19,-0.6146898706047201,0.6147617189597039
2015-05-20,-0.47089103742335514,0.20551640175669755
2015-05-21,-0.27095670356633816,-0.026889742203223748
2015-05-22,-0.11975529937323048,-0.24217790103695241
2015-05-23,0.05347265792376052,-0.36014095769943455
2015-05-24,0.08453541208907439,-0.44223495453326034
2015-05-25,0.04725281762569773,-0.46480229150055397
2015-05-26,-0.057364530622433206,-0.45250642017944054
2015-05-27,-0.2861785309087947,-0.5610371070875673
2015-05-28,-0.5063527683144387,-0.594996285317358
2015-05-29,-0.7817177449440144,-0.5941380896057286
2015-05-30,-0.9839767704778879,-0.6362126877135879
2015-05-31,-1.2480599636477023,-0.873417981872719
2015-06-01,-1.345619331957253,-1.1662215728959713
2015-06-02,-1.2346108542009677,-1.4977629862319326
2015-06-03,-1.1584559570325421,-1.8555154677217898
2015-06-04,-1.0135367815319152,-2.2621099179302027
2015-06-05,-0.7487202298959168,-2.4084707723197525
2015-06-06,-0.4989517267939072,-2.465588666117426
2015-06-07,0.001802339766545859,-2.5610728356460335
2015-06-08,0.5788247879003335,-2.4128345623809606
2015-06-09,1.1424576740866812,-2.330002845857436
2015-06-10,1.517990645639337,-2.1056905211479036
2015-06-11,1.9763837291457407,-1.7060823653162063
2015-06-12,2.2423520814111395,-1.4902683514241792
2015-06-13,2.4494107629871538,-1.3911201143583454
2015-06-14,2.3913769513897263,-1.2862336397294891
2015-06-15,2.405078353909984,-0.9384879923225143
2015-06-16,1.922930319280945,-0.7651516677589336
2015-06-17,1.6475760122805114,-0.5166084896979064
2015-06-18,1.61124890152028,-0.21701436374362812
2015-06-19,1.7296369356466603,0.02424681090639075
2015-06-20,1.7841593700044225,0.0282827206674517
2015-06-21,2.0258131073436183,0.13347509533830212
2015-06-22,2.1475297281092782,0.2586089139473838
2015-06-23,1.9870378985264283,0.5068020917584255
2015-06-24,1.9508401257365588,0.8175511153887292
2015-06-25,1.7190050260611196,0.9872207963274514
2015-06-26,1.133458330177616,1.086428080343864
2015-06-27,0.689366190991215,1.2735129089379038
2015-06-28,0.34773014878729025,1.6421105050586693
2015-06-29,-0.04528384493819151,1.9726220248379807
2015-06-30,-0.41609320518146187,2.413071883635176
2015-07-01,-1.078302916893001,2.6375567908255273
2015-07-02,-1.4906027794178642,2.7017852550367736
2015-07-03,-1.8632195920916301,2.9454716654589364
2015-07-04,-2.158872638224791,3.0381883613653304
2015-07-05,-2.390936875552095,3.072460822442724
2015-07-06,-2.524424691700127,2.919567889405286
2015-07-07,-2.152856514554745,2.837033535690996
2015-07-08,-1.721083671356221,2.584434029899726
2015-07-09,-1.5675953166580947,2.282444740671554
2015-07-10,-1.5083149633104185,1.6769793993790627
2015-07-11,-1.521542877476763,0.9983662439989838
2015-07-12,-1.456578458141777,0.5190380471827544
2015-07-13,-1.2780450167257404,0.36670533879083583
2015-07-14,-1.0358041369091915,0.45349713421675986
2015-07-15,-0.6965082981049113,0.4778089739943292
2015-07-16,-0.5049132331080631,0.1510897696423235
2015-07-17,-0.3087744371001622,-0.20625090428558138
2015-07-18,-0.13208444438334624,-0.530950240903853
2015-07-19,0.20333508256296495,-0.6694909687354468
2015-07-20,0.6667872325123514,-0.6931788458392276
2015-07-21,0.8223778433556889,-0.5849072003473434
2015-07-22,0.740948630027612,-0.628980478059686
2015-07-23,0.7036703207364885,-0.8498461743080528
2015-07-24,0.5624661973718589,-0.8616643425149291
2015-07-25,0.3854651292287906,-0.8786915186354471
2015-07-26,0.16181920836799213,-0.9406999661482547
2015-07-27,0.04742080684173643,-1.1313260491017934
2015-07-28,-0.07534651202334536,-1.2795369210277812
2015-07-29,-0.09721515973199599,-1.2524259231960784
2015-07-30,0.19038942089543195,-0.8277022039553306
2015-07-31,0.41098559279364244,-0.5144039382547981
2015-08-01,0.08729627923662968,-0.05923336071200411
2015-08-02,-0.11219633627209932,0.4371039947881122
2015-08-03,-0.07348448870630254,0.39505103233960104
2015-08-04,-0.005575547518987651,0.25075164134902966
2015-08-05,-0.10783132146952666,0.4177681489046651
2015-08-06,-0.22928253040897437,0.5427698116016586
2015-08-07,-0.4979709847994959,0.8015715475814874
2015-08-08,-0.4350828505404294,1.0520437851906528
2015-08-09,-0.38560708338817423,1.0839187454543162
2015-08-10,-0.42137468317073185,1.2979038082349477
2015-08-11,-0.43351831416827324,1.127977755611763
2015-08-12,-0.12489939494028268,0.6844529166198289
2015-08-13,-0.09111442200688297,0.12308713495033541
2015-08-14,-0.22027897155471146,-0.23116636791715703
2015-08-15,-0.15781183936306342,-0.15429042781324362
2015-08-16,-0.20071525194116152,-0.1371062821288496
2015-08-17,-0.2837419504549771,-0.2027832816945206
2015-08-18,-0.30501726718562194,-0.15024206880821525
2015-08-19,-0.1706257170878901,-0.03960725327789344
2015-08-20,-0.16031447646077032,-0.04412945690865599
2015-08-21,-0.2265717658008205,-0.1439455043353143
2015-08-22,-0.25960005942117087,-0.5576154469568471
2015-08-23,-0.26548643155350043,-0.696205695675895
2015-08-24,-0.17027575972976403,-0.8607551251208825
2015-08-25,-0.14137524627323347,-0.8337703449331066
2015-08-26,0.02143783806209688,-0.7331009764096543
2015-08-27,0.3519628100117359,-0.6947369304741567
2015-08-28,0.3578563903571377,-0.44948886131990284
2015-08-29,0.25235828012726247,-0.3244494663456851
2015-08-30,0.2218671626789805,-0.22577107315002426
2015-08-31,0.1310047898892477,-0.03940170050810997
2015-09-01,-0.16616935012783815,-0.29348502842998225
2015-09-02,-0.495516206725739,-0.4449475948804057
2015-09-03,-0.7286367799464235,-0.4504180711750165
2015-09-04,-0.5730274359278674,-0.43160311781436206
2015-09-05,-0.2917454745046698,-0.559941640004756
2015-09-06,-0.20739562575284962,-0.48737187292405343
2015-09-07,-0.18405643870900432,-0.3165498335126595
2015-09-08,0.09025014193850531,-0.3799327194997463
2015-09-09,-0.09074329771008693,-0.269812645770379
2015-09-10,-0.163720243412036,0.09192784213365855
2015-09-11,0.0014530646592674438,0.111532292925616
2015-09-12,0.3167844897188236,0.01660718757764491
2015-09-13,0.37667282879003094,0.06238882834691751
2015-09-14,0.32699287151658657,0.2739827197038965
2015-09-15,0.2946813304025312,0.23662355265555038
2015-09-16,0.3692679056608335,0.0470513119618041
2015-09-17,0.3680013385110066,0.0977554742970908
2015-09-18,0.4917199603896155,0.114235068903938
2015-09-19,0.45536651796042477,0.1979569213869963
2015-09-20,0.45157402410602454,0.4389606930392143
2015-09-21,0.44594364756807087,0.48778561597301945
2015-09-22,0.1470128480690883,0.5082652452978867
2015-09-23,0.02514497051416896,0.8078222357095923
2015-09-24,0.03158685530188913,1.2006576588024531
2015-09-25,-0.05879662215345431,1.2053481086834315
2015-09-26,-0.23163465105721456,1.056615696846075
2015-09-27,-0.2924576990144049,0.8763261167454309
2015-09-28,-0.5303989232896815,0.725080765019009
2015-09-29,-0.8096568335357182,0.5741566829192533
2015-09-30,-0.8663413591219198,0.649423685952444
2015-10-01,-0.8729217754390028,0.6380185915569845
2015-10-02,-0.8252173271977571,0.6713743474567392
2015-10-03,-0.7729938374924619,0.626323413359782
2015-10-04,-0.8053362392086415,0.44070576157119357
2015-10-05,-0.5065820260444279,0.4243728903300203
2015-10-06,-0.3579356380945567,0.44269601860016494
2015-10-07,-0.4203826232682237,0.7846345496837349
2015-10-08,-0.3797025409728202,0.9799495050704381
2015-10-09,-0.5120550474148613,1.2070371173825298
2015-10-10,-0.47148259219845795,1.290737677496095
2015-10-11,-0.4473628151541902,1.294234130039616
2015-10-12,-0.6092055137578974,1.4014423202878081
2015-10-13,-0.9352274816103558,1.3590472762016135
2015-10-14,-0.9931005998636201,1.5356524456287584
2015-10-15,-1.0032260573785534,1.3922812138710412
2015-10-16,-0.9298637661919961,1.1181550169351842
2015-10-17,-1.1923869796855462,0.7908254327764187
2015-10-18,-1.128336664916114,0.6157246775275841
2015-10-19,-1.00999690650192,0.4339528279962892
2015-10-20,-0.9399921172801198,0.3176250195906217
2015-10-21,-1.0483197911298858,-0.20367118498679546
2015-10-22,-1.0562733597383416,-0.587968253624142
2015-10-23,-0.9040051284104353,-1.2725460124612902
2015-10-24,-1.018423948753696,-1.920582487856734
2015-10-25,-1.0251995723900562,-2.1610632923457533
2015-10-26,-0.9897796976184954,-2.3507534031110997
2015-10-27,-0.8500608181665591,-2.292464757292446
2015-10-28,-0.8316072309161446,-2.141817186625345
2015-10-29,-0.544467978127195,-2.119712452601302
2015-10-30,-0.12222343485473801,-2.0866796372237766
2015-10-31,0.30881959585821356,-2.0106732203957254
2015-11-01,0.5713876266703443,-1.7482268852503564
2015-11-02,0.7665993701882332,-1.6221373978345026
2015-11-03,0.9146196070277228,-1.6027386448588818
2015-11-04,1.0121717862974065,-1.5996681130901995
2015-11-05,1.1310905394433097,-1.3526369225029709
2015-11-06,1.3401938572068501,-1.1336360710508453
2015-11-07,1.1832606906417156,-1.053578721980789
2015-11-08,1.1893970625602472,-1.0263673993239106
2015-11-09,1.4967395634680263,-0.9215888581553088
2015-11-10,1.6062683254221544,-0.6725676395016975
2015-11-11,1.3139662037948419,-0.538140437709802
2015-11-12,0.9568547716040007,-0.6428593551391916
2015-11-13,0.8628035337707293,-0.8174528220090217
2015-11-14,0.6412188055086613,-0.9767476249486017
2015-11-15,0.5338455409600591,-1.1105873680118985
2015-11-16,0.5357883791000869,-1.265499255312202
2015-11-17,0.4940572041658699,-1.049431023967853
2015-11-18,0.2619446147983956,-1.0092759261572384
2015-11-19,0.2561933576816047,-1.1384685229161777
2015-11-20,0.2928838648347455,-1.112047188682809
2015-11-21,0.06615835502871185,-0.9034883296339656
2015-11-22,0.044202555247056685,-0.7963661067782571
2015-11-23,0.2623278074916792,-0.8099271680765219
2015-11-24,0.700718824892173,-0.7917487860346638
2015-11-25,0.8818422257786257,-0.7287795374883249
2015-11-26,0.9272625044373048,-0.6176022309070707
2015-11-27,1.0822204559095268,-0.6131853037670552
2015-11-28,1.1327108099690217,-0.46503233882871975
2015-11-29,0.9691835540674884,-0.11506239067473391
2015-11-30,0.7649512581629796,0.2066689971326872
2015-12-01,0.7143606219855747,0.24171405018283196
2015-12-02,0.30533466483195,0.38246132739831995
2015-12-03,-0.0542095499403273,0.32006421378785527
2015-12-04,-0.15297287680734548,-0.025428303208311753
2015-12-05,0.02422383926294523,-0.23750630771532724
2015-12-06,0.24880579445546944,-0.04141734965546139
2015-12-07,0.21438355847771365,-0.09559657875884882
2015-12-08,0.37192014862750206,-0.2696044740369068
2015-12-09,0.59134274886539,-0.1395606348113232
2015-12-10,0.8114847496281538,-0.010365437746823327
2015-12-11,0.910165292935726,-0.18459746444929154
2015-12-12,1.1131269000624224,-0.25588825132774284
2015-12-13,1.5428312606531207,-0.15968034581513135
2015-12-14,1.786150782169946,-0.06637518690720691
2015-12-15,1.9664499535045363,0.2821036486725962
2015-12-16,1.9456186688596082,0.6493876030253583
2015-12-17,1.7941610707738025,0.6956818835067479
2015-12-18,1.9495532250959564,0.9044639154814453
2015-12-19,1.9370758681982256,1.126855923871921
2015-12-20,1.6900476997928593,1.1539714409919917
2015-12-21,1.027907350056231,1.3921527280551045
2015-12-22,0.4414849676875042,2.10593306268434
2015-12-23,0.01893198416070347,2.7032137802668617
2015-12-24,-0.1413655024297127,2.6725151913219185
2015-12-25,-0.48195175185592587,2.3215727549278555
2015-12-26,-0.8757848052545284,2.3196880428759292
2015-12-27,-0.9790289933973544,2.536780143609551
2015-12-28,-1.2700274459570813,2.3332022105667822
2015-12-29,-1.2962275729268988,1.7825599517354007
2015-12-30,-1.417731211548889,1.3825947649965782
2015-12-31,-1.5293924682821065,1.2273376769249014
2016-01-01,-1.7545229692633282,1.1823447138475698
2016-01-02,-1.7982173557582861,1.3538804122796004
2016-01-03,-2.0710506685767327,1.3570807746465305
2016-01-04,-2.517784647141939,1.173750124800598
2016-01-05,-2.9277040458501573,1.120211178198024
2016-01-06,-2.9987764822379672,0.7765601424297611
2016-01-07,-2.93097349626283,0.33949669027603435
2016-01-08,-2.949892744070362,-0.29747501606857174
2016-01-09,-2.6342988042387896,-0.5942869144439308
2016-01-10,-2.2626868154581783,-0.7643719344026177
2016-01-11,-1.3060257066256764,-1.071102841205378
2016-01-12,-0.7401318793675328,-1.5106941497709943
2016-01-13,-0.3043668947475072,-1.8200497982392363
2016-01-14,0.14391886362756257,-1.7583663402757643
2016-01-15,0.40172310048165194,-1.4638946002598157
2016-01-16,0.6407780207089094,-1.3307396270021221
2016-01-17,0.7319856346799813,-1.1543661811249746
2016-01-18,0.6564810108621558,-1.0672811283881858
2016-01-19,0.5965991742231311,-1.0342889427296078
2016-01-20,0.3117027834316544,-1.1724403630531572
2016-01-21,0.03828352432445322,-1.1500266968553179
2016-01-22,-0.05687299200810916,-0.8442923441579506
2016-01-23,0.16621474908323627,-0.707549462907584
2016-01-24,0.6045633469822308,-0.9481399398574586
2016-01-25,0.8563215707867543,-1.0109312882009556
2016-01-26,1.133285536738334,-0.7774236585058392
2016-01-27,1.0702701061231539,-0.495545601961209
2016-01-28,0.9432941574326138,-0.16438510796594777
2016-01-29,0.9635199073464706,-0.06404409483761564
2016-01-30,0.869178794163947,-0.28490301572330295
2016-01-31,0.8763014910353686,-0.4653099189295305
2016-02-01,0.9182801412013323,-0.44255896890323737
2016-02-02,1.0562887889432466,-0.4304845047532144
2016-02-03,1.2068474195391126,-0.3903199971284528
2016-02-04,1.3273212437327353,-0.2013925060740012
2016-02-05,1.4305606937447939,0.04745635983651966
2016-02-06,1.582751278470862,0.031469607002239317
2016-02-07,1.446529603267504,0.0038610522347447026
2016-02-08,1.558355189410175,-0.11933887406048001
2016-02-09,1.6390220045749515,0.13096177382524432
2016-02-10,1.6010523904390743,0.28187739357000124
2016-02-11,1.6351208533789954,0.33533989705495937
2016-02-12,1.5216591558932424,0.5383128912805464
2016-02-13,1.084706523464719,0.9839440130267318
2016-02-14,0.7029472076514024,1.19566313456134
2016-02-15,0.5419600180853176,1.4024114772875813
2016-02-16,0.05005911331535604,1.3534754545548555
2016-02-17,-0.34272187552690814,1.120111421576216
2016-02-18,-0.5767251552764726,1.0206378668456209
2016-02-19,-0.43923938697192,1.0756718690258427
2016-02-20,-0.7656050989294064,1.0580131383127527
2016-02-21,-1.1568332612605163,1.005268416870982
2016-02-22,-1.6743554768874023,1.0583418229511328
2016-02-23,-2.1336230719982567,0.8509663395196583
2016-02-24,-2.45018317506551,0.3648319550630901
2016-02-25,-2.6074055550726123,0.008830833192558986
2016-02-26,-2.3678830734850242,0.3173540923416824
2016-02-27,-2.019310716415866,0.45256100543426053
2016-02-28,-1.708065620228325,0.47968449585489814
2016-02-29,-1.6401605884032626,0.22587923524459894
2016-03-01,-1.6879229580698836,-0.10827284262227807
2016-03-02,-1.553739542313218,-0.0608939834762859
2016-03-03,-1.5396419446753251,-0.0990384429675662
2016-03-04,-1.3353205330387186,-0.2442280638936956
2016-03-05,-1.124035023629736,-0.5178646938141148
2016-03-06,-0.9245031169977536,-0.6609471125170833
2016-03-07,-0.732435530698849,-0.6794200966511504
2016-03-08,-0.47905198559976786,-0.9288806731025737
2016-03-09,-0.211295582152329,-0.9421992227559739
2016-03-10,0.0824119152954356,-0.8037256896303545
2016-03-11,0.1932786283056552,-0.655450516169699
2016-03-12,0.4976152838903049,-0.6188277842853497
2016-03-13,0.8120045551801475,-0.611345280408445
2016-03-14,0.8559141218286345,-0.4095545402334381
2016-03-15,1.1280723741212497,-0.3072401642535385
2016-03-16,1.1427335463659447,-0.10848305943638303
2016-03-17,1.3628759521098055,0.24421923030666376
2016-03-18,1.0715051388443622,0.5780576118331505
2016-03-19,0.7794866697386597,0.7761567366867338
2016-03-20,0.7769360605257951,0.8460950838137036
2016-03-21,0.7735098749881719,0.861494346381676
2016-03-22,0.8638208867427404,0.7502930681968684
2016-03-23,0.6563969072627576,1.008750066894539
2016-03-24,0.22019813467633825,1.1787739389706404
2016-03-25,-0.3422390337362391,1.0540168989379828
2016-03-26,-0.7708495283062388,0.6355877922690124
2016-03-27,-1.0702196805336024,0.4258912105959707
2016-03-28,-1.272814623961634,0.13364097981485865
2016-03-29,-1.5853019218481057,-0.2706474729159613
2016-03-30,-1.7645830948490153,-0.49705419577709165
2016-03-31,-1.6890155624371337,-0.792587491352145
2016-04-01,-1.4520600190725186,-1.1134412684460504
2016-04-02,-1.1727241781996889,-1.252356781434738
2016-04-03,-0.7260089043755341,-1.2184668122790328
2016-04-04,-0.1923229369838814,-1.0953138290251372
2016-04-05,0.11793640968935419,-0.8972888698274719
2016-04-06,0.15699138704259494,-0.7190325198627412
2016-04-07,0.21692768782105196,-0.6311633408467126
2016-04-08,0.36318071601432117,-0.4755664986575086
2016-04-09,0.5638998243597705,-0.11811301068524745
2016-04-10,0.5022332650344835,0.04816183357472792
2016-04-11,0.53862971054362,0.22003149138278855
2016-04-12,0.7552698680832619,0.5967433390380059
2016-04-13,0.8297507754663158,0.970084927226882
2016-04-14,0.476507512341041,1.0735289855248702
2016-04-15,0.22423047950149386,0.8383119478872736
2016-04-16,0.02044897008149061,0.4988230246423581
2016-04-17,-0.037219638862230606,0.17133759882415178
2016-04-18,-0.017473055311977268,-0.045723391456728435
2016-04-19,-0.020393570969071878,-0.158525389821781
2016-04-20,-0.08988413517576739,0.004359453274110401
2016-04-21,-0.23442390137958827,-0.12001722856479684
2016-04-22,-0.4487888289958524,-0.039338926146080394
2016-04-23,-0.6413023509558233,0.033440356783838034
2016-04-24,-0.7825086197149695,0.11207960839340418
2016-04-25,-0.9805849128525099,0.14485093996248974
2016-04-26,-1.0636741898909807,0.4049473724877968
2016-04-27,-1.13160834071422,0.529245935143362
2016-04-28,-1.1388247073417472,0.45513193250793
2016-04-29,-1.2838589133712017,0.3568046474726672
2016-04-30,-1.2300859368914052,0.14699520026850268
2016-05-01,-1.0034620461761967,-0.12688741946548743
2016-05-02,-0.7796665630821011,-0.17667849641685204
2016-05-03,-0.6329903211440627,-0.3595807855917664
2016-05-04,-0.5797346640851853,-0.715190765649275
2016-05-05,-0.6059361304242528,-1.0402234453472707
2016-05-06,-0.2849793663005473,-1.1493867979105754
2016-05-07,-0.027517735109149382,-1.3334587734888752
2016-05-08,0.299933035509574,-1.2502237098992803
2016-05-09,0.6613577009185014,-1.2186902380588633
2016-05-10,0.7352262803896122,-1.0636532893832038
2016-05-11,1.0450812073771498,-1.097200538205671
2016-05-12,0.9724271088689255,-1.1183478406570382
2016-05-13,0.8138575183736191,-1.0513350310001668
2016-05-14,0.8490400704327685,-0.9698995536174794
2016-05-15,1.2072826313527214,-0.754172139699213
2016-05-16,1.4572234996625666,-0.6273276256324699
2016-05-17,1.5304967681238757,-0.33931222970127967
2016-05-18,1.6487217465804092,0.2446589406306369
2016-05-19,1.6262957456700455,0.6999188886817851
2016-05-20,1.5055985682198534,0.9805854386286779
2016-05-21,1.4441827359165618,1.066399262312194
2016-05-22,1.3385813904605366,1.1419843606809619
2016-05-23,1.2375140013046293,1.041498087236445
2016-05-24,0.9680288911435186,0.943777113970265
2016-05-25,0.770699965168304,0.8975603460098476
2016-05-26,0.45896633660345415,0.8392986486662539
2016-05-27,0.16237531921349882,0.8130079484781692
2016-05-28,-0.24102437468476226,0.6145996527478581
2016-05-29,-0.2645284404707118,0.5296609553676451
2016-05-30,-0.36636435930328026,0.5581468874586836
2016-05-31,-0.4180298216455964,0.8193556510593216
2016-06-01,-0.45398160672628585,0.8493025655198739
2016-06-02,-0.5888831333190245,1.1984453149362049
2016-06-03,-0.8967798049523091,1.463042675067826
2016-06-04,-0.9624396445133848,1.5348717904713174
2016-06-05,-1.0698616886513128,1.2802259116998433
2016-06-06,-0.9982424327614763,0.7568031256241463
2016-06-07,-0.7693952472766784,0.11199201796731048
2016-06-08,-0.583776269944511,-0.4606609491775203
2016-06-09,-0.5154377307619779,-0.9036510592161604
2016-06-10,-0.21645456196456106,-1.2514410108194967
2016-06-11,0.06147998349791002,-1.3534094907509213
2016-06-12,0.27481625187640485,-1.5584779465778793
2016-06-13,0.5209126051647714,-1.6490781562522763
2016-06-14,0.5307361423323219,-1.672687069254383
2016-06-15,0.7768553055582962,-1.5680646304054138
2016-06-16,0.8376332578328295,-1.6418804847392525
2016-06-17,0.9637733419628759,-1.3910343659873772
2016-06-18,1.073756084801082,-0.8303633557191419
2016-06-19,1.2592788283322556,-0.0649115830851686
2016-06-20,1.357347690900904,0.38142129914752665
2016-06-21,1.5061347828993823,0.4849882916303876
2016-06-22,1.4654022723656468,0.4486759914040135
2016-06-23,1.5305574618419153,0.6202901991831462
2016-06-24,1.5793309048373882,0.62912172032151
2016-06-25,1.4183364581692834,0.9738046298484253
2016-06-26,1.4128269726092626,1.1351866946449003
2016-06-27,1.3294106263543792,1.0101798349877575
2016-06-28,0.8305410399000739,0.892993427212869
2016-06-29,0.10138536108893721,0.8507923816282404
2016-06-30,-0.24061354138387805,0.9621389223778304
2016-07-01,-0.20437891376438197,0.986726566600814
2016-07-02,-0.21797824314161302,0.8617195481625429
2016-07-03,-0.3297616592962498,0.7468871102073017
2016-07-04,-0.3933373080681982,0.6160201463118252
2016-07-05,-0.3095963854154886,0.17669070114322355
2016-07-06,-0.3441647354014943,-0.2201053155838763
2016-07-07,-0.38303492132717654,-0.42239398428258906
2016-07-08,-0.5290590850519399,-0.49176922952790625
2016-07-09,-0.5317184590000055,-0.49716053434828983
2016-07-10,-0.5707673972462499,-0.7426420023740413
2016-07-11,-0.45348312196118634,-0.8702895799471843
2016-07-12,-0.28807989338134965,-1.0185804067826645
2016-07-13,-0.35065991828979526,-1.0427901960580177
2016-07-14,-0.650050362524341,-1.1460316916470814
2016-07-15,-1.0239225813265538,-1.1107506805951388
2016-07-16,-1.1384024519577607,-1.3436979091231231
2016-07-17,-1.0530830955261685,-1.613828843745626
2016-07-18,-0.9120727880902848,-1.7433903549714784
2016-07-19,-0.8330695298166576,-1.7257793020553869
2016-07-20,-0.7111743182998046,-1.9238804237757237
2016-07-21,-0.685585204107325,-1.8483242091268235
2016-07-22,-0.5004114358445215,-1.521706559980896
2016-07-23,-0.028924635246264905,-1.1869382602970926
2016-07-24,0.14784667487422326,-0.9673636335410594
2016-07-25,0.2991635919157627,-0.7746190060248213
2016-07-26,0.07335735298672436,-0.7669641555422134
2016-07-27,0.181102603717121,-0.7404263415909015
2016-07-28,0.18128610044978186,-0.6548531210774136
2016-07-29,0.17594927614039327,-0.46678713665060106
2016-07-30,0.17311784166897534,-0.3375963368007579
2016-07-31,0.32452726999673326,-0.35434057444911
2016-08-01,0.2582279619800515,-0.3551948149522106
2016-08-02,0.18322392661846074,-0.27553370732061727
2016-08-03,0.3004988869158753,-0.25909005186509454
2016-08-04,0.21619022325759196,-0.03250310481277668
2016-08-05,0.04314140703159768,0.35570281756091554
2016-08-06,-0.060384246630217235,0.43286575148760176
2016-08-07,-0.14656569817225373,0.568356796060684
2016-08-08,-0.20798553985142684,0.8383714400285665
2016-08-09,-0.27821384249484254,1.0468753440576422
2016-08-10,-0.5188706418856348,0.8750491517646442
2016-08-11,-0.7583103262290476,1.0595499066814114
2016-08-12,-0.8867974351134087,1.185591427599969
2016-08-13,-0.8848909740489098,1.2450342001865098
2016-08-14,-0.7063366385982237,1.1390253763426366
2016-08-15,-0.5734466902450799,1.1877282640418847
2016-08-16,-0.43066582959068817,1.3315063672689083
2016-08-17,-0.36168656157881346,1.280466877791242
2016-08-18,-0.34592063830019415,1.1917533861298524
2016-08-19,-0.16799150779015765,1.1922499957549424
2016-08-20,0.029956492830837636,1.2062653883732375
2016-08-21,0.0374497546491654,1.2273338114991639
2016-08-22,-0.26896320168020915,1.4376370554799611
2016-08-23,-0.6548911039651936,1.3275448852125649
2016-08-24,-0.8396068686983515,1.1819716834734453
2016-08-25,-0.7681310242331679,1.3646324250362598
2016-08-26,-0.6344730405048263,1.1917747613808036
2016-08-27,-0.5191847346809139,1.0826866120543945
2016-08-28,-0.5185786344557595,0.8054757121455234
2016-08-29,-0.5450143596265203,0.448528354532228
2016-08-30,-0.6097574004525937,0.11265023088384976
2016-08-31,-0.784069609966551,-0.3334654653843566
2016-09-01,-0.5895695592234136,-0.21156458283039542
2016-09-02,-0.1283302067012025,-0.1651554796309179
2016-09-03,0.19898822329991195,-0.2595191247852396
2016-09-04,0.25837703051298455,-0.5175860435939468
2016-09-05,0.16710605050899913,-0.8031967755313326
2016-09-06,-0.12394887777887757,-1.1958249491036208
2016-09-07,-0.13948598832335346,-1.4649971813789013
2016-09-08,-0.12071391881116761,-1.3231762635990805
2016-09-09,-0.2744394127582485,-1.1586802067170026
2016-09-10,0.08237443574682653,-1.1516577388121598
2016-09-11,0.5297616390357113,-1.0711815751962621
2016-09-12,0.7906683619616275,-0.8197796136332595
2016-09-13,1.0364480670751368,-0.7995366044753829
2016-09-14,1.363363534310365,-0.5949087464628527
2016-09-15,1.545531440468089,-0.2840942980978075
2016-09-16,1.4739424374378916,-0.1581686464063791
2016-09-17,1.4938508451695327,-0.2545684737495132
2016-09-18,1.485083253700019,-0.045801309398677575
2016-09-19,1.2313924854292373,0.11924086796181597
2016-09-20,1.0805590983405355,0.10591742419654221
2016-09-21,1.0656322927777917,-0.1890453938087772
2016-09-22,1.0279468930191038,-0.2793692706496062
2016-09-23,1.0106738819118049,-0.38266420523297595
2016-09-24,0.9125151127997018,-0.27187981849745235
2016-09-25,0.7585271822829732,0.06633328421634699
2016-09-26,0.7838910313758797,0.23299922288471442
2016-09-27,0.8226849785783137,0.2078296968438826
2016-09-28,0.773138821915371,0.4380018877964423
2016-09-29,0.7509314968903853,0.5144881079310086
2016-09-30,0.666609375183843,0.639482406781573
2016-10-01,0.6948264584584383,0.83916973225842
2016-10-02,0.7481579105731584,0.8498222416649132
2016-10-03,0.9292309512146145,0.5941690900185111
2016-10-04,1.0532316028339999,0.3258206383660112
2016-10-05,0.9963345167286943,0.2871643096339072
2016-10-06,0.977879168651789,0.27815375571399636
2016-10-07,0.8043788719919704,0.08978819554215631
2016-10-08,0.6360254275182253,0.08327809984570973
2016-10-09,0.611240188345248,0.0071881504646120475
2016-10-10,0.2608860129393714,0.1279819150057435
2016-10-11,0.35205536381022057,0.35887495906201033
2016-10-12,0.3818294270515412,0.41131962069779643
2016-10-13,0.1517188189296762,0.5486827950168113
2016-10-14,-0.09038557637810177,0.4972681402311367
2016-10-15,-0.2934319544357976,0.3399657254354167
2016-10-16,-0.3627711287054403,0.2011982324360197
2016-10-17,-0.3395723018632036,0.23844949223869324
2016-10-18,-0.2411220497489074,0.2067308328404425
2016-10-19,-0.09774605736136055,0.11005324934774424
2016-10-20,-0.10614996558003353,-0.06428637799027054
2016-10-21,-0.1534986434232753,-0.23094606584281846
2016-10-22,0.05340922726371258,-0.29737591959812887
2016-10-23,-0.030143502593683213,-0.11990663386970815
2016-10-24,-0.215224300260154,0.13925150297231095
2016-10-25,-0.42839479248330886,0.2756202206590527
2016-10-26,-0.6305842074489557,0.37269571269438917
2016-10-27,-0.6473344341137803,0.5410547543084812
2016-10-28,-0.5992815677892481,0.4226484704727836
2016-10-29,-0.6400716657630232,0.3337697024456527
2016-10-30,-0.6617944317316671,0.18595888133604374
2016-10-31,-0.26876109986823327,0.27252439922583477
2016-11-01,-0.04700736251379969,0.32592194173731387
2016-11-02,-0.020740967205491893,0.3406445179503403
2016-11-03,0.14348796631402186,0.43258476246197547
2016-11-04,0.5055475471324712,0.8408027026194601
2016-11-05,0.289767181623616,1.1379635446421614
2016-11-06,-0.10759115362147224,1.3379808539152072
2016-11-07,-0.628501451550678,1.3142982560465706
2016-11-08,-1.216597673116744,1.381431494554003
2016-11-09,-1.6294125918839606,1.3094868613242916
2016-11-10,-2.0238242948003022,1.1086575943143935
2016-11-11,-2.5004176995739957,0.7557229154280608
2016-11-12,-2.6733146474446006,0.20612521079249488
2016-11-13,-2.529061427329915,-0.09771461557792543
2016-11-14,-2.2170430144913507,-0.3605863250075241
2016-11-15,-1.850508864229998,-0.4682278226993216
2016-11-16,-1.5802992043250408,-0.7467298499366102
2016-11-17,-1.2980324827283014,-1.2107371359833907
2016-11-18,-0.9059481083904091,-1.3610757548218348
2016-11-19,-0.6357383256553465,-1.3347986763745503
2016-11-20,-0.4580847944734739,-1.231136191668685
2016-11-21,-0.10248318070730764,-1.1102047721527875
2016-11-22,0.2636678331309806,-1.0632598946749865
2016-11-23,0.45983566468126935,-1.0007823344326372
2016-11-24,0.46259657073746036,-0.8103759908069877
2016-11-25,0.646508002535178,-0.7916242093519124
2016-11-26,0.6795609804142609,-0.6403864479844268
2016-11-27,0.5259042640036586,-0.19102714071365473
2016-11-28,0.34345323922374504,-0.025853416907673475
2016-11-29,0.10527499149430994,-0.21460215509687328
2016-11-30,-0.055693116466227974,-0.22644456953788417
2016-12-01,-0.2758144726127482,-0.2761955719804464
2016-12-02,-0.34985047528968766,-0.3048314441673089
2016-12-03,-0.23369889628163334,-0.2141103083940572
2016-12-04,-0.17936891239852473,-0.22967885368373928
2016-12-05,0.032015656711753375,-0.3543596918187953
2016-12-06,0.2090663818118879,-0.6287181534912473
2016-12-07,0.35085356815010726,-0.6570304714492045
2016-12-08,0.6033039887286263,-0.4479827180350092
2016-12-09,0.7013869922357377,-0.09999078664411307
2016-12-10,0.7312765166007661,0.13414456319804532
2016-12-11,0.4151839815066602,0.001393558009504433
2016-12-12,0.24838230796183933,0.07335140480715018
2016-12-13,0.3580872840007593,0.1030149668838758
2016-12-14,0.29406766197804135,0.17632881992774813
2016-12-15,0.3570101673864682,0.20425288759325916
2016-12-16,0.4432845305187373,0.39584845631321747
2016-12-17,0.505563058710974,0.6967886291607809
2016-12-18,0.34732221844929184,0.839422959105842
2016-12-19,0.34770758538986174,1.0010117277913642
2016-12-20,0.4508281681232638,1.1350264910239443
2016-12-21,0.4775084112179218,1.1372894659135804
2016-12-22,0.5727912429100143,1.0747260658798046
2016-12-23,0.45129357681188725,0.9979682481415212
2016-12-24,0.20890098633326756,1.0154095353898283
2016-12-25,0.33779646680302017,0.8456004117451528
2016-12-26,0.49538935879310914,0.77420694217515
2016-12-27,0.42074666638393665,0.6799349187406682
2016-12-28,0.49220540228378634,0.440423352218036
2016-12-29,0.44979226460403926,-0.12882492512131982
2016-12-30,0.6588525922341788,-0.4082964313295711
2016-12-31,0.7290284314190068,-0.8355834535009493
2017-01-01,0.7987176360104649,-0.940877411187676
2017-01-02,0.8343560085217964,-0.7476788409893379
2017-01-03,0.7743367821085844,-0.29430479468528925
2017-01-04,0.8704836542595286,0.1617655329009557
2017-01-05,0.8010887699827213,0.4829975623392335
2017-01-06,0.7488719062764116,0.6709303681088278
2017-01-07,0.7211202673657565,0.610745092404211
2017-01-08,0.6409193752826674,0.9016798697797241
2017-01-09,0.7887777871781256,1.2545171620868014
2017-01-10,0.7122672855131744,1.54640512183997
2017-01-11,0.36465993354097914,1.5661110283595554
2017-01-12,0.10546174618380655,1.1706992774111118
2017-01-13,-0.25622962736917654,0.7137271759331854
2017-01-14,-0.5752320784606973,0.4492578483799445
2017-01-15,-0.7687595752168466,0.12833879454733402
2017-01-16,-0.9013387332534668,-0.3409294057779996
2017-01-17,-1.1219769042764216,-0.8794138029475044
2017-01-18,-1.051170668360247,-1.2114118407946126
2017-01-19,-0.7294523904320864,-1.3588665388446088
2017-01-20,-0.6561247862364776,-1.476628818999462
2017-01-21,-0.3813681928560376,-1.5327267504573494
2017-01-22,0.1087932855983178,-1.537937886000744
2017-01-23,0.2602413341028806,-1.3367335128574718
2017-01-24,0.28079678192039315,-1.0002493482909773
2017-01-25,0.4372393618545654,-1.100643212593331
2017-01-26,0.7211137185582037,-1.0230114045878709
2017-01-27,0.9195606235284909,-0.8520374364588275
2017-01-28,0.8647053332687369,-0.48333754013821656
2017-01-29,0.7870257990391422,-0.20100169879347016
2017-01-30,0.8878445252263963,0.053018192081466124
2017-01-31,1.0029873017893307,0.2283015010296603
2017-02-01,0.8995513074269743,0.5358213244958207
2017-02-02,0.9035624843227741,0.9079777629887962
2017-02-03,0.9338073407353235,1.2362504873685651
2017-02-04,0.542845893715853,1.5412805536467782
2017-02-05,0.3932829768461259,1.8948636782245099
2017-02-06,0.20699252402844126,1.9894383196961194
2017-02-07,-0.37827367132249085,1.9903567707115548
2017-02-08,-0.9898257039408999,1.9593366061841548
2017-02-09,-1.6021259487218644,1.6049424702372321
2017-02-10,-2.188768772535681,1.0454945753575782
2017-02-11,-2.7536892310936647,0.7233852095227407
2017-02-12,-3.30632637957325,0.5792556575410547
2017-02-13,-3.6806733982896893,0.20048480773828845
2017-02-14,-3.7097710796140935,-0.37612153063864884
2017-02-15,-3.5066533695167545,-0.8977541409658294
2017-02-16,-2.9474819337524307,-1.2694410038351744
2017-02-17,-2.0626038900459127,-1.4024703337923006
2017-02-18,-1.3627384141432437,-1.3617183575237033
2017-02-19,-1.0110781182109534,-1.3814747603406308
2017-02-20,-0.8393417943720303,-1.472372645398548
2017-02-21,-0.6630222189004218,-1.4737855535605606
2017-02-22,-0.3835540328157737,-1.8039252177153118
2017-02-23,-0.1471855668331185,-1.920006898500651
2017-02-24,0.09907348313324002,-1.874031731968484
2017-02-25,0.3938587040417478,-1.8353583204456196
2017-02-26,0.6237718599306677,-1.9939443642561678
2017-02-27,0.7144590379381129,-1.8644163859362664
2017-02-28,0.7941297631087739,-1.8484572756705098
2017-03-01,0.9385653634458875,-1.427973333350363
2017-03-02,1.1454254040275094,-1.0044520177885825
2017-03-03,1.2440476999651076,-0.7641379323788428
2017-03-04,1.247940563032049,-0.37845550560485164
2017-03-05,1.2034430453183147,-0.20185079840239203
2017-03-06,1.2196490436892695,-0.06832327984367094
2017-03-07,1.135781399259361,-0.18154702204560613
2017-03-08,1.209610859947783,-0.31393814348760485
2017-03-09,1.347082553829165,-0.36319031295637133
2017-03-10,1.2216257630202199,-0.17278478761109634
2017-03-11,1.1861675794704836,0.08112880650948269
2017-03-12,1.1235210469533636,0.3276684326887994
2017-03-13,0.7986011591198191,0.37414085251126167
2017-03-14,0.34437736368591776,0.11185605827257636
2017-03-15,0.4076164365551115,0.055051851481560485
2017-03-16,0.6354141002445928,0.1583024043083028
2017-03-17,0.7550952832549354,-0.02981425264375077
2017-03-18,0.8383381421599617,-0.0923524634900367
2017-03-19,0.9345626863675439,-0.07875515801001384
2017-03-20,0.995006118629768,-0.1751834785481214
2017-03-21,0.8088124418144617,-0.007323286179503212
2017-03-22,0.5194964972885889,-0.012106592773216943
2017-03-23,0.4488752639581048,0.1845406170397405
2017-03-24,0.7784494009952776,0.19445435295818161
2017-03-25,0.8843771077489267,0.022220768851545857
2017-03-26,0.9082827102434184,-0.19430920930307677
2017-03-27,0.8820735826361871,-0.18711667051458403
2017-03-28,0.5869549410448918,-0.08937744190578831
2017-03-29,0.24382531098077426,-0.07701646538733764
2017-03-30,0.2876663237325176,-0.2894842430587128
2017-03-31,0.5323627403290728,-0.14513934954502702
2017-04-01,0.6935310214241163,-0.01641034173483347
2017-04-02,0.4827248462662858,-0.021782906287726667
2017-04-03,0.3353331613903148,0.29187872904657264
2017-04-04,0.38813837820143826,0.5564517167826757
2017-04-05,0.3215853410226716,0.7961294617621111
2017-04-06,-0.3753659401815945,0.8280274113766399
2017-04-07,-0.6386761431529863,0.7604400843017872
2017-04-08,-0.436788892705136,0.8800460186044697
2017-04-09,-0.1466638039508786,1.0210999909439213
2017-04-10,0.08862330003269007,0.9707244176724213
2017-04-11,-0.009474720669407978,1.1579507968475502
2017-04-12,-0.23042899687753624,1.1724511234894237
2017-04-13,-0.572300962675718,0.9815127962978103
2017-04-14,-0.6465964918765823,0.7633450188043792
2017-04-15,-0.8295615927053674,0.631200688809711
2017-04-16,-0.8129927110751312,0.5893019046432255
2017-04-17,-0.7128888236061405,0.541086219058647
2017-04-18,-0.6273581962740137,0.5509708762471773
2017-04-19,-0.6483311614706627,0.5830382024534384
2017-04-20,-0.3126190048042674,0.7277237305465923
2017-04-21,-0.2732443286924783,0.7967458823609513
2017-04-22,-0.2181182065339094,0.7796900943879901
2017-04-23,-0.3181510290515212,0.7304620759157903
2017-04-24,-0.5404231546112628,0.6975518329461408
2017-04-25,-0.6370268573917861,0.7548476428295041
2017-04-26,-0.7004506711449576,0.8024488058889729
2017-04-27,-0.8250954561844723,0.7160597864151736
2017-04-28,-0.9730602053584633,0.6058965802452808
2017-04-29,-1.1907879935506347,0.5906264870779439
2017-04-30,-1.5490234516909351,0.5748702014845772
2017-05-01,-1.6699271859242133,0.5261036306112831
2017-05-02,-1.7405574803421604,0.3386551482640747
2017-05-03,-1.943753192571182,0.25274493928629416
2017-05-04,-1.928645536018826,0.0017810996503302278
2017-05-05,-1.9230455657864083,-0.12798663323953238
2017-05-06,-1.7109966024810574,-0.16111219267385612
2017-05-07,-1.6437608238572465,-0.2517811667525909
2017-05-08,-1.6579759247469035,-0.5064946411325578
2017-05-09,-1.6143254322508889,-0.6632348787576364
2017-05-10,-1.482834214795821,-0.7443493494803233
2017-05-11,-1.1904030375601686,-0.7115118076571335
2017-05-12,-0.7471662284016202,-0.515811455600015
2017-05-13,-0.2074349611676355,-0.39438401640073506
2017-05-14,0.244706556659317,-0.4858403000880195
2017-05-15,0.7132304783604585,-0.3860121184643008
2017-05-16,0.9183317418593986,-0.170805519383187
2017-05-17,0.8397131427078323,0.1073009331487594
2017-05-18,0.7730390880556249,0.23003106173253834
2017-05-19,1.0406606946420154,0.3565395151117048
2017-05-20,1.1063944534907288,0.5298465040096467
2017-05-21,0.7852493244315535,0.569942315858521
2017-05-22,0.48000901723491035,0.7958644055725334
2017-05-23,0.22258528484798523,0.8345827782643319
2017-05-24,0.07496159209874848,0.6127714224194325
2017-05-25,0.10542414023158367,0.21984512721367144
2017-05-26,0.17301125789432029,-0.3220742152099511
2017-05-27,0.42731203910761495,-0.8817884842343964
2017-05-28,0.7833300560406293,-0.8269075163005383
2017-05-29,1.061776975551641,-0.5524388636812572
2017-05-30,1.5134818208890328,-0.20433227835313952
2017-05-31,1.7780299700895856,0.09063262271336997
2017-06-01,1.7696668051753992,0.17941868219928542
2017-06-02,1.4145414636678189,0.29378883818283713
2017-06-03,1.0750212254686482,0.37843465230146467
2017-06-04,0.7495647460117814,0.5853880600105519
2017-06-05,0.37301466916748505,0.5888622214668853
2017-06-06,0.09182871226000888,0.2694250006107939
2017-06-07,0.05096634538411385,0.06865578580677262
2017-06-08,-0.21370265803305463,-0.018656229477080073
2017-06-09,-0.48314188066111363,0.011488795712028849
2017-06-10,-0.4736949143031001,0.023610285454276632
2017-06-11,-0.46970371471050193,-0.41869182867167404
2017-06-12,-0.32867239413475174,-0.8435887662145316
2017-06-13,-0.28099100767635976,-1.2159203641855885
2017-06-14,-0.3477596434469356,-1.39472082652099
2017-06-15,-0.09873934482220506,-1.3703408766788159
2017-06-16,-0.0946596196715819,-1.430741064399693
2017-06-17,-0.243394363638264,-1.377340039305258
2017-06-18,-0.0034862261284314593,-1.249416760870602
2017-06-19,0.024263672518174153,-0.9765713443215759
2017-06-20,0.16255788760045697,-0.6834930844011273
2017-06-21,0.2805386738703145,-0.61383314459327
2017-06-22,0.03782535736447983,-0.5243821592857226
2017-06-23,-0.056404038268216515,-0.3779228657289626
2017-06-24,-0.04066647645914246,-0.22306713726691862
2017-06-25,0.12454464475144633,-0.13467965025924297
2017-06-26,0.2044492587729738,-0.2410716545413552
2017-06-27,0.33298312482764303,-0.7045836045620024
2017-06-28,0.5689155044188222,-0.9933263117068655
2017-06-29,0.6777829347617714,-0.8788300329469139
2017-06-30,0.5025401493374796,-0.6336689216029338
2017-07-01,0.21841021508707834,-0.586221974124344
2017-07-02,0.022824584157661868,-0.5323977237288899
2017-07-03,0.19872250792574472,-0.3686796495461448
2017-07-04,0.41471522706332314,-0.22324099316965867
2017-07-05,0.48787146517635266,-0.19350767760801954
2017-07-06,0.3780700662961019,-0.25762447727733656
2017-07-07,0.22174785026354848,-0.2572029383425013
2017-07-08,0.02988213360787215,-0.1993928917607127
2017-07-09,-0.09972046340224557,-0.0954520056763859
2017-07-10,-0.1896894591898194,-0.06920682765113603
2017-07-11,-0.009737694997870408,-0.2736160640218634
2017-07-12,0.24163006961123382,-0.22269449011622847
2017-07-13,0.5097139358682418,-0.607859485651267
2017-07-14,0.5465573408310148,-0.7636427331059114
2017-07-15,0.6706548289349135,-0.6244501825632247
2017-07-16,0.8411149388866522,-0.38162909863962663
2017-07-17,0.6533563930573204,-0.15426988276909806
2017-07-18,0.5579388128153102,0.06077771981819393
2017-07-19,0.642015091227665,0.13865866935451374
2017-07-20,0.654384759238714,0.339930736956384
2017-07-21,0.6778657672892832,0.6563790395706232
2017-07-22,0.818759650615785,0.6116298369578738
2017-07-23,0.6942264645074218,0.9013700240071133
2017-07-24,0.6505048341361314,0.9799954049087174
2017-07-25,0.47289853507298574,0.9527693267308045
2017-07-26,0.3193032760039276,1.2168041774118878
2017-07-27,-0.3721589448585291,1.3578165700193032
2017-07-28,-0.8545224864027112,1.7182060172066898
2017-07-29,-1.0646397354756576,1.6680735470616321
2017-07-30,-1.1688935708967367,1.4365870173264856
2017-07-31,-0.9588375713125302,1.2394694268465205
2017-08-01,-0.6745252886848793,1.1436556155605988
2017-08-02,-0.38549443518520565,1.2136393550609845
2017-08-03,-0.6361134172482729,1.2946140082371118
2017-08-04,-0.610352048621433,0.8868333341534874
2017-08-05,-0.43879977133053377,0.46510819625098865
2017-08-06,-0.7053875512463023,0.5073544065628514
2017-08-07,-0.8417704985243013,0.23849305284846664
2017-08-08,-0.8840213269374969,-0.2136693158050841
2017-08-09,-0.9748638398879834,-0.12599759827939552
2017-08-10,-0.9200831271187179,0.1048575544027632
2017-08-11,-0.5846726033465045,0.230157279035552
2017-08-12,-0.3257854586557332,0.3380074668253051
2017-08-13,-0.42940894245203043,0.47911453366850576
2017-08-14,-0.6469858573137489,0.3398493750606572
2017-08-15,-0.9605107639386032,0.19215878545041912
2017-08-16,-0.8607535046908041,0.3362591494642585
2017-08-17,-0.792634666480382,0.22211491101026243
2017-08-18,-0.9176540478736188,0.029366425968078615
2017-08-19,-0.6484316617544941,-0.07603299182798626
2017-08-20,-0.443518683746615,-0.003443624561220001
2017-08-21,-0.45453288380556406,-0.3081177916151519
2017-08-22,-0.45816825832798386,-0.6531071746759984
2017-08-23,-0.5005014366216176,-0.8587497283896839
2017-08-24,-0.5365043756215462,-0.9957419791384632
2017-08-25,-0.466779341724774,-1.363702345114047
2017-08-26,-0.42265500124046124,-1.6479059707253485
2017-08-27,-0.13158432895618072,-1.686087217795619
2017-08-28,0.2080784969931685,-1.6065700954084496
2017-08-29,0.4106781780869984,-1.2524585763656948
2017-08-30,0.5137369517047705,-0.8496055892386917
2017-08-31,0.5800567984760678,-0.5213265734418661
2017-09-01,0.4049778459453399,-0.47093723708648627
2017-09-02,0.2571197221740062,-0.423096710377071
2017-09-03,0.30687020552393535,-0.27527377462189806
2017-09-04,0.26653024435429185,-0.3684377953416322
2017-09-05,-0.033490418901977265,-0.3668337471472658
2017-09-06,-0.45085113343277483,-0.5456898799786988
2017-09-07,-0.6157238883918613,-0.4847347583527959
2017-09-08,-0.26005474255837324,-0.5949897187233669
2017-09-09,-0.2646971782850179,-0.7457261825791073
2017-09-10,-0.19447618271966577,-0.8901789158734
2017-09-11,-0.1881811180104259,-1.0500084356915425
2017-09-12,0.18976532316235872,-1.094626873747289
2017-09-13,0.602620647497698,-0.9300389195274031
2017-09-14,0.9593975898492132,-0.8308428263823494
2017-09-15,0.9870801682914204,-0.8682352495812147
2017-09-16,0.8592657585082757,-0.9369100658517505
2017-09-17,0.6809690096578519,-0.8991408388828784
2017-09-18,0.4147894707295128,-0.9338034316017502
2017-09-19,0.23177679392353945,-0.6773511312420364
2017-09-20,0.2692037161306275,-0.45082816563258976
2017-09-21,0.17460284483223606,-0.40522410058691855
2017-09-22,-0.13190756377817547,-0.16845981277705901
2017-09-23,-0.1358807502772967,0.11353739008492518
2017-09-24,-0.1610667042939835,0.10999130752104266
2017-09-25,-0.3771549653544282,0.21991497496384907
2017-09-26,-0.4418279852473344,0.533754780024002
2017-09-27,-0.37427883228624126,0.673147721043801
2017-09-28,-0.4943559070824251,0.6387809685203134
2017-09-29,-0.4127942592922235,0.5145460393633285
2017-09-30,-0.3119311644338329,0.6199884212819988
2017-10-01,-0.11730197840298381,0.43509376313383974
2017-10-02,-0.14624618600432407,0.19213028463693094
2017-10-03,-0.2214542893508851,-0.26389022502225107
2017-10-04,-0.02635665879914714,-0.7537798606869125
2017-10-05,0.2656444729482927,-0.9905358025397905
2017-10-06,0.4084235054286646,-0.8577007895849462
2017-10-07,0.684153335768314,-0.8244389355332994
2017-10-08,0.8532235434692215,-0.6455197332449072
2017-10-09,1.1308424868277647,-0.35413327520995924
2017-10-10,1.4272277898381773,-0.1392326736316326
2017-10-11,1.7152858497328956,0.07571580202049374
2017-10-12,2.0762384955352076,0.1811234165401069
2017-10-13,2.3089410706515667,0.33494602821000063
2017-10-14,2.430240165584248,0.5799783387711032
2017-10-15,2.5477333047467146,0.9685448141386763
2017-10-16,2.276518787260456,1.1416801461280621
2017-10-17,2.0393120236298765,1.5017716361264093
2017-10-18,1.8079411153122338,1.7271183990686305
2017-10-19,1.3995302998314647,1.8600064145992825
2017-10-20,0.9425233599425817,1.8418424279326568
2017-10-21,0.4023169050173369,2.000159275194924
2017-10-22,-0.33911491111510106,1.9618966116394838
2017-10-23,-1.170926260570872,1.5031494718987681
2017-10-24,-1.558487336829736,1.296321726766107
2017-10-25,-1.498137490027291,1.4761619829797985
2017-10-26,-1.77309065120974,1.5703790166830354
2017-10-27,-2.0151540395807532,0.9049791417315545
2017-10-28,-1.9836326192725005,0.46038187112962087
2017-10-29,-1.6778794601214766,0.021876706057173543
2017-10-30,-1.369398090086879,-0.4513687584901786
2017-10-31,-1.2134745043388762,-0.42872361232486034
2017-11-01,-1.0257790213510773,-0.5847743135327453
2017-11-02,-1.0058513306684909,-0.7079669876993574
2017-11-03,-0.899715111600763,-0.9769569402209511
2017-11-04,-0.6591410056625668,-0.9597729216246553
2017-11-05,-0.6041512497114472,-0.9795302160613212
2017-11-06,-0.34395025252927064,-0.9171817560418544
2017-11-07,0.015614060703582724,-0.668062338866476
2017-11-08,0.3024005665107759,-0.3186754300616288
2017-11-09,0.48468000923578647,0.026068215427977513
2017-11-10,0.2736382428456614,0.3731893262344915
2017-11-11,0.3350995032638187,0.5817536725602239
2017-11-12,0.1455652667678701,0.6528993093465564
2017-11-13,-0.03358153589326245,0.6235671901185147
2017-11-14,-0.35043674379881695,0.5111640165879383
2017-11-15,-0.41731765016432876,0.5216502760668765
2017-11-16,-0.3153117661788989,0.4252481064884074
2017-11-17,-0.03728826512685435,0.3424503697945009
2017-11-18,0.08892026408241685,0.3891053991221783
2017-11-19,-0.037423856054030466,0.3502114389731199
2017-11-20,0.011210329882515841,0.21901408784689427
2017-11-21,-0.20573481865994997,0.20247664860010745
2017-11-22,-0.22061023188890444,-0.09236276225992954
2017-11-23,-0.08828148321469224,-0.29373598997808376
2017-11-24,0.17977075359724526,-0.29717394068686
2017-11-25,0.5234103013471335,-0.3166066425241457
2017-11-26,0.9402408193325507,-0.3784353130425901
2017-11-27,1.1712069173918505,-0.4672238882705794
2017-11-28,1.0361166884249293,-0.42570028844226193
2017-11-29,0.828720813972877,-0.043222022030919974
2017-11-30,0.9280659069923447,0.41465516548643716
2017-12-01,0.839440360143949,0.7528587854694491
2017-12-02,0.823453172715168,1.254293625125586
2017-12-03,0.6952460447149271,1.5276150580576002
2017-12-04,0.5010421643048399,1.4261220405615473
2017-12-05,0.14556609922342686,1.4419063875061187
2017-12-06,-0.1648931743945499,1.4649627102275222
2017-12-07,-0.5358289772514162,1.2467483036516285
2017-12-08,-0.9958674183239876,1.1489850366932919
2017-12-09,-1.1092090760493267,0.6710546280303377
2017-12-10,-0.8049422379528482,0.1463323753864671
2017-12-11,-0.47534108288451415,0.08308062787761708
2017-12-12,-0.34697828577664,0.07696388140752805
2017-12-13,-0.3402017040784322,0.26398975423878474
2017-12-14,-0.4016098190594836,0.6061149807222392
2017-12-15,-0.5866165925291933,0.8407861831938777
2017-12-16,-0.7688901908457328,0.8634070489302068
2017-12-17,-0.8980787631063063,0.6409332008661021
2017-12-18,-0.9826876083054829,0.3212278813759619
2017-12-19,-1.0424142571479929,-0.0008028696760677088
2017-12-20,-1.0991321227021067,-0.09185053296719396
2017-12-21,-0.9980045003601702,-0.2113678598539427
2017-12-22,-0.9947703391165647,-0.2502264083918867
2017-12-23,-0.9516758233063373,-0.30204626662547834
2017-12-24,-0.8065535312193453,-0.4608964735521314
2017-12-25,-0.5210855939620027,-0.7888447683287115
2017-12-26,-0.4187237720617979,-0.7724218429529612
2017-12-27,-0.34462534958935676,-1.0046367868384656
2017-12-28,-0.29285672101114046,-1.4241433549828237
2017-12-29,0.06422269689458207,-1.661288281783056
2017-12-30,0.25030699232493275,-2.050863884898194
2017-12-31,0.25478596862730074,-2.23826824781818
2018-01-01,0.26710154029539945,-1.6776764775454518
2018-01-02,0.37912317379514593,-1.523323152929156
2018-01-03,0.3051963366052503,-1.6283075574776689
2018-01-04,0.31930495541218373,-1.6364719807018897
2018-01-05,0.38871877514111847,-1.9660247538896334
2018-01-06,0.5239978824075625,-2.216341877767486
2018-01-07,0.7794665471693855,-2.091015336955536
2018-01-08,1.0707196545403945,-2.070906293240873
2018-01-09,1.2225411671430453,-1.8763549446531589
2018-01-10,1.279062180909165,-1.5521486486988572
2018-01-11,1.2952315831941419,-1.6944941037438557
2018-01-12,1.2252693781591282,-1.7214277526581938
2018-01-13,1.4619801458246149,-1.4829462403014546
2018-01-14,1.8337886631204137,-1.3205263662465898
2018-01-15,1.9532674537409136,-1.2192410001318026
2018-01-16,2.1564740735541754,-0.8361858396345083
2018-01-17,2.191113194710345,-0.6320055859737318
2018-01-18,2.0810955569861798,-0.5072016302825764
2018-01-19,1.9605778849264848,-0.2031928200648134
2018-01-20,1.8849331040579904,-0.07537852730207771
2018-01-21,1.6838507895925567,0.22856071485462195
2018-01-22,1.3538014154802414,0.5618779938347302
2018-01-23,1.1593060583543828,0.9802139796222485
2018-01-24,1.2448135879055375,1.3493486032977018
2018-01-25,1.0902448773101945,1.89006317702819
2018-01-26,1.0424808900590763,2.2007202078363726
2018-01-27,1.0354745828679826,2.675871033395514
2018-01-28,0.8845629991285667,3.018169559942628
2018-01-29,0.1574299289005516,3.1315624140315013
2018-01-30,-0.4583151873655595,3.0095274453688896
2018-01-31,-0.9285471546164185,2.863143590355249
2018-02-01,-1.2247644325229288,2.5179037272757316
2018-02-02,-1.6053001793262351,1.8824003301084882
2018-02-03,-2.14156339480501,1.768292899784469
2018-02-04,-2.3763151508372733,1.850061709857912
2018-02-05,-2.3794734588314372,1.852823259913949
2018-02-06,-2.47209264853358,1.7360012850381417
2018-02-07,-2.723554443093444,1.606939025193176
2018-02-08,-2.487528361378249,1.4732354782845527
2018-02-09,-2.088796292938516,1.4261640490375251
2018-02-10,-2.062239636398466,1.2670423812204998
2018-02-11,-1.8305997575326283,1.3740456062483506
2018-02-12,-1.5021090651739142,1.439567066187913
2018-02-13,-1.282747930512584,1.7010505973886647
2018-02-14,-1.4849305593930355,1.6747640694154498
2018-02-15,-1.4583218248467282,1.5707466359293059
2018-02-16,-1.3828980389637682,1.5021951931435642
2018-02-17,-1.1738695234861733,1.3236581344135303
2018-02-18,-1.0509041692677934,0.9440740452830186
2018-02-19,-1.0815468962922952,0.33439032625405124
2018-02-20,-0.9236743736378685,-0.1796286310503034
2018-02-21,-0.8999031432586719,-0.7269240644904293
2018-02-22,-0.7903154609758104,-1.331696855811714
2018-02-23,-0.7115196526244038,-1.88692935904468
2018-02-24,-0.4342174653000033,-2.1065962441549244
2018-02-25,-0.14842262202932058,-2.009010632201262
2018-02-26,-0.06602082414996374,-1.9737840932098294
2018-02-27,0.0782441529163158,-1.827731681537844
2018-02-28,0.4972563969193694,-1.4098919993580985
2018-03-01,0.7360530841389548,-1.2646178037280074
2018-03-02,0.8231079928364955,-1.2602792335245419
2018-03-03,0.9057458736380627,-1.2391088517530757
2018-03-04,1.1948809884617064,-1.1508437607080693
2018-03-05,1.7056131488989854,-1.1339529807521955
2018-03-06,2.2364745026536283,-1.119299430670409
2018-03-07,2.4939192974751307,-1.1115999219014325
2018-03-08,2.255300282566432,-0.8352069419100999
2018-03-09,1.8439672326764727,-0.9517042099476786
2018-03-10,1.3068131073008704,-1.08750607821956
2018-03-11,1.0513689276309395,-1.150710944931399
2018-03-12,1.109492879467356,-1.0681236195051218
2018-03-13,1.08618872209268,-0.8201193573183488
2018-03-14,1.1631389199611597,-0.4371328221700351
2018-03-15,1.2898694221374412,-0.3418674975780559
2018-03-16,1.225527356253167,-0.3189726641791894
2018-03-17,0.8842083677423095,-0.6083746166308036
2018-03-18,0.8689471026862573,-0.6406692395452124
2018-03-19,0.975136988643527,-0.22736909447415787
2018-03-20,1.1457470789094915,-0.08639459685907278
2018-03-21,1.3280413706469225,0.04918910760989409
2018-03-22,1.1863240086795181,0.07167931591766612
2018-03-23,0.994330281723594,0.47748406271668675
2018-03-24,0.5321200118742895,0.9227824745140019
2018-03-25,0.2302214360935717,1.2810226311003057
2018-03-26,0.0038899050053951972,1.3937183735984549
2018-03-27,-0.06605866551706985,1.4359870663884413
2018-03-28,-0.25371689754589166,1.4723734617139497
2018-03-29,-0.5370477455221978,1.4658926431643688
2018-03-30,-0.7116248519678444,1.2146352664855637
2018-03-31,-1.0439382010347862,1.286038008414656
2018-04-01,-1.3667013383876154,1.507495412553835
2018-04-02,-1.6838396073002526,1.341734763559431
2018-04-03,-2.123767221732105,0.9991235040967332
2018-04-04,-2.315015865099002,0.3987359508505308
2018-04-05,-2.2645349366750165,-0.10032436015076342
2018-04-06,-2.227664007944916,-0.4044347732975387
2018-04-07,-2.3737960924504424,-0.7546924786224948
2018-04-08,-2.351993132099249,-0.9463530309546856
2018-04-09,-2.0178342751715936,-0.8506595199431473
2018-04-10,-1.385306239592746,-0.9198365233894099
2018-04-11,-0.8289926071320938,-1.2329373953316125
2018-04-12,-0.3541387096463048,-1.4002818615129844
2018-04-13,0.39065220070235374,-1.5673285739437348
2018-04-14,0.7600526323767022,-1.5762055366349526
2018-04-15,1.0287016877626656,-1.3745076329550252
2018-04-16,1.128852641190236,-1.3364140814587302
2018-04-17,1.2232776944905785,-1.0291230656305952
2018-04-18,1.2413569312262105,-0.35775151877288913
2018-04-19,1.0332887149280818,-0.09137501002701115
2018-04-20,0.8968980949733585,0.11004316574361693
2018-04-21,0.6504095392183202,0.31305548133452027
2018-04-22,0.49364915374572443,0.4480843906431133
2018-04-23,0.43487314283835266,0.7573764882048659
2018-04-24,0.5292481535105898,0.8898322537901008
2018-04-25,0.47733025683085517,1.0902281773599862
2018-04-26,0.31802112230610263,0.9430138352047968
2018-04-27,0.2009067620019313,0.8635977830835329
2018-04-28,0.11104209565735228,0.7204468138314423
2018-04-29,-0.02187229181779163,0.7619248521252261
2018-04-30,-0.21778380701809458,0.8910100691079733
2018-05-01,-0.3601089521404682,1.0154748726943843
2018-05-02,-0.37904443841950974,1.196161331387559
2018-05-03,-0.4740266184030445,1.1709743989750923
2018-05-04,-0.5233236086904317,1.142608160914257
2018-05-05,-0.8660832443076968,0.671659058190184
2018-05-06,-1.0038789175914091,0.19455357307762877
2018-05-07,-0.9154331228423473,-0.13547737086586556
2018-05-08,-1.0922018974858896,-0.5684013767487235
2018-05-09,-1.2000391777979125,-0.8437633549259321
2018-05-10,-1.250100155064954,-0.8884064596079594
2018-05-11,-1.1660012817523984,-1.2035604184329902
2018-05-12,-1.1095396659626409,-1.4087199518443076
2018-05-13,-1.1345360244426268,-1.6505432431892582
2018-05-14,-0.9944435006273833,-1.496041723153512
2018-05-15,-0.7030107441971625,-1.4016847415361944
2018-05-16,-0.6600999195709585,-1.475315618191177
2018-05-17,-0.5218980259634415,-1.557190230555719
2018-05-18,-0.29586296658890937,-1.4843888632808147
2018-05-19,-0.22548957623995686,-1.3948848034442287
2018-05-20,-0.38881596374515687,-1.2985537779139904
2018-05-21,-0.3674730254081331,-1.3599111000709527
2018-05-22,-0.1486749942643535,-1.4121786781396939
2018-05-23,-0.0467735582127362,-1.41241790345431
2018-05-24,-0.021576501258895174,-1.214865365942715
2018-05-25,0.17726421624446265,-1.0711718398023713
2018-05-26,0.5095915354104741,-1.0250856889611921
2018-05-27,0.8099260208054198,-0.9008015391086458
2018-05-28,1.259136566064636,-0.6315367786961653
2018-05-29,1.5054968332660308,-0.29504824352756587
2018-05-30,1.454435943366848,0.30630706933504165
2018-05-31,1.2998485287779966,0.7242004026328759
2018-06-01,1.1955847240506545,0.8172663792283734
2018-06-02,1.0843932710320376,1.0660079252155503
2018-06-03,0.9692510086549183,1.3868349457043914
2018-06-04,0.7528078035039873,1.4305256166455165
2018-06-05,0.2997357778651698,1.533358150215243
2018-06-06,0.11210592704051987,1.449766655195543
2018-06-07,0.16899074609157672,1.3050939101477312
2018-06-08,0.2852759494249239,0.9354215863236798
2018-06-09,0.2658462637347348,0.6114764098521182
2018-06-10,0.3248142950170859,0.5555467618664361
2018-06-11,0.5620389025665434,0.3707253686167994
2018-06-12,0.8340765431968323,0.13841480290424263
2018-06-13,0.6323129768557777,-0.005367260441128389
2018-06-14,0.4216754833589203,-0.047055678260849
2018-06-15,0.2870617417173923,-0.6183333457393347
2018-06-16,-0.13957538116648507,-1.0244419337378086
2018-06-17,-0.6719096846624519,-1.2651974101272554
2018-06-18,-0.9003713788193949,-1.3987522947130961
2018-06-19,-0.599714833938726,-1.421109250635892
2018-06-20,-0.4631170114268526,-1.427109904042838
2018-06-21,-0.2020683356270072,-1.3752183916438223
2018-06-22,-0.04854448448112784,-1.4652200884011777
2018-06-23,0.09812905746933172,-1.4213421930567123
2018-06-24,0.14470016274672687,-1.5451829279642215
2018-06-25,0.20134254107790003,-1.7065373015986067
2018-06-26,0.09723842227972986,-1.6679247111053532
2018-06-27,0.039175871836700474,-1.6238942914276107
2018-06-28,-0.04952936358055075,-1.6518912499347493
2018-06-29,-0.05777917935274331,-1.6732172177340083
2018-06-30,-0.054772465896088786,-1.3554348519294064
2018-07-01,-0.08093918214191453,-0.8934338694375672
2018-07-02,-0.0207757851676851,-0.6343737267397862
2018-07-03,0.04362339414195784,-0.4709813554759805
2018-07-04,0.06901871525114892,-0.3792236251240764
2018-07-05,0.11210146632313336,-0.16178909873876007
2018-07-06,0.14475903969252824,-0.017198627909438696
2018-07-07,0.38948246900181016,0.03466991567704534
2018-07-08,0.7310141428801711,-0.006759244715202922
2018-07-09,0.8391332704712252,-0.018217718974549355
2018-07-10,1.091942326379941,0.3560614855240027
2018-07-11,1.154277261625047,0.6105861049359643
2018-07-12,1.102472559718932,0.8527681542727531
2018-07-13,1.0855369900308756,1.1189862538897588
2018-07-14,1.1587103959466194,1.5312358348709898
2018-07-15,1.0558855129900564,1.8654031904170376
2018-07-16,0.8461149042384521,1.9953255547250457
2018-07-17,0.8537315392231162,2.02611611383707
2018-07-18,0.6026174050154626,2.1867161948459537
2018-07-19,0.2474606026411714,2.2739252165853134
2018-07-20,-0.10532773675681327,2.309501095796643
2018-07-21,-0.3890911062910185,1.9699740486218649
2018-07-22,-0.5797231489645724,1.952293687778586
2018-07-23,-0.6817759462240679,1.7266049528286225
2018-07-24,-0.857105474579803,1.3851999075839865
2018-07-25,-0.8337916879365458,1.135604547323963
2018-07-26,-0.8315311122584217,0.9105092705277741
2018-07-27,-0.7827433119352191,0.7472365634442628
2018-07-28,-0.8058484493404899,0.4212231892116023
2018-07-29,-0.7453613171160299,0.2630531405115064
2018-07-30,-0.623630929838647,0.264258896506297
2018-07-31,-0.5118964932319526,0.4909870507708788
2018-08-01,-0.5532443250876504,0.5882459916939594
2018-08-02,-0.5566371991269469,0.6854692741040491
2018-08-03,-0.45246696281505666,0.5117032250418638
2018-08-04,-0.3528741390082431,0.38206568882864106
2018-08-05,-0.20693323297227437,0.7333462756967732
2018-08-06,-0.12620949059911918,0.7930565828970366
2018-08-07,0.07627616368072143,0.8109452127283637
2018-08-08,-0.00751680743925358,0.9860453889143842
2018-08-09,-0.17326718497973165,1.2113818639892802
2018-08-10,-0.39812895313924807,1.4669369377143804
2018-08-11,-0.5414072591792229,1.468868682332158
2018-08-12,-0.49616537378315867,1.4753399262480946
2018-08-13,-0.2753929868971752,1.5639985885052945
2018-08-14,-0.17831649138551578,1.1780620044554024
2018-08-15,0.08193389723749667,0.7367304120508168
2018-08-16,0.3642395591653473,0.6406120652864663
2018-08-17,0.4344512390399972,0.5836001816052032
2018-08-18,0.4288582184297862,0.3374844298914187
2018-08-19,0.601890840727822,0.08621867010476464
2018-08-20,0.6770550063741364,0.07875631081288442
2018-08-21,0.5739752994201067,-0.06890372607984839
2018-08-22,0.5857828911439805,-0.2637520995334623
2018-08-23,0.7659538444637402,-0.31547429519499465
2018-08-24,0.8733787944045212,-0.15433877066806634
2018-08-25,1.128890105596345,-0.07804353083519462
2018-08-26,1.015037260294217,-0.09746412112175232
2018-08-27,0.7541234374264478,-0.11977956059019462
2018-08-28,0.677771227421206,-0.11522893333650949
2018-08-29,0.5183446021260071,-0.13248406041299804
2018-08-30,0.5199993114121638,0.11339794780962927
2018-08-31,0.607379086816351,0.14357737992162345
2018-09-01,0.5689721590308526,0.06310455313448556
2018-09-02,0.5229807392296532,-0.22339123336703118
2018-09-03,0.3100794129752606,-0.5514529160632019
2018-09-04,-0.22057840262666725,-0.6280675484025102
2018-09-05,-0.39672781240576244,-0.3639447957642074
2018-09-06,-0.38423841958157584,-0.40781913007122494
2018-09-07,-0.5284167481198002,-0.46174311123134265
2018-09-08,-0.46786784478983395,-0.644649961591005
2018-09-09,-0.6623991386291003,-0.6679353181687625
2018-09-10,-0.6599018791889136,-0.5192104948547123
2018-09-11,-0.39654539187306015,-0.5571566087567915
2018-09-12,-0.22271326980750528,-0.4484854767376951
2018-09-13,0.05225624698772163,-0.3461400475113957
2018-09-14,0.5009787016193884,-0.17951413819805048
2018-09-15,0.8274188395961257,0.030141361201517943
2018-09-16,0.9076713912664411,-0.07874028628924887
2018-09-17,1.05466263878111,0.018116476487865855
2018-09-18,0.9691912109415276,0.14525393434183975
2018-09-19,0.8479439300928098,0.14812932678815985
2018-09-20,0.43656289651977687,0.17858007999698688
2018-09-21,-0.08250101833984336,0.23054751042772412
2018-09-22,-0.5379075377252447,0.17515733595854505
2018-09-23,-0.8603856216772385,0.17403436162975755
2018-09-24,-1.0696307599696357,0.15986846978665664
2018-09-25,-1.0900416442173333,0.03396409820136673
2018-09-26,-1.1763536006903408,0.10753855626769034
2018-09-27,-1.267961061471719,0.2305239401097175
2018-09-28,-1.4460613551348358,0.09100341942261843
2018-09-29,-1.537427256352744,-0.18597165422088197
2018-09-30,-1.425147924579151,-0.5066041193418159
2018-10-01,-1.5615857906395505,-0.6893977926268192
2018-10-02,-1.4042128099424616,-0.9955281700283191
2018-10-03,-1.1441471493926245,-1.2671099310106797
2018-10-04,-0.8679597070450421,-1.3484763752755253
2018-10-05,-0.7476453275650282,-1.5678778169962901
2018-10-06,-0.8431884569222807,-1.6207935211059108
2018-10-07,-0.7564010411428198,-1.8172005350277538
2018-10-08,-0.40212816456472733,-1.8457833807079491
2018-10-09,-0.2741285563587278,-1.828709197892841
2018-10-10,0.012151488821949106,-1.8087675999082649
2018-10-11,0.3170809514351511,-1.760195764492767
2018-10-12,0.7120306651596736,-1.5672528215073305
2018-10-13,0.9979900945085618,-1.266286303859542
2018-10-14,0.8022778928506236,-1.037868375666321
2018-10-15,0.6990757090587123,-0.7874104712434022
2018-10-16,0.7675901775399807,-0.5684648078985098
2018-10-17,0.5619247215328234,-0.10237838624500885
2018-10-18,0.26678134761427263,0.017069317596500558
2018-10-19,0.020367699458000554,0.13330069870116196
2018-10-20,-0.08193003026997711,0.3569132130676236
2018-10-21,-0.14663868127302856,0.31567248490615535
2018-10-22,-0.186251919172469,0.4034651021031352
2018-10-23,-0.37535719365504555,0.5257455233138915
2018-10-24,-0.7080349394993517,0.7426954281316194
2018-10-25,-0.9522380015285614,0.855610598586381
2018-10-26,-1.191381422784369,0.87500076768711
2018-10-27,-1.0577527399418152,0.9031680278848935
2018-10-28,-1.2307456848146656,0.6925409559014408
2018-10-29,-1.378799158032931,0.4526550376599043
2018-10-30,-1.4090148982501498,0.013026744209441237
2018-10-31,-1.5488299141761903,-0.5733055230441976
2018-11-01,-1.2381106811104183,-1.2332873190538998
2018-11-02,-1.0852402946899495,-1.4679148884390416
2018-11-03,-0.49656615886397426,-1.1258370873386627
2018-11-04,-0.033126090036129895,-1.1003400644858918
2018-11-05,0.35330001990433263,-1.011706396677029
2018-11-06,0.7239685244383736,-0.9863363289875644
2018-11-07,0.970003919862517,-0.7825826443537385
2018-11-08,1.2056291416187983,-0.4797029170395187
2018-11-09,1.2752052374025802,-0.18754727780011185
2018-11-10,1.3501974625750894,0.26843633283791635
2018-11-11,1.3084075293154425,0.735624493178913
2018-11-12,1.0688710134581685,1.1985103540815296
2018-11-13,0.8296370744607822,1.3202677568116286
2018-11-14,0.5104844649641233,1.3176772861809882
2018-11-15,0.17840929099544214,1.1621867475105485
2018-11-16,0.18419870767455504,0.999024056247272
2018-11-17,0.319829209916275,1.0003796967181098
2018-11-18,0.5153104777992719,1.1410346643914102
2018-11-19,0.3228390703410159,1.1829757822066362
2018-11-20,0.19643082253861247,0.9942291639951277
2018-11-21,-0.2942669408056827,1.1425083236538576
2018-11-22,-0.6537714852523383,1.5202333950964142
2018-11-23,-0.7826217199850153,1.7151586896568005
2018-11-24,-1.0257085864692304,1.4343488160882911
2018-11-25,-1.4611916148534445,1.2656168099052731
2018-11-26,-1.676168786216205,0.9524174485955118
2018-11-27,-1.7301670966340161,0.7696351680908042
2018-11-28,-1.851076250973621,0.6299914071496031
2018-11-29,-1.8448741703960678,0.2718430040515285
2018-11-30,-1.7993519862429808,-0.05067763988456227
2018-12-01,-1.715826755715241,-0.44290687018154634
2018-12-02,-1.5085940041126398,-1.095053178323961
2018-12-03,-1.0878185936908422,-1.5000351976984936
2018-12-04,-0.63648561670893,-1.758525304723056
2018-12-05,0.039259549416969776,-1.8904298612025607
2018-12-06,0.372201803894917,-2.0081694552451848
2018-12-07,0.3749028903291688,-1.8627382189048327
2018-12-08,0.43904235997098656,-1.8419844637729776
2018-12-09,0.7352964299023704,-1.81808267097327
2018-12-10,1.2293681261552518,-1.7271905083438088
2018-12-11,1.4426618270950036,-1.2587807758251819
2018-12-12,1.6177831764978718,-1.0109000439937188
2018-12-13,1.8125987362667553,-1.0671030749499446
2018-12-14,1.6198941332856713,-0.7345316202281313
2018-12-15,1.5496556024897072,-0.22007043458358475
2018-12-16,1.615413493136137,0.3160319471031149
2018-12-17,1.4027585180711013,0.22293322419333103
2018-12-18,1.491644456226657,0.28956683320392423
2018-12-19,1.6274266006429183,0.4587236309041469
2018-12-20,1.6606133490743138,0.7748309433511125
2018-12-21,1.900743849558364,0.9149524768630078
2018-12-22,2.008619588132508,1.0148627211027001
2018-12-23,1.8730692139711618,1.1297296094757368
2018-12-24,1.9506616069751144,1.1639713896429988
2018-12-25,2.1309537229141555,1.35455131854915
2018-12-26,2.151975644166293,1.506720994374106
2018-12-27,1.9693738822233178,1.5062824512802093
2018-12-28,1.7585658767956238,1.4547010312872002
2018-12-29,1.3628142636590295,1.5798149316451757
2018-12-30,0.9893927509708346,1.7514711015490376
2018-12-31,0.7941431352099776,1.9488123895881289
2019-01-01,0.6100007532350461,1.986931004773424
2019-01-02,0.10114233862877137,1.4820807272827652
2019-01-03,-0.4751608592720408,1.1565398155469446
2019-01-04,-1.3655699707081854,0.6349407431609794
2019-01-05,-2.128080398807696,0.0039684201965472544
2019-01-06,-2.3257250430426506,-0.5915216670657937
2019-01-07,-2.2114109349878155,-1.0200298720122307
2019-01-08,-2.2086113981064943,-1.1738219191167432
2019-01-09,-1.9211232562998952,-1.1823325163528824
2019-01-10,-1.6003651205498453,-1.1141985379570807
2019-01-11,-1.134347060043939,-0.8807432842737367
2019-01-12,-0.9659415393651222,-1.0487973234859898
2019-01-13,-0.3706092488078037,-1.2363768570367335
2019-01-14,0.06302877145149938,-1.2304168693058464
2019-01-15,0.5066829115976756,-1.2599106085097265
2019-01-16,0.6007088063975632,-0.9745805648168729
2019-01-17,0.6465735104226971,-0.8708006462857389
2019-01-18,0.6625393120691954,-0.9532151320484271
2019-01-19,0.7294794092699086,-0.45108141086036263
2019-01-20,0.874555037645742,-0.1873033046461911
2019-01-21,0.8843200307084645,0.4460262422908813
2019-01-22,0.8685580735009566,0.946751191885367
2019-01-23,0.585591353463456,1.3499878367754863
2019-01-24,0.21297082133692685,1.298245482711626
2019-01-25,-0.15087348278174073,1.309850144470963
2019-01-26,-0.45613380135961823,1.3993353659400924
2019-01-27,-0.5101428789220794,1.3460880042825254
2019-01-28,-0.41071437444106046,1.285265991863136
2019-01-29,-0.33332866735092187,1.0739023753746535
2019-01-30,-0.7724676532651077,0.953638701804572
2019-01-31,-1.2867976508565238,0.9618672047268084
2019-02-01,-1.3923010190104885,0.7185795664305484
2019-02-02,-1.1403974680076907,0.5607163960981677
2019-02-03,-0.9529947487238988,0.7603457240494942
2019-02-04,-0.6899688648571141,0.8607740829551366
2019-02-05,-0.4933592661209539,0.9429433843012144
2019-02-06,-0.3412263129008768,0.8752634098329298
2019-02-07,-0.09204429927361661,0.9599423555252596
2019-02-08,-0.030684356376291706,0.9257225380344825
2019-02-09,-0.3686826689140608,0.8586618823391968
2019-02-10,-0.8457941394893893,0.633547151363363
2019-02-11,-1.2575447245663967,0.4015237258270407
2019-02-12,-1.3645556973080426,0.25665908715804
2019-02-13,-1.4587071611214562,0.1551055908793276
2019-02-14,-1.1962495976527174,-0.09392403518669701
2019-02-15,-0.8937385935251935,-0.41638897135356656
2019-02-16,-1.1505885968801493,-0.3567620829773542
2019-02-17,-1.3424614005607989,-0.36959876351541093
2019-02-18,-1.4233470946730884,-0.5057529714977057
2019-02-19,-1.6956653595449487,-0.6415825327811513
2019-02-20,-1.8917701010682277,-0.9029604644017875
2019-02-21,-1.8703193674595997,-1.11085781066623
2019-02-22,-1.9773495644344896,-1.3548989786467427
2019-02-23,-1.7033972096437724,-1.4458888156159027
2019-02-24,-1.478985870432289,-1.4231917166454626
2019-02-25,-1.4242518550267402,-1.4507109298282541
2019-02-26,-1.012168449029785,-1.4818741342998687
2019-02-27,-0.25721232899692553,-1.6294283791303386
2019-02-28,0.36324842841297134,-1.8591806620165743
2019-03-01,0.8007219376759003,-2.0830152211566335
2019-03-02,1.0671485729743482,-1.9378337874549547
2019-03-03,1.5293777694274877,-1.5496225978821674
2019-03-04,1.8232266751614778,-1.3190521796791002
2019-03-05,2.1453172008303922,-0.8215950492908412
2019-03-06,2.5254732821687718,-0.3656816898059468
2019-03-07,2.5328389770052664,-0.1288999223927294
2019-03-08,2.3321932113499253,0.16647405197796877
2019-03-09,1.924382607677962,0.3118977318355601
2019-03-10,1.7803721744711112,0.2919022492213017
2019-03-11,1.6104024889244677,0.2652838324352904
2019-03-12,1.2431829164535086,0.1648679975879738
2019-03-13,0.9668647751770744,0.017558323549466008
2019-03-14,0.6344705454675544,-0.16671175561912552
2019-03-15,0.5037145339217328,-0.27631880585591817
2019-03-16,0.4000450614256463,-0.3170065758489082
2019-03-17,0.22115891625968997,-0.17245871485081432
2019-03-18,0.1584296556328547,-0.0664867039476093
2019-03-19,0.2797865909223351,0.0038041727388129503
2019-03-20,0.2552773434097576,0.22179171357419938
2019-03-21,0.2481563859880516,0.33021505987503047
2019-03-22,0.16405200516161844,0.6366290129885642
2019-03-23,-0.0037832308664881367,0.6798304469528846
2019-03-24,-0.1505982321387751,0.26631212636506196
2019-03-25,0.03458037349691007,0.08546952331234986
2019-03-26,0.3286740088027098,0.17979110488625671
2019-03-27,0.5677632429009535,0.24897891496030145
2019-03-28,0.592774020967735,0.20576503821064068
2019-03-29,0.5180570415263408,0.13677394488871417
2019-03-30,0.5251258426815002,0.1989275038130931
2019-03-31,0.2213380419888876,0.3631614952017004
2019-04-01,-0.12052986205874949,0.5454874544677651
2019-04-02,-0.22557362742346854,0.5762728582628398
2019-04-03,-0.4069528791612646,0.5379020535070619
2019-04-04,-0.3825636355249898,0.5057547562889458
2019-04-05,-0.4320914112489652,0.5426199276226022
2019-04-06,-0.6308106413945588,0.5939847223522269
2019-04-07,-0.40176082739149227,0.487337152000699
2019-04-08,-0.398004912195224,0.2919232278846603
2019-04-09,-0.2418347723624296,0.16039458279456678
2019-04-10,-0.008840539681668704,0.3065999275647939
2019-04-11,-0.023536180562253383,0.35193011262014534
2019-04-12,0.04663599165998008,0.37602722050470744
2019-04-13,0.05443015823621292,0.218430357075839
2019-04-14,0.03445928202640252,0.025291238545980522
2019-04-15,0.08132415322284935,-0.040149542745952435
2019-04-16,0.027019679754150257,-0.1830262782930083
2019-04-17,0.069854106737972,-0.16805172080539665
2019-04-18,-0.07432871018872686,-0.16762274164886118
2019-04-19,-0.0792034907408696,-0.1775878833313614
2019-04-20,-0.03825665357098403,-0.4592182453694656
2019-04-21,-0.11204551869400618,-0.966098451278368
2019-04-22,0.057865974507767357,-1.57752639198276
2019-04-23,0.5982690932685596,-1.6277616389209908
2019-04-24,1.0963492006332987,-1.5679982065574614
2019-04-25,1.409009237860992,-1.2979865434526892
2019-04-26,1.602410470416466,-0.7694557444910818
2019-04-27,1.6841856189085833,-0.2929197162316221
2019-04-28,1.7336652638464523,0.1224272701982476
2019-04-29,1.4885421118727353,0.5202641358303967
2019-04-30,1.447834339912242,0.9075845514475548
2019-05-01,1.3315513297777157,1.189530740750064
2019-05-02,1.006806142146111,1.255975648720095
2019-05-03,0.6124230377401431,1.4050912060976544
2019-05-04,0.1560407841800417,1.4265004205619687
2019-05-05,-0.27218806424933034,1.2969612806947755
2019-05-06,-0.6740021987596657,1.0181688980740693
2019-05-07,-0.6307670622104615,1.0483507543784927
2019-05-08,-0.609269592387155,1.2628041905589447
2019-05-09,-0.7734822166777454,1.570545307266108
2019-05-10,-0.9882252457169703,1.734023445732222
2019-05-11,-1.1414727068583597,1.6875616413199634
2019-05-12,-1.4035575182849147,1.3186968171098714
2019-05-13,-1.531172142868325,0.8665396129662609
2019-05-14,-1.5462863081688023,0.30637496564832256
2019-05-15,-1.623626490530602,0.015796636010686337
2019-05-16,-1.5241475483622042,0.08919406368402145
2019-05-17,-1.6156024249182275,0.008948161452913219
2019-05-18,-1.6328356421296064,0.07655044332848641
2019-05-19,-1.61429952843924,0.005730193627886651
2019-05-20,-1.4965525480442659,-0.012104232163261005
2019-05-21,-1.568581386070602,0.08585896675539818
2019-05-22,-1.68716730042141,-0.12735763372342965
2019-05-23,-1.6540242676805867,-0.32163148696488875
2019-05-24,-1.7137992300171352,-0.4592228177748074
2019-05-25,-1.775904229671228,-0.5958927491296336
2019-05-26,-1.7971744207028006,-0.9601597405535504
2019-05-27,-1.3552045012316987,-1.2797285973990007
2019-05-28,-0.9513505605776962,-1.5752281011592697
2019-05-29,-0.7264152873029873,-1.961830146822765
2019-05-30,-0.32916515240763367,-2.36638210013879
2019-05-31,0.1527588613999212,-2.4868705739322707
2019-06-01,0.6512445090546609,-2.270344064334368
2019-06-02,0.7975974389007806,-1.9434744930142176
2019-06-03,1.0332727057245894,-1.6377520121049964
2019-06-04,1.1377625145825063,-1.2023853025704774
2019-06-05,1.0206108620138792,-0.8777032937370411
2019-06-06,0.7181160663247705,-0.9028004064196699
2019-06-07,0.6729546191293564,-0.7422212851525293
2019-06-08,0.7985763102728896,-0.5151028074375469
2019-06-09,0.8088635518879143,-0.2897652035404926
2019-06-10,0.7172402640763209,-0.2886398264789387
2019-06-11,0.7629049451595042,-0.10232536018763229
2019-06-12,1.0462494435876104,0.09899120067765015
2019-06-13,1.4108523191582343,0.30336181487154323
2019-06-14,1.699845758381845,0.553447192002712
2019-06-15,1.9577265442770695,0.8492580808504621
2019-06-16,1.9937604411389267,1.200158413473124
2019-06-17,1.561555289936369,1.0790268260476452
2019-06-18,1.0337077024302603,1.0513787203674834
2019-06-19,0.5328222535222525,1.0946077671731684
2019-06-20,0.2919655240331342,1.0417870431803737
2019-06-21,0.11713836276392123,1.068957302850307
2019-06-22,0.014918052580768169,1.2872348353557717
2019-06-23,-0.20177672982116293,1.1822084886641906
2019-06-24,-0.4962243822463757,1.0479648484990856
2019-06-25,-0.41624486893926543,1.2456585524403845
2019-06-26,-0.3621405541110927,1.2806104697315535
2019-06-27,-0.23812607533299404,1.2127430399924224
2019-06-28,-0.12013574337149138,1.1249866707576528
2019-06-29,-0.12644728265854396,0.9839970048903186
2019-06-30,-0.1455120305636868,1.1014651284869328
2019-07-01,0.08723600556016205,0.8724153524692992
2019-07-02,0.17103039429949754,0.5408689108061877
2019-07-03,-0.08956560520131658,0.09846900583498383
2019-07-04,-0.19503335350969725,-0.25187678333153246
2019-07-05,-0.38396856480062697,-0.5648627025265068
2019-07-06,-0.619767499422144,-0.879932520583726
2019-07-07,-0.9790008762450286,-0.871250074471115
2019-07-08,-0.7745931300307629,-0.7684659417615438
2019-07-09,-0.6059304929974134,-0.7932952807291851
2019-07-10,-0.5096055448716832,-0.6938452355320286
2019-07-11,-0.449237996157838,-0.7946103566058734
2019-07-12,-0.3753425278816885,-0.6776427755402188
2019-07-13,-0.13562348420414308,-0.4222605109076316
2019-07-14,-0.0503679466223365,-0.160164232950669
2019-07-15,-0.1302888671171462,-0.19511478655164194
2019-07-16,-0.31505370675519284,-0.4629702008257197
2019-07-17,-0.7091532459184247,-0.49733390435838554
2019-07-18,-0.8537029328446306,-0.3127983459296676
2019-07-19,-0.7096968190595109,-0.3699978438975927
2019-07-20,-0.8571487215958032,-0.7223171009986349
2019-07-21,-0.7938260324142971,-0.950350686234456
2019-07-22,-0.4794899005385913,-0.7818299822188273
2019-07-23,-0.08506973972846818,-0.2818822189019398
2019-07-24,0.15689472217422062,0.37279606563504514
2019-07-25,0.4651117219110849,0.3940041393461476
2019-07-26,0.7001154093337947,0.19299628174634884
2019-07-27,0.5476139576130525,-0.04172246662881835
2019-07-28,0.2988339674901549,0.009587843118506717
2019-07-29,0.27440937614849165,-0.05371993311527602
2019-07-30,0.3105055016483968,0.1019517571992677
2019-07-31,0.39855146098681077,0.3429070832905492
2019-08-01,0.4065790033289901,0.5485789344336901
2019-08-02,0.4319731440396649,0.5180928643198432
2019-08-03,0.42083528275767734,0.20741416271912833
2019-08-04,0.6442653058097693,-0.0079276181010251
2019-08-05,0.8493871785753184,-0.21813741719101584
2019-08-06,0.9905517349462144,-0.3243052221797847
2019-08-07,1.1335149513097897,-0.18823907381686375
2019-08-08,1.1854954960288775,0.0880759769231926
2019-08-09,1.337758571902291,0.2231533701861873
2019-08-10,1.3363290979202438,0.40296698529486663
2019-08-11,0.8095868393795217,0.7883789626808804
2019-08-12,0.44737680501643057,0.9697509484613951
2019-08-13,0.09594945371177602,0.8313849961656724
2019-08-14,-0.2664716257910305,0.6920205036863517
2019-08-15,-0.2727389346729049,0.732739502281715
2019-08-16,-0.32115818544561753,0.49589142865713476
2019-08-17,-0.4714219605617687,0.1205362849507726
2019-08-18,-0.5914401571591014,-0.11067682966834154
2019-08-19,-0.6194744078649634,-0.3522929530736621
2019-08-20,-0.40933065233306665,-0.46589504658424996
2019-08-21,-0.0029999445650328374,-0.39033278611718725
2019-08-22,0.29751526687353896,-0.28016994076009694
2019-08-23,0.6741811984858543,-0.39176336821158686
2019-08-24,0.705166034649127,-0.40551392947624665
2019-08-25,0.9758140902405382,0.1298708985405908
2019-08-26,1.3160600963504123,0.4747169900362738
2019-08-27,1.0654320386129819,0.49072817758069265
2019-08-28,0.935564558772531,0.4068481247169988
2019-08-29,1.030269720220712,0.6312193213219063
2019-08-30,0.9041576270428514,0.584658625884569
2019-08-31,0.8162004513408071,0.6433144883521723
2019-09-01,0.905131309091815,0.9381104874148344
2019-09-02,0.99049587159125,1.0652206144502665
2019-09-03,0.9426517303888137,1.1847177598841412
2019-09-04,0.7353266955033753,1.473508707186816
2019-09-05,0.6225042582013819,1.5511875551628198
2019-09-06,0.6194995588295301,1.4897531760933012
2019-09-07,0.5723268070175722,1.5059592089277736
2019-09-08,0.7641271218687049,1.6254892954790199
2019-09-09,0.9577215682535439,1.4281970054530342
2019-09-10,0.9487474570536416,1.0252529690822705
2019-09-11,0.8616297772348446,0.7650333413001295
2019-09-12,0.6740623265593497,0.6603067141960993
2019-09-13,0.12241007808232375,0.6306640367993913
2019-09-14,-0.4807183902090749,0.5945456908985901
2019-09-15,-0.8736112607323958,0.4501837683358625
2019-09-16,-1.0715609303839522,0.27698314011042213
2019-09-17,-1.0076891968461041,0.021477968694969884
2019-09-18,-1.1354128873032774,-0.23647155490718583
2019-09-19,-1.1290872049598994,-0.332956544176955
2019-09-20,-0.8349733789480268,-0.4439750115211383
2019-09-21,-0.8307847514569122,-0.8837500043365452
2019-09-22,-0.9912723939618874,-1.4188575688160923
2019-09-23,-1.4031411933598066,-1.7010442081935384
2019-09-24,-1.5052656061687548,-1.7695182893950292
2019-09-25,-1.403570748591193,-2.0206103041596357
2019-09-26,-1.3357028941997116,-2.0662307261139423
2019-09-27,-0.9113486123383991,-2.0600430061664836
2019-09-28,-0.7136986608981533,-1.9638703316698516
2019-09-29,-0.44573237548164407,-1.6724239111835313
2019-09-30,-0.1416023852081903,-1.7296710852506283
2019-10-01,-0.19467617607556625,-1.4728831772713962
2019-10-02,-0.6330572767111132,-1.3437081969233249
2019-10-03,-0.8473674431660193,-1.1533778678839979
2019-10-04,-0.8286668690028988,-0.9909769605920827
2019-10-05,-0.9060065192359114,-0.8743466504459533
2019-10-06,-0.9621472310343182,-0.7492701977514181
2019-10-07,-1.04369282276989,-0.6453061344927515
2019-10-08,-1.0257616627631416,-0.4145632795667654
2019-10-09,-1.081137222330105,-0.1790388567683774
2019-10-10,-1.0077254590337312,-0.029186913078971078
2019-10-11,-0.972560003302417,0.20595136081824442
2019-10-12,-1.0607689466716064,0.017708742676307825
2019-10-13,-1.048021907164565,-0.2700294065604758
2019-10-14,-0.8593959361798815,-0.37179813965241554
2019-10-15,-0.6313048332863416,-0.5614541918940449
2019-10-16,-0.6150880923893995,-0.7884283726593326
2019-10-17,-0.6240559845376432,-1.0851882841526947
2019-10-18,-0.42666760523065067,-1.24071316471314
2019-10-19,-0.2278784858183471,-1.2300810172232806
2019-10-20,-0.007237675656096973,-1.4841447516869575
2019-10-21,0.3792173450863037,-1.6120469447205692
2019-10-22,0.7193029548640307,-1.598829198003238
2019-10-23,0.7998741833354325,-1.322753328426716
2019-10-24,0.7837171067784935,-1.0056345116127137
2019-10-25,0.880847195700711,-0.7790144212228584
2019-10-26,0.9152898899351168,-0.6661523739888514
2019-10-27,0.9452156946267602,-0.47518622332102556
2019-10-28,1.0016534820858307,-0.1542778677337296
2019-10-29,1.1430048316162333,-0.04652415910792718
2019-10-30,1.1929657432790628,0.250336467171353
2019-10-31,1.4208704770615779,0.7315566691105059
2019-11-01,1.468014119879078,1.245397847015239
2019-11-02,1.378893361124842,1.8064582037956765
2019-11-03,1.3202668833977873,2.1109200269356934
2019-11-04,1.5145441423048391,2.335923208795694
2019-11-05,1.585226124762107,2.2606025066241564
2019-11-06,1.2419847361661465,2.3659086498883473
2019-11-07,0.9213167435750762,2.7435948257904297
2019-11-08,0.31566426702979494,2.817255805094484
2019-11-09,-0.3240014236698457,2.7162598455213582
2019-11-10,-0.8438292336509254,2.437781894784385
2019-11-11,-1.3548257121553584,1.9419526553941453
2019-11-12,-1.6308618876082919,1.506500079585629
2019-11-13,-1.6690365154797497,1.1266884907109864
2019-11-14,-1.6353291393366933,0.5389196613722966
2019-11-15,-1.3277018415774646,0.1988112338005034
2019-11-16,-1.4631320434521116,0.08609743722866868
2019-11-17,-1.3026883742594992,-0.09503235708404446
2019-11-18,-1.2366738315736534,-0.25736446072846403
2019-11-19,-0.9931803790245742,-0.2905278455013261
2019-11-20,-0.6793630489807118,-0.4036922658464361
2019-11-21,-0.26473054063969664,-0.7891699713848096
2019-11-22,0.2877040058585058,-0.9116346925692244
2019-11-23,0.8211940369894547,-0.8418459828593606
2019-11-24,0.9814009653740261,-0.8242701093380232
2019-11-25,0.5597218123341431,-0.7883490212871356
2019-11-26,-0.03278567258887085,-0.6619637290488034
2019-11-27,-0.49337274538488785,-0.6267538200498318
2019-11-28,-0.6290170952322534,-0.8579629895411147
2019-11-29,-0.46604249338719156,-0.8989877545103347
2019-11-30,-0.32028551113317943,-0.6638583117612651
2019-12-01,-0.2962395953881071,-0.5897797638178224
2019-12-02,-0.2112665940214962,-0.6886994662147808
2019-12-03,-0.12983694448675157,-0.6578942610378639
2019-12-04,0.08709503975952972,-0.6079129310105247
2019-12-05,0.3313063995004153,-0.9051430902317414
2019-12-06,0.29448803189417516,-1.222447917057035
2019-12-07,0.23628654407847438,-1.4281155865549087
2019-12-08,0.15698486686681756,-1.5207039113574217
2019-12-09,0.08554989881339523,-1.5365242734763211
2019-12-10,0.1333791145969976,-1.5528890405037716
2019-12-11,0.20793600889804356,-1.6462204610751001
2019-12-12,0.30827842728185106,-1.6092118340986292
2019-12-13,0.333545974723441,-1.5010933063134169
2019-12-14,0.2595891046237801,-1.5422645908296595
2019-12-15,0.3928640130158784,-1.0825055428356312
2019-12-16,0.5266087692795028,-0.6211738794366197
2019-12-17,0.48245199448337206,-0.3205834089533093
2019-12-18,0.3282577861630865,-0.28462381085867156
2019-12-19,0.16312461033401057,-0.34935234940159887
2019-12-20,0.10897569742093932,-0.2731706028767186
2019-12-21,0.13450831599263194,-0.20641379896273354
2019-12-22,0.14569776893079905,-0.11918595633057748
2019-12-23,-0.027666018856142532,0.3150184302885806
2019-12-24,-0.09504054504275931,0.6749464662787704
2019-12-25,-0.33381272192101974,0.8112750051007348
2019-12-26,-0.5502174605055954,0.6015653165822009
2019-12-27,-0.93290924575222,0.17472601134450386
2019-12-28,-1.2781217907676388,-0.28711210781664637
2019-12-29,-1.4074837301166279,-0.5586924465698132
2019-12-30,-1.1306652049780002,-0.6403609673831343
2019-12-31,-0.85182636626906,-0.6353501148750095
2020-01-01,-0.6827807874545183,-0.8542761597949852
2020-01-02,-0.45994221409754454,-0.9471704440302644
2020-01-03,-0.3225955552317502,-1.3158258950035526
2020-01-04,-0.062073149431066156,-1.4702421082545132
2020-01-05,0.4766948483862243,-1.273390482872448
2020-01-06,1.1988747403716278,-0.8230787023513448
2020-01-07,1.6713292137707016,-0.53001471630499
2020-01-08,1.914318183440622,-0.27181943693098687
2020-01-09,2.203990206303018,0.04785518883843136
2020-01-10,2.357399495311865,0.46197236457096613
2020-01-11,2.2394121685376627,1.1354112346437115
2020-01-12,1.854922405085952,1.4950933494532828
2020-01-13,1.1672273894610514,1.8592005857889955
2020-01-14,0.47320811993726664,2.0297763144342698
2020-01-15,0.12562030296239302,2.2516297946085495
2020-01-16,0.01796830929237491,2.440634162310228
2020-01-17,-0.3945464900488935,2.150254730187685
2020-01-18,-1.0356240305132705,1.623290128800835
2020-01-19,-1.55214954687451,1.2499540449076159
2020-01-20,-1.6992140803999143,0.7787263974158544
2020-01-21,-1.8584308691062446,0.40674621100411795
2020-01-22,-1.8106093136211125,0.21288244436926385
2020-01-23,-1.469493401103309,0.15792258447872115
2020-01-24,-1.0644700408570575,-0.02925393584247192
2020-01-25,-0.6390847834548953,-0.1770783093196304
2020-01-26,-0.4241510887165584,0.04239425313724591
2020-01-27,-0.2977563737982975,0.4053685480185417
2020-01-28,-0.16539517592993422,0.7954446700644986
2020-01-29,-0.25427186383359146,0.8886744489884284
2020-01-30,-0.4022708209562496,0.41318912917989803
2020-01-31,-0.4792173845695666,-0.04588513724059032
2020-02-01,-0.5043218650841003,-0.15539756548315833
2020-02-02,-0.36874259990147246,-0.1689147613448857
2020-02-03,-0.23312664549017617,-0.19523447450003703
2020-02-04,0.0500421290921259,-0.26232410103607356
2020-02-05,0.47205582772450316,-0.025232784453796227
2020-02-06,0.7796013922064545,0.4001632077110568
2020-02-07,0.8506307191160828,0.4760036683555483
2020-02-08,0.7880902273329099,0.6413259493030152
2020-02-09,0.6179722691262807,0.7140576718339409
2020-02-10,0.37277545111378924,0.5148260886735964
2020-02-11,-0.07229991894613837,0.4004176601677444
2020-02-12,-0.32880418736355127,0.5776734696074838
2020-02-13,-0.3442727443625691,0.6213915704940598
2020-02-14,-0.23613026125525088,0.9370808122250611
2020-02-15,0.19498269499994506,1.118030565320058
2020-02-16,0.5661879908361005,1.1362822331201199
2020-02-17,0.7823191947694172,1.2277120176510021
2020-02-18,0.6905621953787058,1.3926487677236898
2020-02-19,0.21703817029696149,1.33490736559611
2020-02-20,-0.5570186244533307,0.9400898685302571
2020-02-21,-1.1906248326074957,0.5176045555737218
2020-02-22,-1.5130667683953989,0.5354099299964055
2020-02-23,-1.6434921463272698,0.22471761264529486
2020-02-24,-1.5277219022046133,-0.03949507847795757
2020-02-25,-1.2802360062502596,-0.08047054017535074
2020-02-26,-0.9149084266987524,-0.4330444736535761
2020-02-27,-0.465783995201075,-0.4863668007568485
2020-02-28,-0.12470205509820709,-0.5924286290459424
2020-02-29,0.44955845297928404,-0.6468897089021096
2020-03-01,0.9545406233842043,-0.7645162780677504
2020-03-02,1.2998024730933588,-0.7122992634972626
2020-03-03,1.4107289421785427,-0.45694069973500856
2020-03-04,1.4036109102129075,0.1212697563209202
2020-03-05,1.2689181847563729,0.7155168910678902
2020-03-06,1.1755747167265693,1.2592686345671045
2020-03-07,1.085625897662835,1.534711208296011
2020-03-08,0.7552670683047112,1.342779028621876
2020-03-09,0.2876433827652337,1.2109185596214005
2020-03-10,0.017296489582070522,1.0784391163978544
2020-03-11,-0.1027854710788766,0.923970772701243
2020-03-12,-0.16705739638614683,0.8238231654410928
2020-03-13,-0.34197009791897903,0.7770880404119834
2020-03-14,-0.21264755818917183,0.3654861267213832
2020-03-15,-0.4027489148842677,-0.2914716263575023
2020-03-16,-0.9076910473544544,-0.7403464742278352
2020-03-17,-1.0958102394472393,-1.251386763926816
2020-03-18,-0.6463768523259611,-1.8706440098441557
2020-03-19,-0.20336358284689587,-2.1667180044659125
2020-03-20,0.1766019452350516,-1.9103133092689035
2020-03-21,0.4251349033457512,-1.758704406387058
2020-03-22,0.6091206556536836,-1.7278915125825143
2020-03-23,0.9379527853013508,-1.5350044651247956
2020-03-24,1.2319356240422479,-1.197521297931273
2020-03-25,1.0307033771324159,-0.8289913760729227
2020-03-26,1.093317509705647,-0.6009965724550013
2020-03-27,1.472809247920732,-0.3700347235442437
2020-03-28,1.833480646099171,-0.01834537430800918
2020-03-29,1.86187225434971,0.1483009628144121
2020-03-30,1.6884269523577038,0.3597800331435958
2020-03-31,1.2405291630098205,0.3822961412954981
2020-04-01,0.9161891198703211,0.6007609333908271
2020-04-02,0.7274835879723566,0.975837407456648
2020-04-03,0.4770576500327494,1.0311476706373321
2020-04-04,0.39604717758139446,0.9900320836018495
2020-04-05,0.31455290298267824,0.9745180493307343
2020-04-06,-0.0948590469863972,0.9551733038062296
2020-04-07,-0.4944011958291462,1.0117482544099268
2020-04-08,-1.2272666995027859,1.0535519657909143
2020-04-09,-2.1493762857694376,0.8201271202668458
2020-04-10,-2.463750839585742,0.6192977484354851
2020-04-11,-2.4740214805690552,0.3544143592667515
2020-04-12,-2.177275801106107,-0.10511508204951728
2020-04-13,-1.6531707152962034,-0.41598508579199917
2020-04-14,-1.270634903892704,-0.5304298504126757
2020-04-15,-1.1275548414721916,-0.5335999573740459
2020-04-16,-1.1802563004211133,-0.6748929500094534
2020-04-17,-1.1339631615415646,-0.7581054100695395
2020-04-18,-1.0718009625787046,-0.9590384312908916
2020-04-19,-0.8781517238125447,-1.3505081695398888
2020-04-20,-0.8488554208544389,-1.518885858105259
2020-04-21,-0.457038909269805,-1.562167102176283
2020-04-22,0.07647821704157773,-1.5197353501930757
2020-04-23,0.2960083025979749,-1.572812772940711
2020-04-24,0.5535149101809511,-1.4282287191599046
2020-04-25,1.0475132743653601,-1.2465151560133343
2020-04-26,1.2702275588600505,-0.8863910646307299
2020-04-27,1.5387400612645257,-0.5995162586695044
2020-04-28,1.4537301532080342,-0.586864419950181
2020-04-29,1.4474605080670386,-0.13962408491185113
2020-04-30,1.4043383784690684,0.11424340220023783
2020-05-01,1.17379606399665,0.46804688478779893
2020-05-02,1.027726394545856,0.8975938693292752
2020-05-03,0.6831733343518431,1.259770825111454
2020-05-04,0.288556034359854,1.5245385650520846
2020-05-05,0.008909717034839056,1.6580822601581902
2020-05-06,-0.14131631013967827,1.63572357320396
2020-05-07,-0.3445904398758084,1.4192799736226018
2020-05-08,-0.5688784483304229,1.2413961542668484
2020-05-09,-0.6866120320974591,0.9647475247741747
2020-05-10,-0.5568690199848603,0.5542213676898246
2020-05-11,-0.39252437897644477,0.30551860216581733
2020-05-12,-0.2527647960052421,0.08761740691798532
2020-05-13,-0.08471142989591592,-0.07408831138501205
2020-05-14,-0.22170305570590365,-0.15174526449029876
2020-05-15,-0.030631904191001157,-0.1939389494834435
2020-05-16,0.08468749843373251,-0.3858566570543758
2020-05-17,0.25064576912082626,-0.41376523663422465
2020-05-18,0.35738979556765144,-0.18708699018573235
2020-05-19,0.6572029308632104,0.26466115558391623
2020-05-20,1.0225208059919062,0.6982943248718302
2020-05-21,1.1672417240955462,1.3016217578526472
2020-05-22,1.2344269181958079,1.9779453065412094
2020-05-23,1.1137195368517692,2.535638592045223
2020-05-24,0.5471762758297374,2.7051922716327024
2020-05-25,-0.028262435457135467,2.513916501098243
2020-05-26,-0.5293846468838908,2.1037376257567093
2020-05-27,-0.9297777582932376,1.6600675540148913
2020-05-28,-1.0848445588063085,1.301126645436194
2020-05-29,-1.0269271196826295,0.9255762782522008
2020-05-30,-1.0675531750809757,0.5160961340625267
2020-05-31,-0.921122964906476,0.05661734032327932
2020-06-01,-0.8007869717210488,-0.3706943463536328
2020-06-02,-0.6235599581374952,-0.6274827073279712
2020-06-03,-0.3576837543621651,-0.6017455117629275
2020-06-04,-0.19216232600279767,-0.780467728296205
2020-06-05,-0.027391426832556333,-0.7922931927102512
2020-06-06,-0.03357730897270243,-0.713531552677759
2020-06-07,-0.16228946046882314,-0.7023189184272116
2020-06-08,0.06413825046303769,-0.6806775305958677
2020-06-09,0.19690096536271606,-0.4697461488200215
2020-06-10,0.4387237771112862,-0.16929457905853953
2020-06-11,0.5655916540351354,-0.10343704559170289
2020-06-12,0.6727979499381033,-0.04620888504545336
2020-06-13,0.736386309637501,-0.13355990969915404
2020-06-14,0.6484638860616599,-0.21511842760614247
2020-06-15,0.7074882252029088,-0.49467027200276115
2020-06-16,0.5939963213952334,-0.5207931007801426
2020-06-17,0.47357337520097814,-0.3876928303433423
2020-06-18,0.3925027587242698,-0.507519228484143
2020-06-19,0.2072975472342798,-0.738766716141803
2020-06-20,0.08116848174980737,-0.81681373070126
2020-06-21,-0.16762795483499607,-0.8519688901195366
2020-06-22,-0.3898789594541515,-0.7583059676691891
2020-06-23,-0.560894545224138,-0.4784851530803407
2020-06-24,-0.6974078675745673,-0.20856589271005152
2020-06-25,-0.5792651711656194,0.0073871520929058845
2020-06-26,-0.5120540201822718,0.10677488698216958
2020-06-27,-0.3585903553720098,0.37974514292538303
2020-06-28,-0.23885263065062579,0.4929511036736318
2020-06-29,-0.2991031749756235,0.44192792288709765
2020-06-30,-0.06259799227118407,0.13610021831192434
2020-07-01,0.09330163472584821,-0.08637898249109914
2020-07-02,0.15371486011215083,-0.284477679290458
2020-07-03,-0.1721426649567674,-0.7125443184578397
2020-07-04,-0.4016012053338112,-1.0618603572662144
2020-07-05,-0.6101323626080182,-1.2567483518661102
2020-07-06,-0.6876521766488749,-1.4225431957545716
2020-07-07,-0.7288579484044749,-1.4641140905844343
2020-07-08,-0.5875877361228578,-1.324584254075573
2020-07-09,-0.45013705511638896,-1.1787819260256638
2020-07-10,-0.45601834669958324,-1.0858278607196237
2020-07-11,-0.10833700627241014,-0.9372670730058464
2020-07-12,0.035828914588491446,-0.9582131266506656
2020-07-13,-0.1253503810197863,-0.7467081668149241
2020-07-14,-0.19138147579810322,-0.6609870618677328
2020-07-15,-0.2758543952701875,-0.5516553625083013
2020-07-16,-0.24937078692424802,-0.5568734095701446
2020-07-17,-0.3326682165349434,-0.3073559611672704
2020-07-18,-0.47160718904389703,-0.30945680555209126
2020-07-19,-0.784536332342079,-0.11474946982744674
2020-07-20,-0.7490426356150179,-0.3172265175765021
2020-07-21,-0.4484602815719496,-0.6752893642559643
2020-07-22,-0.15798829496476374,-0.9709349926282979
2020-07-23,-0.056349735198421756,-0.9566404879976373
2020-07-24,0.07986675403619758,-0.9921310358795526
2020-07-25,0.14673270867174482,-0.8790274381687698
2020-07-26,0.28697864063017337,-0.4790741584735865
2020-07-27,0.680980886330023,-0.39730838854634903
2020-07-28,0.6427212067083294,-0.2819990630237341
2020-07-29,0.7098820641029985,0.13306905439336694
2020-07-30,0.8016681135759713,0.3617218026041328
2020-07-31,0.8129312742156644,0.32766675455535127
2020-08-01,0.6652708165678379,0.28625190535378653
2020-08-02,0.43476031017613254,0.40317559314816453
2020-08-03,0.6777701296325245,0.8135988347033863
2020-08-04,1.3535559195210318,1.0728547182935473
2020-08-05,1.6453610600014428,1.1184711851518716
2020-08-06,1.6849511899923546,1.283848936523349
2020-08-07,1.4614177777556687,1.271016034196949
2020-08-08,1.0747069549649917,1.222601967984882
2020-08-09,0.7153209592763228,1.3896255831887896
2020-08-10,0.4452338502053384,1.2628128406541725
2020-08-11,0.06397800433628367,1.1706008033151538
2020-08-12,-0.2099628414716797,1.185536112867372
2020-08-13,-0.26550153515706015,1.067896583893097
2020-08-14,-0.5655247894105316,0.7946216997152677
2020-08-15,-1.0246002086595474,0.6082541832208532
2020-08-16,-1.5684680228496968,0.34865686642153665
2020-08-17,-2.001867497095164,0.2565602767193151
2020-08-18,-1.8053730919018454,0.18963777561867348
2020-08-19,-1.6547582066822768,0.20089689810088182
2020-08-20,-1.6103274973657828,-0.16145316420604264
2020-08-21,-1.495805094264046,-0.5040540128061325
2020-08-22,-1.6348678005105162,-0.8716223491949614
2020-08-23,-1.743629881793048,-1.2007273178045805
2020-08-24,-1.6210264329108903,-1.4883323170752247
2020-08-25,-1.6304380146552435,-1.8954922611323468
2020-08-26,-1.5693633757262853,-2.320672588306266
2020-08-27,-1.336567560084391,-2.393745232069393
2020-08-28,-0.9751044716106776,-2.099437996348505
2020-08-29,-0.6934913559653975,-2.009987758677859
2020-08-30,-0.4074307525137069,-1.806345048210253
2020-08-31,-0.10913244137949608,-1.3888743857344423
2020-09-01,-0.05425044044986605,-0.8104735446122497
2020-09-02,0.02218360607932476,-0.41813671989158435
2020-09-03,0.24651639164115607,-0.5667537512254935
2020-09-04,0.23991508886993404,-0.6452926285854308
2020-09-05,-0.02811741364221884,-0.4213800238518508
2020-09-06,-0.2313590103085511,-0.48722208982329507
2020-09-07,-0.1287143440926769,-0.681567612023811
2020-09-08,-0.04722508462082359,-0.44180889096337794
2020-09-09,0.24025189860057589,-0.4256290843993057
2020-09-10,0.42410110272274903,-0.630548850414482
2020-09-11,0.38757856575783906,-0.8711420051126831
2020-09-12,0.3307577117804518,-0.7680743625282267
2020-09-13,0.4150876202749585,-0.8431124167371074
2020-09-14,0.6641646997986036,-0.8029400148636867
2020-09-15,0.9609054370622186,-0.3449360068473759
2020-09-16,1.0016602158348962,-0.06781906838305417
2020-09-17,0.7697500361856905,0.07506832011186988
2020-09-18,0.4250417096575611,-0.03995759610966031
2020-09-19,0.17294077823502077,-0.06323876235120003
2020-09-20,0.24023863218459598,-0.02774711373496758
2020-09-21,0.353160369478742,-0.11566730608029156
2020-09-22,0.46229301260099454,-0.021831849224630946
2020-09-23,0.5026834797592052,0.22701723536784638
2020-09-24,0.45170949678783606,0.33474307032885703
2020-09-25,0.22772351623585518,0.40716065867112783
2020-09-26,0.22804321556619878,0.45115029174924265
2020-09-27,0.2082255424742812,0.5886009956698547
2020-09-28,0.432344980945227,0.7539461375825043
2020-09-29,0.5249362032625837,0.6791426029755607
2020-09-30,0.6920835933011462,0.48359598812436394
2020-10-01,0.6143047606313149,0.45557595245722177
2020-10-02,0.45238692057012747,0.3598704508587995
2020-10-03,0.44651657398492545,0.155620555691042
2020-10-04,0.5732842028732877,-0.06279481595675998
2020-10-05,0.7235219762776645,0.12539370848552
2020-10-06,0.6524510496756769,0.2740769994634896
2020-10-07,0.6435530224548658,0.4503440995442198
2020-10-08,0.8202166006079644,0.4202509737464731
2020-10-09,0.9073773456208969,0.45583547074273145
2020-10-10,1.0652912207291927,0.4771185797464194
2020-10-11,1.1799528754957278,0.5584369990148745
2020-10-12,1.2065697062494094,0.5331057139166007
2020-10-13,1.3494809068688844,0.666564146643187
2020-10-14,1.6619089861564955,1.0132690036180816
2020-10-15,1.7332349473729807,1.349193836925056
2020-10-16,1.3998462317957518,1.5009116395059263
2020-10-17,1.0060128617309767,1.4500689636360127
2020-10-18,0.8457960385466652,1.5526290052228242
2020-10-19,0.9091583388950555,1.727400238674136
2020-10-20,0.6969764374428771,1.8431791505500223
2020-10-21,0.6889373740744625,1.9994049230065596
2020-10-22,0.8315172234925955,1.9107224529535698
2020-10-23,0.6043385248006085,1.67143969013946
2020-10-24,0.48458343182270774,1.52215593711063
2020-10-25,0.38207332732923494,1.333646532522322
2020-10-26,0.0018495482119941253,1.0913251768189058
2020-10-27,-0.3567652811045027,0.8083333718508874
2020-10-28,-0.7162929567538251,0.7237711305819751
2020-10-29,-1.0053948967042412,0.7115443325375581
2020-10-30,-1.3324148104097182,0.6645007765392769
2020-10-31,-1.3471870396812378,0.6388982365251857
2020-11-01,-1.2133183118392212,0.6644575636582255
2020-11-02,-1.177638023539759,0.487093931086283
2020-11-03,-0.9838127293415675,0.4037537037570879
2020-11-04,-0.9629519782158615,0.29000938269840976
2020-11-05,-0.9693359163511348,0.10250926695413128
2020-11-06,-1.2626642472318919,-0.06724029022937196
2020-11-07,-1.322684410205031,-0.24216011981649194
2020-11-08,-1.3721375204368116,-0.3108252139422291
2020-11-09,-1.5477548174595004,-0.2369581583383615
2020-11-10,-1.6963741996493857,-0.3554276973060728
2020-11-11,-1.4984255110583884,-0.3445995158592516
2020-11-12,-1.3115646047010951,-0.5570781748972596
2020-11-13,-1.1304290265042227,-0.7497691054394556
2020-11-14,-0.9526564811011098,-1.1519562094856133
2020-11-15,-0.6407067795133967,-1.375910895444644
2020-11-16,-0.2557265731974006,-1.563977165120373
2020-11-17,-0.22042420043226846,-1.72432055055982
2020-11-18,-0.07772184193246051,-1.6829877247425153
2020-11-19,0.03722576434770193,-1.6241762922210634
2020-11-20,0.056340767684031026,-1.3746846906532282
2020-11-21,0.20463213353592583,-1.2050466774222681
2020-11-22,0.24258924343399302,-0.9061195773262887
2020-11-23,0.2113913193321197,-0.8319799360565887
2020-11-24,0.24704150511672662,-0.6951692513118768
2020-11-25,0.48197489800845383,-0.5295294446084221
2020-11-26,0.5917489162282109,-0.40222323998368664
2020-11-27,0.37614648258950456,-0.3282714870445442
2020-11-28,0.3090172187460996,-0.26443571893149603
2020-11-29,0.24917459762118116,-0.30869730311317156
2020-11-30,0.3767500571118023,-0.2414968611438439
2020-12-01,0.3814346669838561,-0.17154782867294513
2020-12-02,0.3088927713087451,-0.2612327435740145
2020-12-03,0.3096917771122607,-0.18043480524845215
2020-12-04,0.4408553039931734,-0.13467518984605012
2020-12-05,0.3952650703647253,-0.07609761120663887
2020-12-06,0.2716650068611129,0.04292589166434222
2020-12-07,0.34454105338694113,-0.12534260464675323
2020-12-08,0.33531878026787704,-0.0048473767867224776
2020-12-09,0.3313217580652528,0.1676168033480979
2020-12-10,0.6171263597649957,0.3980284945786052
2020-12-11,0.7395413388277456,0.6327435696620932
2020-12-12,0.46147573248479823,0.6613672635112718
2020-12-13,0.0727641960996346,0.6291306540991467
2020-12-14,-0.10480780891237071,0.22437723487445774
2020-12-15,-0.07799690101394027,0.2499253775730839
2020-12-16,-0.08963137856983691,0.18308755683192812
2020-12-17,-0.15025926185605398,0.1952284286917092
2020-12-18,0.01639657928116665,0.3416968650337306
2020-12-19,0.25884771855192956,0.5021406836584924
2020-12-20,0.25705365870062086,0.5344865984143615
2020-12-21,0.23485954979639642,0.3394585464619319
2020-12-22,0.027652697011645935,0.21634040194138007
2020-12-23,-0.04819133545269366,-0.08922988524918662
2020-12-24,-0.03595966955403598,-0.24593322844480311
2020-12-25,-0.19456606894037387,-0.220435947419127
2020-12-26,0.05535351033823731,-0.419473877495607
2020-12-27,0.082664623682922,-0.3409453855891906
2020-12-28,0.21818243805533172,-0.49568401384174365
2020-12-29,0.3373046665951218,-0.47399075167509597
2020-12-30,0.39207837012577174,-0.5651100883022516
2020-12-31,0.45347415742669267,-0.673359520029187
2021-01-01,0.36948274128632613,-0.7790799242207952
2021-01-02,0.3685423729964259,-0.8320005168044748
2021-01-03,0.39065559925849974,-0.9461744080279638
2021-01-04,0.4684347081011017,-0.9185406290138847
2021-01-05,0.71399856747581,-0.8959924057737457
2021-01-06,1.0002426063332157,-0.9475881506946248
2021-01-07,1.0282341416755543,-1.0028717640146916
2021-01-08,0.9944060711277893,-1.156731218089297
2021-01-09,0.9735678722371266,-1.0024237639671179
2021-01-10,0.9779723796960561,-1.07664298024911
2021-01-11,0.884516622688788,-1.0384236547537757
2021-01-12,0.9119682233641204,-1.1177351874684482
2021-01-13,0.9964618969563634,-1.169883581662247
2021-01-14,1.0673045558977563,-0.9888600726184025
2021-01-15,1.1354344597115043,-0.6272984524649998
2021-01-16,1.14063152934328,-0.3001187041616708
2021-01-17,0.770139720502995,-0.27446083461293763
2021-01-18,0.5297884946827012,-0.35743988093401247
2021-01-19,0.2508818566382354,-0.15456844600960892
2021-01-20,-0.05956558441266365,0.02369800469701104
2021-01-21,-0.06903871345632885,0.24700324916929103
2021-01-22,-0.05023001481612708,0.5735915587584651
2021-01-23,-0.03800113132266864,0.8366329586058695
2021-01-24,-0.19142388108109476,0.7804968239049562
2021-01-25,-0.44151200159194315,0.723309146732724
2021-01-26,-0.3874973978953529,0.5691141740555977
2021-01-27,-0.4020626175432529,1.018042849771265
2021-01-28,-0.4882229359036134,1.407377251243835
2021-01-29,-0.07851391858426242,1.5577137698889905
2021-01-30,-0.08102713702853909,1.58268731006708
2021-01-31,-0.2651782898407942,1.4597615788553837
2021-02-01,-0.5199627392600538,1.3756178157712176
2021-02-02,-0.8033904853014258,1.4948912590778478
2021-02-03,-0.7457677479162009,1.2058092476731106
2021-02-04,-0.9517145467341899,1.1902055398188058
2021-02-05,-1.0399425856857554,1.2654788743757215
2021-02-06,-1.1127304101082545,1.2126779847684241
2021-02-07,-1.309098450921459,0.9667844876950158
2021-02-08,-1.7454677437164632,0.7444411424698422
2021-02-09,-1.8199343106634007,0.7185173876805994
2021-02-10,-1.3042733250172287,0.7605003281242432
2021-02-11,-1.0174110138364933,0.9645246159093562
2021-02-12,-1.0908569151311212,1.2410121004471761
2021-02-13,-0.9537784813925347,1.167760072284795
2021-02-14,-1.2881461274084003,1.0641862362806194
2021-02-15,-1.4212353805287836,1.0100243536319773
2021-02-16,-1.3349390379659178,0.9629985315335015
2021-02-17,-0.9687252340339143,0.48116482762727286
2021-02-18,-0.8083367349985677,0.045726682587291824
2021-02-19,-0.7655723995867764,-0.2872044198495778
2021-02-20,-0.776920056910427,-0.5682956542469612
2021-02-21,-0.24839018433868468,-0.23677087792893242
2021-02-22,0.2880853053042312,-0.038790831760591275
2021-02-23,0.6470446877795119,0.040366765345332185
2021-02-24,0.7255254977443905,0.25664018559202817
2021-02-25,0.740124611581311,0.32974303222546414
2021-02-26,0.86711597063446,0.3555320963477372
2021-02-27,0.8357645848566082,0.3193990143578619
2021-02-28,0.6862372455947058,0.34273908198635405
2021-03-01,0.5017530243569867,0.6371961952328405
2021-03-02,0.3371667600509163,0.4591814979299422
2021-03-03,0.2571237731709847,-0.018479401853307095
2021-03-04,0.21270985989205465,-0.1644133359068063
2021-03-05,0.3239220318984226,-0.49658581048581907
2021-03-06,0.19909062805473263,-0.5880938245005883
2021-03-07,0.24400330410600268,-0.8205462541988943
2021-03-08,0.2760621590026696,-1.045868712417962
2021-03-09,0.2556740614659372,-1.0580463562364972
2021-03-10,0.17126583537889334,-0.9774972702637539
2021-03-11,-0.18589257011694177,-0.7543881998572399
2021-03-12,-0.2775180302188289,-0.6993531300749323
2021-03-13,-0.32165326253909193,-0.8912956950392951
2021-03-14,-0.22887342877330333,-0.9967897860512501
2021-03-15,-0.3637182040295082,-0.9488188158737404
2021-03-16,-0.3509124597015862,-1.1268183404833605
2021-03-17,-0.2695446550186901,-1.4434514513499792
2021-03-18,-0.05095804575330172,-1.5158961833327615
2021-03-19,0.1929586931460451,-1.4849630879163158
2021-03-20,0.35219504929249923,-1.2945514714425719
2021-03-21,0.5072555923904254,-1.1922964617180394
2021-03-22,0.6571660677979938,-1.4055727571259888
2021-03-23,0.850016971050323,-1.505276351619217
2021-03-24,1.1639378088347727,-1.2686514799522122
2021-03-25,1.0943936114351438,-0.9774035389794264
2021-03-26,1.414909406592175,-0.8202102205800836
2021-03-27,2.023921944689366,-0.5063028587002503
2021-03-28,2.2657285775843534,-0.24178087572978185
2021-03-29,1.986090315236013,0.0055832258495080575
2021-03-30,2.086377573072172,0.27768806000308244
2021-03-31,2.002022633216271,0.31858838295290814
2021-04-01,1.949282358834929,0.6221861405007857
2021-04-02,1.756271011481064,0.8344795515414198
2021-04-03,1.4998118766689008,0.9290120949411691
2021-04-04,1.2603733798158188,0.9994802598503101
2021-04-05,0.9857972696772538,1.0736159582424116
2021-04-06,0.5913378169011237,1.2388456849935903
2021-04-07,0.5077792734247247,1.5260680597726068
2021-04-08,0.5750501425823279,1.6302154297392693
2021-04-09,0.33722652806569314,1.6706163029210859
2021-04-10,0.07216999637023552,1.730508022867045
2021-04-11,-0.3264671323981926,1.7056724999871353
2021-04-12,-0.5299118660381453,1.430562929667721
2021-04-13,-0.6507233996323153,1.2089220901728615
2021-04-14,-0.761587826207264,1.0397028121228964
2021-04-15,-0.7451064429144858,1.080854852689653
2021-04-16,-0.843052667404858,1.15641761712611
2021-04-17,-1.0122504843305393,1.3676115013479244
2021-04-18,-1.0748764994558173,1.485150136310043
2021-04-19,-1.2358331890845993,1.420462223417431
2021-04-20,-1.3670860150836237,1.303276699077399
2021-04-21,-1.2750438435134295,1.1090293346862763
2021-04-22,-1.0918826727870177,1.0244705044606324
2021-04-23,-1.171598443068098,0.975220269400473
2021-04-24,-1.5544288793023042,0.688211426463305
2021-04-25,-1.9423795386457718,0.4460184518775401
2021-04-26,-2.236806609191092,0.17790862245109282
2021-04-27,-2.403477288247912,-0.022796255888013893
2021-04-28,-2.5537563196533624,-0.23868218528891672
2021-04-29,-2.6327347290060708,-0.8627275461067926
2021-04-30,-2.612690800605432,-1.499118824220939
2021-05-01,-2.4916072647293532,-1.8085077127496085
2021-05-02,-2.226103316189771,-2.241356993378245
2021-05-03,-1.7102231810804334,-2.519943525840801
2021-05-04,-1.090381848441715,-2.431792274748608
2021-05-05,-0.3623418317262745,-2.479504422734226
2021-05-06,0.308301628550127,-2.162165821450397
2021-05-07,1.0061092091671187,-1.7378122947821082
2021-05-08,1.2559288191683922,-1.264549007326069
2021-05-09,1.5248444700910067,-0.6773022389467332
2021-05-10,1.4040173332385997,-0.513198152469709
2021-05-11,0.9384199190963265,-0.463251634861841
2021-05-12,0.423481172288982,-0.5326644395923233
2021-05-13,0.041679814571249876,-0.5594134261242111
2021-05-14,0.019741983392550157,-0.5498795728257997
2021-05-15,0.24833784602557915,-0.6379309218880824
2021-05-16,0.5300250666013963,-0.651659197079202
2021-05-17,0.7691580470575313,-0.5370485573557836
2021-05-18,1.241394732164295,-0.32586789510780745
2021-05-19,1.8238381162320916,0.12010791541678928
2021-05-20,1.860856477219783,0.7639653714684499
2021-05-21,1.6571547185931905,0.9947860485822543
2021-05-22,1.3198454730378124,1.1151434592575444
2021-05-23,1.026923966249851,1.321940863652875
2021-05-24,0.672006105443194,1.3191105303166748
2021-05-25,0.15945561759828636,1.1567584908029567
2021-05-26,-0.23801808046817638,0.751742706084952
2021-05-27,-0.5127137266474089,0.5196994884609607
2021-05-28,-0.4269468164997794,0.8502826702385468
2021-05-29,-0.5041284323282447,1.3391558304758961
2021-05-30,-0.8333084546078798,1.5680848361796873
2021-05-31,-1.1977426398499595,1.4962671946908883
2021-06-01,-1.343512604329022,1.296292240876724
2021-06-02,-1.2674669282238162,0.969878439872879
2021-06-03,-1.0973002455966938,0.9068461737265125
2021-06-04,-0.8130412834648472,1.0949886370046635
2021-06-05,-0.6160472642943707,0.8971802676128738
2021-06-06,-0.3825953429939575,0.7547604150795458
2021-06-07,-0.20803795095044064,0.6758786492478269
2021-06-08,-0.10437921813858093,0.5585190922094422
2021-06-09,0.021177589378969425,0.2969584322527602
2021-06-10,0.3463321920610169,-0.02486754187347412
2021-06-11,0.2540037652363993,-0.15536376331507565
2021-06-12,0.28162842865766163,-0.5550529568489588
2021-06-13,0.2926027785618831,-0.7845084503363797
2021-06-14,0.5511587962366246,-0.932489579697523
2021-06-15,0.64818422440161,-1.139566528986781
2021-06-16,0.5874416921360585,-1.1113163581505723
2021-06-17,0.6887677602600706,-0.9138230028709865
2021-06-18,0.7159783735090282,-0.8000090019239529
2021-06-19,0.5427279276325213,-0.7112050251496478
2021-06-20,0.16106342358542886,-0.588593661319965
2021-06-21,-0.40285414771479894,-0.3685025218859685
2021-06-22,-0.6933600147964967,-0.3509370947682974
2021-06-23,-0.7707669711142283,-0.42999770910643387
2021-06-24,-0.39058809265018735,-0.33807181557113286
2021-06-25,-0.45035702812606787,-0.4766341882644488
2021-06-26,-0.42340141141407855,-0.4622038283155733
2021-06-27,-0.283002497833942,-0.6738540483737246
2021-06-28,-0.47643352226967856,-0.6468767992690796
2021-06-29,-0.2587982012816222,-0.766071483501885
2021-06-30,0.10584659269438218,-0.8606986452451219
2021-07-01,0.34878358884823807,-0.7993417297865077
2021-07-02,0.632557909316193,-0.7014896212207214
2021-07-03,0.5313447220589761,-0.6810316749450869
2021-07-04,0.5311942106830803,-0.6795876678387976
2021-07-05,0.4752703340504321,-0.4649155090058486
2021-07-06,0.34770775509504676,-0.4230338148467671
2021-07-07,0.25978537886453956,-0.36792781682486425
2021-07-08,0.29362165199401863,-0.48894801623462564
2021-07-09,0.12563988852566094,-0.676357754530412
2021-07-10,0.12944170733571353,-0.5759871294486206
2021-07-11,0.17114820580520843,-0.4908144098255694
2021-07-12,0.21837153692932407,-0.2903716281039272
2021-07-13,0.48173116684846534,-0.03128192148820481
2021-07-14,0.6224708212070391,0.18831714476757558
2021-07-15,0.6925976171419627,0.43625410992835506
2021-07-16,1.0070062130116946,0.5353881054616806
2021-07-17,1.196911352490749,0.8211112434278722
2021-07-18,1.3499254341267926,1.1171017435133317
2021-07-19,1.0949896924700149,1.4175619835172821
2021-07-20,0.7151886401855172,2.0430031536179825
2021-07-21,0.5174417316358929,2.0228719944046674
2021-07-22,0.4205242864748562,1.9507619617151248
2021-07-23,0.14914995469527734,2.0568523204109987
2021-07-24,0.20538896282363983,2.2653371329809686
2021-07-25,0.17773734070561062,2.3308400365886865
2021-07-26,0.12247756754184186,2.3222123591837383
2021-07-27,0.006359007657581757,2.46254230637443
2021-07-28,-0.16862467336427953,2.249137634399981
2021-07-29,-0.7263080954804911,1.7352407407481063
2021-07-30,-1.1647503266284382,1.1349055440621791
2021-07-31,-1.463113184096903,0.7809740416189821
2021-08-01,-1.430411817270515,0.7220902917998014
2021-08-02,-1.5305358881036788,0.7722259590380662
2021-08-03,-1.3506762088247393,0.8031432397634304
2021-08-04,-1.377808978114181,0.8295484676728881
2021-08-05,-1.2430280705605226,0.8624579791859888
2021-08-06,-1.1214367019315086,0.4635461759377128
2021-08-07,-0.8458546238195198,0.17111374475132196
2021-08-08,-0.8226442497805749,-0.2886289310278767
2021-08-09,-0.8465652699707678,-0.6358113058945338
2021-08-10,-1.0039116303964983,-1.0047823855230684
2021-08-11,-1.2307615071934783,-1.247723971913631
2021-08-12,-1.3895177780610277,-1.5101726989555007
2021-08-13,-1.4161671561713454,-1.57919055389115
2021-08-14,-1.3876636012697756,-1.6057745550477769
2021-08-15,-1.2600095229366834,-1.850396412043697
2021-08-16,-0.9564163072564782,-1.986501076798517
2021-08-17,-0.6563940540763966,-1.8265585509698448
2021-08-18,-0.3399094005829779,-1.6908216347010683
2021-08-19,-0.28856531449248257,-1.435815910065782
2021-08-20,-0.36787715640548324,-1.2039314731809165
2021-08-21,-0.5374436415633363,-0.7380792997290279
2021-08-22,-0.5464924930473843,-0.5708353713506835
2021-08-23,-0.48451495429683056,-0.4827368955982738
2021-08-24,-0.4768943698111615,-0.4133340685819726
2021-08-25,-0.701417094566182,-0.6415611430489506
2021-08-26,-0.8179730552469627,-1.028174876154744
2021-08-27,-0.6343305743024507,-1.0652585754553392
2021-08-28,-0.5156171724141813,-0.9629578038748997
2021-08-29,-0.43696078005531624,-1.0094178827665323
2021-08-30,-0.41424016840911837,-1.044692979546553
2021-08-31,-0.3033061073318175,-0.8440634770714271
2021-09-01,-0.2063561915560428,-0.5872675817701374
2021-09-02,-0.1188744775985506,-0.670647778020529
2021-09-03,-0.018417759011056793,-0.6946662152807682
2021-09-04,0.07367117932744802,-0.631355066076686
2021-09-05,0.4032298711794401,-0.49064209013210347
2021-09-06,0.647009653995661,-0.4043676445842857
2021-09-07,0.6608436925401224,-0.4532570044841998
2021-09-08,0.5813908310397387,-0.7127599131732482
2021-09-09,0.4705080103096639,-0.9676425185272787
2021-09-10,0.48856967056997713,-0.8130384958568941
2021-09-11,0.7564124557391572,-0.7905656510792016
2021-09-12,0.9155038893906398,-0.7054795221677284
2021-09-13,1.234208646650113,-0.7087059205982866
2021-09-14,1.4892105428377,-0.8000101804160061
2021-09-15,1.3757198230210521,-0.8447487264347999
2021-09-16,1.1526105033279774,-0.9786778155758797
2021-09-17,0.9137388491131793,-1.1390053584952322
2021-09-18,0.6966975582404796,-0.9482726428746062
2021-09-19,0.6759613024029183,-0.6849592494889937
2021-09-20,0.9369022498626264,-0.6077843553599228
2021-09-21,0.9230522246337394,-0.6437059181064629
2021-09-22,0.49683893166210563,-0.4635993055047984
2021-09-23,0.22980958279254762,0.11844078379990924
2021-09-24,0.02147161723878919,0.15810202171487714
2021-09-25,0.0421114123004906,0.3152444313555847
2021-09-26,0.18825095937763253,0.37731203144826975
2021-09-27,0.3100715683909664,0.658643279652422
2021-09-28,0.4392842502121391,0.8895203820571078
2021-09-29,0.6260149382410222,0.8386794909490806
2021-09-30,0.9471493178454681,0.8091526428837781
2021-10-01,0.9705830095239444,0.7402620163730287
2021-10-02,0.9526006165108379,0.7922851685188578
2021-10-03,1.0309303406904653,0.9440519940851859
2021-10-04,1.0706493412727671,1.0259046217325272
2021-10-05,0.9481247950103582,1.1926261361930368
2021-10-06,1.0234949783872955,1.2766316175715289
2021-10-07,0.8886064513719295,1.3628252651115305
2021-10-08,0.7363947079076092,1.3460689007044433
2021-10-09,0.6967208306120203,1.1870119343614862
2021-10-10,0.5931489957297532,1.3138503719848034
2021-10-11,0.3965984285215093,1.450748759617751
2021-10-12,0.055296380872941114,1.354759843590338
2021-10-13,-0.013553728180181636,1.1702191729944398
2021-10-14,-0.16461992771250658,1.020086124163052
2021-10-15,-0.45246220272542104,0.7082651611916743
2021-10-16,-0.5039459018175398,0.5924759923110068
2021-10-17,-0.324211946163741,0.21014680254096985
2021-10-18,-0.35038448124442195,-0.4331484511249361
2021-10-19,-0.3298700750097232,-0.6754277943691392
2021-10-20,-0.36692937998922415,-0.9458777991600625
2021-10-21,-0.2427493546903713,-1.1068039036636652
2021-10-22,-0.12327900543371319,-1.108466631168114
2021-10-23,-0.18505123753272007,-1.1358978978785483
2021-10-24,-0.20778514700052633,-1.0946276247490434
2021-10-25,-0.4781600472804146,-1.0991303031300974
2021-10-26,-0.6806974810825167,-0.9758482642592101
2021-10-27,-0.8702614124052395,-0.7832291993429811
2021-10-28,-0.7882000705996338,-0.770131723930703
2021-10-29,-1.019907806707738,-0.7673047390948583
2021-10-30,-0.8093928581292604,-0.8077029618870529
2021-10-31,-0.5580108924140568,-0.9585072126803623
2021-11-01,-0.4792289429422152,-0.9001898276376801
2021-11-02,-0.19026470708310955,-0.9331018318719458
2021-11-03,0.19951292236368798,-0.7876574917728089
2021-11-04,0.6539788373931406,-0.4291841556799774
2021-11-05,0.7406971610554515,-0.3983689444265797
2021-11-06,0.8195780008083816,-0.291619967989694
2021-11-07,0.6371526996078217,-0.22425653871448706
2021-11-08,0.3204743376234997,-0.3199756476265887
2021-11-09,0.3936401925673717,-0.29569547943948465
2021-11-10,0.6304650103768791,0.0026054675489087954
2021-11-11,0.6944539684030113,0.1599683914773527
2021-11-12,0.7542933694043961,0.1640027555152766
2021-11-13,0.817153979265249,0.10548860937051627
2021-11-14,0.9877511649417259,0.20726455783189432
2021-11-15,1.1155494130084165,0.0006010334147129678
2021-11-16,1.0806655076151126,-0.11830741460445178
2021-11-17,1.0239112025209858,-0.3529158517494882
2021-11-18,1.1610605458634216,-0.45976246581810515
2021-11-19,1.1388493818355796,-0.4065904532470638
2021-11-20,1.0815328829388633,-0.21160382917726495
2021-11-21,0.8298816648013639,-0.3627767147463797
2021-11-22,0.7733978271753774,-0.679719196878319
2021-11-23,1.0485573218806918,-0.9273568778773197
2021-11-24,1.1403495604359024,-1.080403403576293
2021-11-25,1.1584291524993333,-0.849560128974064
2021-11-26,1.145344233151456,-0.6395436241811803
2021-11-27,0.9433568857159407,-0.5083114952500721
2021-11-28,0.827389802906223,-0.24715203258103022
2021-11-29,0.6897797707799891,0.11156124969233921
2021-11-30,0.7055923310477875,0.27226229733462615
2021-12-01,0.7061073233379523,0.5504866136895098
2021-12-02,0.7552331111078265,0.9286499775652458
2021-12-03,0.8999254056441126,1.1442400540513267
2021-12-04,1.0083133571689684,0.9809302606235963
2021-12-05,0.7903187988080114,0.8305403372968632
2021-12-06,0.6207449237770517,0.8497325597157178
2021-12-07,-0.055442500763702836,0.8394230213879105
2021-12-08,-0.7064937149229843,1.0869910127618365
2021-12-09,-0.8295183396091459,1.4469975666686932
2021-12-10,-0.9897309405435477,1.496012536531236
2021-12-11,-1.126802614386863,1.6102793048359096
2021-12-12,-1.0246481278842015,1.3735151624595132
2021-12-13,-0.7421943385858001,1.3900524731351043
2021-12-14,-0.6715351753039944,1.4208712531327916
2021-12-15,-0.6429106126773079,1.620023948357177
2021-12-16,-0.5319061769198425,1.6298697491648222
2021-12-17,-0.4550325884491613,1.364089822156529
2021-12-18,-0.41046743433594174,1.1764916926364877
2021-12-19,-0.5696481621616449,1.3133769116610763
2021-12-20,-0.9061601387514219,1.4284054809473374
2021-12-21,-1.0956023202876475,1.368487501582258
2021-12-22,-0.9523709138169609,1.4210767620518592
2021-12-23,-0.9196183070146041,0.9897983672137024
2021-12-24,-1.0411128066120792,0.6280437056268284
2021-12-25,-1.2561405087483104,0.4919827733408157
2021-12-26,-1.6193316312277735,0.7904951309239258
2021-12-27,-1.7749051196927679,0.9977045951542959
2021-12-28,-1.809065324814056,0.625066512739813
2021-12-29,-1.8710125767712404,0.31857838860424886
2021-12-30,-1.8549972389815432,0.11899531540982437
2021-12-31,-1.9747549391218229,-0.1262271216370348
2022-01-01,-1.8124051777614014,-0.03135892374047882
2022-01-02,-1.6716269365305831,0.16641680401205178
2022-01-03,-1.545687110485708,0.5985289573787772
2022-01-04,-1.0465359092599749,0.5565290959582108
2022-01-05,-0.9267900834226821,0.5465049106606563
2022-01-06,-1.1171499430770495,0.43883997127153096
2022-01-07,-1.3488608251818686,0.26044202485290174
2022-01-08,-1.3889468924458168,-0.03880221432697394
2022-01-09,-1.5684497444281527,-0.3380395518685035
2022-01-10,-1.8639477043813648,-0.35874797407946984
2022-01-11,-2.0123184131481104,-0.37894993053297094
2022-01-12,-1.6588932147717212,-0.6501908527263863
2022-01-13,-1.10634668746737,-0.7099821568320251
2022-01-14,-0.587857006379392,-0.5896549533830944
2022-01-15,-0.38705287921990134,-0.6297724764957757
2022-01-16,-0.16053351554308817,-0.7648921887746822
2022-01-17,0.04058680036653185,-0.5411180773519396
2022-01-18,0.15577606087665294,-0.32112724515157465
2022-01-19,0.27853257691890804,-0.14367130420895458
2022-01-20,0.07674598397984517,0.05616432814030033
2022-01-21,-0.39933817422106666,0.26022361164748753
2022-01-22,-0.5944011796024211,0.30912565464703623
2022-01-23,-0.6668241308380691,0.6117676199341674
2022-01-24,-0.6928814863039411,0.34982141843481
2022-01-25,-0.784167569941338,0.27344637188535925
2022-01-26,-0.6484999939689171,0.304703380745203
2022-01-27,-0.2864711761351168,0.3309842583542487
2022-01-28,-0.22168413985744853,0.4053255536396826
2022-01-29,-0.01626667690556703,0.4803053444118446
2022-01-30,0.28105181046327804,0.4195979015506102
2022-01-31,0.43911265573696734,0.2822867375269442
2022-02-01,0.5367231197205481,-0.1626048401649804
2022-02-02,0.5948907323976707,-0.43261896820147616
2022-02-03,0.5834589010098193,-0.6233900336478406
2022-02-04,0.581884475953389,-0.8392490513004618
2022-02-05,0.6438222459149704,-1.0123577955050438
2022-02-06,0.7097411529068375,-1.2040925088002967
2022-02-07,0.4390783345597262,-0.9673674497368202
2022-02-08,0.4666128824011056,-0.880571707724912
2022-02-09,0.6007759141446121,-0.9493712674862749
2022-02-10,0.47538759383072865,-0.9159374961406194
2022-02-11,0.6639745788501935,-0.8375847375564796
2022-02-12,0.8139428509368634,-0.956996742724092
2022-02-13,0.8204409907428376,-1.18249925810085
2022-02-14,0.8589877830114815,-1.0075040270921458
2022-02-15,1.3326976671314779,-0.8196981356084798
2022-02-16,1.455707959912429,-0.837612081502087
2022-02-17,1.4254995071670624,-0.8956516122935524
2022-02-18,1.3713296111383435,-0.9456851226385405
2022-02-19,1.536488969783413,-0.8338135927330813
2022-02-20,1.7052215332848095,-0.6505492106122832
2022-02-21,1.7802056700651536,-0.4360847019031264
2022-02-22,1.5406136179159327,-0.6343336603953311
2022-02-23,1.181261652054775,-0.4922875444548655
2022-02-24,1.0352201420410518,-0.27144775949558597
2022-02-25,0.8762121713962744,-0.09041302909609038
2022-02-26,0.7194360481068378,0.2785573131327074
2022-02-27,0.621526448279816,0.5659863637400574
2022-02-28,0.38921965881314435,0.694357194008685
2022-03-01,0.15781928576152046,0.8112053024498856
2022-03-02,0.018798319571264193,0.7034375765452437
2022-03-03,-0.024936143149579825,0.4985334726805039
2022-03-04,0.03669579437341754,0.42882847514261263
2022-03-05,0.20814075414939573,0.5186339847480821
2022-03-06,0.015439330805339907,0.6031785118663803
2022-03-07,-0.057400904524894734,0.45906237543988276
2022-03-08,-0.23400997415727318,0.2895164033384898
2022-03-09,-0.4256359891762156,0.07563828242194065
2022-03-10,-0.6795167046551219,-0.2886219359434713
2022-03-11,-0.7616952450212306,-0.5430452183043922
2022-03-12,-0.6193934275923306,-0.8289398412011794
2022-03-13,-0.367714956350907,-0.970029073423091
2022-03-14,0.1508064715399244,-0.8931493198399333
2022-03-15,0.47922569747001326,-0.9843446388834944
2022-03-16,0.6328135939048616,-0.8242726883189289
2022-03-17,0.6840625816069934,-0.8460311552767793
2022-03-18,1.0282928947943477,-0.903551597230645
2022-03-19,1.4617963103317984,-0.9018061150309209
2022-03-20,1.6485030403419227,-0.6932064651852862
2022-03-21,1.6002769532920738,-0.10124711935756761
2022-03-22,1.6544150407430653,0.2542911478888969
2022-03-23,1.6605008273000135,0.3180897590570412
2022-03-24,1.49760964668659,0.5131790671711514
2022-03-25,1.0535567594095285,0.6841341873058345
2022-03-26,0.5265402229121031,0.5821513026807482
2022-03-27,0.2584068535423997,0.28251959896326573
2022-03-28,0.020830526297510726,-0.14281709807118131
2022-03-29,-0.21983545427114506,-0.06540017573522684
2022-03-30,-0.3908670998305696,0.108659331547309
2022-03-31,-0.41720350200771844,0.06523976380172591
2022-04-01,-0.34370471757789595,0.07937355573574327
2022-04-02,-0.3878921743543907,0.10820991075503325
2022-04-03,-0.46380534228678477,0.010250962539213947
2022-04-04,-0.31046781818972413,-0.09772859345869331
2022-04-05,-0.08525132290261891,-0.03944744894415302
2022-04-06,0.08456188552995449,0.21334821763546924
2022-04-07,-0.022759836930972725,0.3169467267501991
2022-04-08,-0.2989214359862658,0.7139286176907762
2022-04-09,-0.5551805600182702,1.0710371340491294
2022-04-10,-0.597438527675608,1.1136253794794426
2022-04-11,-0.8052401628029834,1.0547889916258195
2022-04-12,-0.7578956425591165,1.0222561238439651
2022-04-13,-0.8291432545076194,0.8430820800572484
2022-04-14,-0.9102967837703474,0.6790466022871959
2022-04-15,-1.0344762854236849,0.5406587325712578
2022-04-16,-1.0864279798066772,0.11706063007777028
2022-04-17,-0.8485443565732788,-0.42280942929533244
2022-04-18,-0.7002549242436953,-0.6783686406831227
2022-04-19,-0.6260862838988818,-0.7603472879599126
2022-04-20,-0.6105714604163907,-0.8971272673316558
2022-04-21,-0.4525895277331754,-0.876182835269603
2022-04-22,-0.20542006731116091,-0.4234744236998781
2022-04-23,0.06662587772677986,-0.2222555709168035
2022-04-24,0.2562756103123426,-0.13365693827210173
2022-04-25,0.2986268922107815,-0.27501769394470715
2022-04-26,0.2919144437990021,-0.3476642188173301
2022-04-27,0.5971351953932925,-0.2599856159782842
2022-04-28,0.7456186998045282,-0.04354747571989289
2022-04-29,0.731796205804788,0.1996922084886332
2022-04-30,0.5987378562113459,0.24307704009623654
2022-05-01,0.29981574556596957,0.14328845405536894
2022-05-02,0.019713178990688262,0.11133227474680209
2022-05-03,-0.17690919618001325,-0.23673835861148515
2022-05-04,-0.1611662044729728,-0.6189105958103667
2022-05-05,-0.31327719518109015,-0.7879489111900628
2022-05-06,-0.23432031652973664,-0.8090182307664022
2022-05-07,0.053036195756076224,-0.6640466165494585
2022-05-08,0.40232860703216844,-0.3910680775953462
2022-05-09,0.8305818420946935,0.19480819341178937
2022-05-10,1.1846372889611865,0.863384812810241
2022-05-11,1.263209880858573,1.543932200408871
2022-05-12,0.8435057397433557,1.8969507733734006
2022-05-13,0.32262088828066465,1.8306818498114334
2022-05-14,-0.1851893343434019,1.6982433878707996
2022-05-15,-0.35296112963238774,1.4486562406151922
2022-05-16,-0.5687756952310573,0.9595689208710197
2022-05-17,-0.8845406633292869,0.47849829278457934
2022-05-18,-0.9272496236416333,0.40621076052199895
2022-05-19,-0.8680054735981128,0.13132926502407768
2022-05-20,-0.747352900510199,-0.27730620768594016
2022-05-21,-0.370657511358039,-0.5991193560221574
2022-05-22,0.007034823212797494,-0.7223224716014272
2022-05-23,0.32576031647489495,-0.5803927921883719
2022-05-24,0.6850414144556879,-0.056377030710295914
2022-05-25,0.8705633319629975,0.35076998966885004
2022-05-26,0.9996372092746612,0.7715596130505701
2022-05-27,0.6235888561298604,1.2475881179629804
2022-05-28,0.004024465515095445,1.5654354683518696
2022-05-29,-0.4164025154517169,1.8161618022411798
2022-05-30,-0.9691370761990129,1.8141123748530628
2022-05-31,-1.2286509679902637,1.6307892091398162
2022-06-01,-1.4307201959571694,1.3445557148934693
2022-06-02,-1.557053854218681,1.1430337888265663
2022-06-03,-1.5468840665492476,0.6388670460941699
2022-06-04,-1.6658706580025253,0.08945671126697491
2022-06-05,-1.5038035659368612,-0.24425942037271986
2022-06-06,-1.3287634386512193,-0.3811502577431118
2022-06-07,-1.1309051908376346,-0.5066265655640889
2022-06-08,-0.6461688999651624,-0.5178232380911342
2022-06-09,-0.34768445157481676,-0.5242893052676962
2022-06-10,-0.20768264032026332,-0.5005340791683516
2022-06-11,-0.10738074418294118,-0.6087454924398099
2022-06-12,-0.07640098559220289,-0.8388883814927612
2022-06-13,-0.11787425315877349,-1.0420173702899327
2022-06-14,-0.35740337300832015,-1.105382786631902
2022-06-15,-0.5290593682124931,-1.0999166980401016
2022-06-16,-0.7496806837989884,-1.151527826009258
2022-06-17,-0.7535376482639962,-1.0388293180415233
2022-06-18,-0.7077383879274493,-1.078593579547111
2022-06-19,-0.5664926863508386,-1.0132555681371127
2022-06-20,-0.2790998123039862,-0.9126304773941355
2022-06-21,-0.1673382728164256,-0.9826836051356986
2022-06-22,-0.4079676167391556,-1.1120648602419156
2022-06-23,-0.4868320000610006,-1.2878540278138035
2022-06-24,-0.40996341166892736,-1.3714326347107297
2022-06-25,-0.050714154862672535,-1.5202810816609962
2022-06-26,0.32963146484716493,-1.7176875460067527
2022-06-27,0.7522745776038109,-1.3862516328236194
2022-06-28,0.9625249600354459,-0.898670734613349
2022-06-29,0.9644708993527135,-0.7693604412883781
2022-06-30,0.9436983310326456,-0.49981195967182196
2022-07-01,0.7862176824506691,-0.07742010795943713
2022-07-02,1.1059222620893954,0.34870960050018385
2022-07-03,1.4725390751335883,0.5189121704512557
2022-07-04,1.4609577722492826,0.76213357950066
2022-07-05,1.490537394324603,1.1340278216363606
2022-07-06,1.2970211690683793,1.2328879590771114
2022-07-07,1.1731392164459926,1.2755730454894287
2022-07-08,0.9769636447608948,0.9338037975307396
2022-07-09,0.7512024574520711,0.6618239168865696
2022-07-10,0.6252501382507998,0.6181382384720104
2022-07-11,0.49896252617420755,0.5642469959669706
2022-07-12,0.632770729748339,0.40746498820389065
2022-07-13,0.7826361609042346,0.6677800682036115
2022-07-14,0.8177992320908622,0.9253174121572715
2022-07-15,0.7999657608543768,0.8657953451032742
2022-07-16,0.8943533478429238,0.8894759146230564
2022-07-17,0.639556097012831,0.6632892725774217
2022-07-18,0.2650577417606029,0.5262458335376146
2022-07-19,-0.3312812456587545,0.47356526548026195
2022-07-20,-0.8397307051294717,0.1888768712730326
2022-07-21,-1.2153994451438372,0.10847651391938927
2022-07-22,-1.471825815051858,-0.1065230056966853
2022-07-23,-1.2491429045648892,-0.4576660060305026
2022-07-24,-1.0627056947946718,-0.7838588930593157
2022-07-25,-0.9103293659423112,-0.8027031701716434
2022-07-26,-0.620061957726032,-0.5562455790373348
2022-07-27,-0.42671844007124904,-0.4780091413654443
2022-07-28,-0.0522548297559028,-0.39424994527427776
2022-07-29,0.008109712484682813,-0.11761738362826436
2022-07-30,0.11039967744941663,-0.06819563075180238
2022-07-31,0.3048035578280474,0.07154241246853378
2022-08-01,0.442323935378234,0.1624496231531616
2022-08-02,0.4674936501093172,0.4637491421005922
2022-08-03,0.33928911996713784,1.0220852576716317
2022-08-04,0.326717974765628,1.3533149583630384
2022-08-05,0.4438941459676178,1.448376304678891
2022-08-06,0.3471014430190562,1.4887212420394258
2022-08-07,-0.051600087374488915,1.5438338706922825
2022-08-08,-0.18772924257849882,1.1596092136094331
2022-08-09,-0.3282983468896252,0.7083146639203617
2022-08-10,-0.5050963553691356,0.5842177734642909
2022-08-11,-0.5708698834454204,0.3334129125967256
2022-08-12,-0.347096178131284,-0.03544976693921685
2022-08-13,-0.1822690883411752,-0.3357106304569209
2022-08-14,-0.25555440718068406,-0.23591795351565284
2022-08-15,-0.3179166454166747,-0.07230181112556004
2022-08-16,-0.4074754573570004,-0.051761518940515394
2022-08-17,-0.5308729507735696,-0.19167807442389706
2022-08-18,-0.46683287991242983,-0.4641758684168539
2022-08-19,-0.34084621103511964,-0.7453165415527974
2022-08-20,-0.4024539773731807,-0.9265955621874019
2022-08-21,-0.4959255198105851,-1.1479104483027704
2022-08-22,-0.5584292460769791,-1.319692355226927
2022-08-23,-0.7563817024235063,-1.7491360368576434
2022-08-24,-0.7052126408227923,-1.884766789267157
2022-08-25,-0.6631599024525491,-1.909451943322139
2022-08-26,-0.5573338539995093,-1.8879771353193378
2022-08-27,-0.4297742190699417,-1.824717371491479
2022-08-28,-0.4550561566255443,-1.8300649082095608
2022-08-29,-0.42860228365197306,-1.3083228116875751
2022-08-30,-0.2905664331122456,-1.2358844554681723
2022-08-31,-0.21763609528083627,-1.0502538610593486
2022-09-01,-0.017061212286327575,-0.7183861373164789
2022-09-02,0.2626537109985836,-0.5310280144215201
2022-09-03,0.4506731336416738,-0.3027665616375016
2022-09-04,0.47732672323070935,-0.3121689225012551
2022-09-05,0.19582299998926744,-0.36295435838332907
2022-09-06,0.23672359212973082,-0.21125446911247525
2022-09-07,0.336335706592212,0.09356159950723912
2022-09-08,0.4667206091949541,0.23601455647887698
2022-09-09,0.3619236201435007,-0.008787704329353961
2022-09-10,0.31708807478690876,-0.35335022891069295
2022-09-11,0.39108178443531094,-0.531967457048501
2022-09-12,0.2849315279049003,-0.5310492178593645
2022-09-13,0.17646295648216523,-0.6117218986688663
2022-09-14,-0.07013510137102137,-0.6982991423987888
2022-09-15,-0.11373103010515198,-0.587833190540645
2022-09-16,0.08675438934192783,-0.7013552239919337
2022-09-17,0.27829644575543067,-0.8938973393668852
2022-09-18,0.3822995356946988,-0.9830227764151769
2022-09-19,0.5107081359998451,-0.8310010649009398
2022-09-20,0.6602790138547985,-0.763174133509376
2022-09-21,0.7263091867535996,-0.8174976247695959
2022-09-22,0.6461718163413284,-0.6599243068272609
2022-09-23,0.5221854259991535,-0.6636817111515779
2022-09-24,0.5636560796253302,-0.5320943420425776
2022-09-25,0.21861681654180923,-0.3369567950144116
2022-09-26,0.3038836062602386,-0.567432853867549
2022-09-27,0.30161423989076447,-0.767475204357728
2022-09-28,0.3058403562117996,-0.744737421519201
2022-09-29,0.5838038843795217,-0.7680284732479518
2022-09-30,0.6711097702923166,-0.8732357474996812
2022-10-01,1.081090596597394,-0.9238404518810784
2022-10-02,1.0264277386251965,-0.880282865724956
2022-10-03,0.887034799259937,-0.9055876202399245
2022-10-04,0.9211606679193514,-0.7948816810295679
2022-10-05,0.9514708074253707,-0.5665986529395698
2022-10-06,1.0544306310188432,-0.2303926466460936
2022-10-07,0.9890238711301294,0.12297328161637533
2022-10-08,0.9616409165810139,0.3157696257974415
2022-10-09,0.982183440441558,0.5606976766544143
2022-10-10,1.0544145167424483,0.7628744173532789
2022-10-11,1.0272002966918572,0.9443451415026769
2022-10-12,0.9272732061959253,1.192367357856049
2022-10-13,0.4779082013912425,1.4902669808482039
2022-10-14,0.059682716085508916,1.6195953764368547
2022-10-15,-0.13630949949586085,1.3098515582160963
2022-10-16,-0.30706856378079184,1.0401731918055
2022-10-17,-0.42526239682505873,0.971655648674765
2022-10-18,-0.4118897867198944,1.0427645688291105
2022-10-19,-0.3846991341425664,1.1362209212842336
2022-10-20,-0.36024101100216327,1.3219002099038344
2022-10-21,-0.33301409489944556,1.4019128541870853
2022-10-22,-0.3011931086426541,1.3611206860642457
2022-10-23,-0.27096697242845214,1.388904474146053
2022-10-24,-0.5276103738740152,1.2514675086446525
2022-10-25,-0.5292714204642166,1.3168724847628457
2022-10-26,-0.6519610633365729,1.3260196151834502
2022-10-27,-0.5148646883837373,1.1409985119016286
2022-10-28,-0.6473800629361336,0.9339228285116289
2022-10-29,-0.8112526811936721,1.1862473564015754
2022-10-30,-0.7671497139913532,1.3307762163864723
2022-10-31,-0.931397705084655,1.3220587318393813
2022-11-01,-1.0331710970776902,1.3020694765804088
2022-11-02,-1.2632677986446739,0.9852055380300653
2022-11-03,-1.4096617211076206,0.6410744377330483
2022-11-04,-1.5271147994538683,0.2965417120022786
2022-11-05,-1.5241788085391894,0.038171863792968865
2022-11-06,-1.2260016789499124,-0.23608824932448225
2022-11-07,-1.161898828828416,-0.37441583740819034
2022-11-08,-0.9046112245787632,-0.6837265860138634
2022-11-09,-0.7048015508474049,-0.8024667444398528
2022-11-10,-0.5599880997484454,-0.7759544511354565
2022-11-11,-0.3299973076310994,-0.6856563596026966
2022-11-12,0.061374451329498626,-0.5312079341002371
2022-11-13,0.4187879056947528,-0.21967851574479538
2022-11-14,0.651318540743728,-0.05666710220748665
2022-11-15,0.661720178676238,-0.013336707193113305
2022-11-16,0.5990929734889753,0.015945355198839075
2022-11-17,0.6681651014921032,0.43448263174910406
2022-11-18,0.5239165238245465,0.8742266193400146
2022-11-19,0.4051584620407537,0.981851070624517
2022-11-20,0.41266086184397593,1.074705738634527
2022-11-21,0.38495964096428503,1.2957133337447067
2022-11-22,0.109361377478829,1.4891828258758226
2022-11-23,-0.2774989488895041,1.5802232631961652
2022-11-24,-0.8508526244202813,1.37660420883156
2022-11-25,-1.3042301645757834,0.9899090304274185
2022-11-26,-1.472650728391428,0.7384631010692482
2022-11-27,-1.4703115696295166,0.438507906947522
2022-11-28,-1.3693980533214898,0.24691373809363262
2022-11-29,-1.184208033296879,0.07216004351826384
2022-11-30,-0.9558092222498594,-0.1596783625697336
2022-12-01,-0.6145606827770551,-0.30217952618070765
2022-12-02,-0.36768412864479955,-0.41794676672801623
2022-12-03,-0.056528823438581684,-0.6001460771317713
2022-12-04,-0.00477463481794017,-0.6802877684652443
2022-12-05,0.06013503469275441,-0.7559769083588929
2022-12-06,0.33484057510185616,-0.7997973996045431
2022-12-07,0.6898058186686792,-0.6523512032549007
2022-12-08,1.0078115247007053,-0.31514670171702697
2022-12-09,1.0556141929425673,-0.3049499427389627
2022-12-10,0.9433401949648198,-0.32243907764821356
2022-12-11,0.726902277628328,-0.3406168244895039
2022-12-12,0.5105733297531658,-0.35717599347352863
2022-12-13,0.328072933371318,-0.36585566069035297
2022-12-14,0.35157841383330246,-0.3857445848555034
2022-12-15,0.3840256132375783,-0.4073604661207164
2022-12-16,0.2806434539145732,-0.4083281126914307
2022-12-17,0.11559768774666007,-0.6480618523990991
2022-12-18,-0.050146959032472925,-0.7582026804797103
2022-12-19,0.03256322557370916,-0.3628948476316281
2022-12-20,0.32360826026999395,-0.06781419950156838
2022-12-21,0.7337032250656027,0.1470822505148755
2022-12-22,1.1028907739690692,0.34624324128082357
2022-12-23,1.0811615232902092,0.5318919365322932
2022-12-24,0.9506870124138318,0.8631705340369117
2022-12-25,0.6666395047807274,1.2252240655104065
2022-12-26,0.5010960937116488,1.222174776635531
2022-12-27,0.4415109316663838,0.9878454253582062
2022-12-28,0.24262363534089895,0.9945943280738061
2022-12-29,-0.21873654313413013,1.0174332121911884
2022-12-30,-0.6243473456600028,0.9254458281054544
2022-12-31,-0.7462629979783507,0.7460817994819544
2023-01-01,-0.8600238983020847,0.5623354468629499
2023-01-02,-1.2075066137956423,0.5635101662949779
2023-01-03,-1.0480639208162956,0.5017624826949455
2023-01-04,-0.8547172731655976,0.25507577792611363
2023-01-05,-0.9640072929614478,0.1546745156606391
2023-01-06,-0.8415570071548598,0.07646195395202963
2023-01-07,-0.7810849921825529,-0.07902853171432966
2023-01-08,-1.040270657966601,-0.08939540394971543
2023-01-09,-0.8591697818984065,-0.09328884593965797
2023-01-10,-0.5793222635911229,-0.2910321794632706
2023-01-11,-0.8256414324213193,-0.8045451748139086
2023-01-12,-0.9730346242568565,-0.7347075558762112
2023-01-13,-0.7428362012532456,-0.528876144641131
2023-01-14,-0.3703144545427164,-0.47211361466936597
2023-01-15,-0.23792395451239218,-0.2917295409169958
2023-01-16,-0.3027469229927136,-0.4452794226016977
2023-01-17,-0.047987067574521716,-0.7459630412488936
2023-01-18,0.30178302794928835,-0.9685718267429283
2023-01-19,0.5111212025116005,-1.266624169880368
2023-01-20,0.9330622935988723,-1.4900446800480833
2023-01-21,1.0824275972921,-1.6741716094357448
2023-01-22,1.2163554229596867,-1.46805073894245
2023-01-23,1.3173482235794152,-1.3829336931720007
2023-01-24,1.447454808347494,-1.3914920921757086
2023-01-25,1.6488073400797245,-1.39299298154503
2023-01-26,1.8584778810128297,-1.2379092488281906
2023-01-27,2.1069329511878787,-1.2681766246637791
2023-01-28,2.2207136979254547,-1.381446897706336
2023-01-29,2.0492753987772736,-1.6052072546972558
2023-01-30,1.8057128798313276,-1.290884611161645
2023-01-31,1.8064588259282885,-0.8539296417152974
2023-02-01,1.9458883993027145,-0.7739525124904538
2023-02-02,1.906973295412339,-0.7487699116227752
2023-02-03,1.7923003180344732,-0.7030468168590576
2023-02-04,1.841689929088966,-0.6059726354702184
2023-02-05,2.0218237345295114,-0.5224799226606526
2023-02-06,2.1190800420707987,-0.2257929641079126
2023-02-07,2.1330468820872173,0.1153569525149941
2023-02-08,2.029819791232338,0.31108385091465607
2023-02-09,1.7957681424262684,0.6817337348894299
2023-02-10,1.5879794174762552,1.2468669315685392
2023-02-11,1.1835108849642206,1.7068162699338771
2023-02-12,0.8189206531435661,2.048444329926806
2023-02-13,0.32568573721235694,2.2455380861302228
2023-02-14,0.09930755271702063,2.2320062328500963
2023-02-15,-0.5753661784271632,1.7978229861107824
2023-02-16,-1.0575866196102843,1.6724545528710517
2023-02-17,-1.0590399346925239,1.6784733777999545
2023-02-18,-0.8461761666991148,1.5229724916789888
2023-02-19,-0.726587721169094,0.9852998231275065
2023-02-20,-0.612508807759834,0.566018906676386
2023-02-21,-0.230579962191385,0.5521948717740816
2023-02-22,-0.07626247681955942,0.3969200929602703
2023-02-23,0.21918640468264677,0.2910435976034796
2023-02-24,0.3562278277997946,0.14369440532466843
2023-02-25,0.3008290196488113,0.24746728527733108
2023-02-26,0.15167901972331646,0.29431183256788856
2023-02-27,0.14398623703193272,0.4664740123741904
2023-02-28,0.2857775998153615,0.7452067098845897
2023-03-01,0.12597130950100668,0.8875414148173709
2023-03-02,-0.29329453639929265,1.312117667284324
2023-03-03,-0.8052900377319512,1.7070534888947586
2023-03-04,-1.6372490080898048,1.836198102458341
2023-03-05,-2.154913941398119,1.6410529228903494
2023-03-06,-2.5988114102766438,1.2831648782985754
2023-03-07,-3.3031898056154105,0.827032178519998
2023-03-08,-3.8591621526528455,0.21877656644476468
2023-03-09,-4.035387849037433,-0.4908537029156408
2023-03-10,-3.888202850681913,-0.8327952276242248
2023-03-11,-3.7509309536375444,-1.0156763856632736
2023-03-12,-3.610100464968549,-1.4269498966880665
2023-03-13,-3.2559754058516526,-1.6656146787059511
2023-03-14,-3.048780425920509,-1.7177596346054678
2023-03-15,-2.4861762389507343,-1.4494336023317662
2023-03-16,-2.1469336403302104,-1.284277060189316
2023-03-17,-1.8636187807120064,-1.3681143232239084
2023-03-18,-1.6053810014801655,-1.837456063845172
2023-03-19,-1.0221952193694344,-2.02178963559782
2023-03-20,-0.28995007265689793,-1.9146870027116354
2023-03-21,0.16022382005650213,-1.918427930764591
2023-03-22,0.6688926518012996,-1.9810386426546667
2023-03-23,1.0103526912420284,-1.8863554561375777
2023-03-24,1.1892026125260233,-1.5771521270257083
2023-03-25,1.345107387120872,-1.4713324339074705
2023-03-26,1.5545959943182517,-1.3174534641951698
2023-03-27,1.4453580943690798,-1.1609358680032542
2023-03-28,1.4519110110525937,-1.0197097452171628
2023-03-29,1.410550152159321,-0.7410794527017102
2023-03-30,1.2390699206023787,-0.6984521610429196
2023-03-31,1.2293635945954495,-0.29107866278389505
2023-04-01,1.365910577789326,0.021609027345217448
2023-04-02,1.3885486892028118,0.1969517337596624
2023-04-03,1.1177640755866785,0.34880489446973223
2023-04-04,0.795927404895422,0.4970653122538575
2023-04-05,0.6910293419852104,0.5951477395947542
2023-04-06,0.7342939067645978,0.8068394430866977
2023-04-07,0.5278593626690271,1.16801255427302
2023-04-08,0.3545675062657148,1.4901354099925936
2023-04-09,0.0010899234963638244,1.419844156392649
2023-04-10,-0.14444417020897254,1.4445965095713937
2023-04-11,-0.26239423062034417,1.6350243094314414
2023-04-12,-0.3793543234151372,1.5579851512581815
2023-04-13,-0.34162224912267825,1.3716502490790201
2023-04-14,-0.2918272387680784,1.2039958148686059
2023-04-15,-0.5159045302756557,0.9458961585432303
2023-04-16,-0.7501732351219013,0.6601443401106512
2023-04-17,-0.9618142969963837,0.40786734390344814
2023-04-18,-1.0790294950014818,0.13600377386869908
2023-04-19,-1.1192617070976338,-0.2918005098978067
2023-04-20,-1.308015653823755,-0.7470851080719394
2023-04-21,-1.315942931973062,-1.04053063769077
2023-04-22,-1.0240501599369811,-1.680384962942815
2023-04-23,-0.7791128236296717,-1.9096842871685469
2023-04-24,-0.573023464477642,-1.8729348187678874
2023-04-25,-0.2529771558042937,-2.0473400948933915
2023-04-26,0.015040050345217484,-1.9660350777311575
2023-04-27,0.2612448171841476,-1.8111785976046457
2023-04-28,0.6782939572703403,-1.4974629638169836
2023-04-29,1.2787096089728707,-1.2419661556624428
2023-04-30,1.7756412616626334,-0.9638895438458762
2023-05-01,1.9758401526011995,-0.635273929826812
2023-05-02,2.147632795500779,-0.023201942734046382
2023-05-03,2.2092553640919426,0.4769233431848215
2023-05-04,2.1514055907932024,0.8591188659919785
2023-05-05,2.144878188602411,1.1974159060825342
2023-05-06,1.7348992134053165,1.1719751893647194
2023-05-07,1.242244291600867,1.3985892181725714
2023-05-08,0.9075473406295473,1.6577711934865065
2023-05-09,0.6608138205170243,1.9036867334215675
2023-05-10,0.4078421422346354,1.7966019241999867
2023-05-11,0.18486534889290385,1.7583434804549853
2023-05-12,0.08387989295671601,1.6666296327638306
2023-05-13,0.22360777226585218,1.707221244548533
2023-05-14,0.1220902928843939,1.512524867008084
2023-05-15,0.03944135418935952,1.56635812747838
2023-05-16,-0.03377039373683946,1.5559265565732614
2023-05-17,-0.062216452350212795,1.4713165269198463
2023-05-18,-0.30229560581141873,1.4507565009627765
2023-05-19,-0.4254935700177799,1.3629550163933837
2023-05-20,-0.5340365885752407,1.067824773273694
2023-05-21,-0.7676782379624318,0.8963005365851721
2023-05-22,-0.8955649659292404,1.0506465237602083
2023-05-23,-0.9391954785170974,1.3209931030828324
2023-05-24,-1.0611680720947791,1.4536226414664197
2023-05-25,-1.2622267126415125,1.3233226125920696
2023-05-26,-1.408632935257781,0.8599165808644785
2023-05-27,-1.6827006274899987,0.38524590397692066
2023-05-28,-1.6649997691929261,0.1027540702770406
2023-05-29,-1.3640889822350812,-0.03744675267652864
2023-05-30,-0.9372017064134155,-0.1355705026187251
2023-05-31,-1.06595981690254,-0.409972811075197
2023-06-01,-0.9790038931882615,-0.46452901052488005
2023-06-02,-0.8831371718798653,-0.4039057874594951
2023-06-03,-0.9447400226760905,-0.49134158226802527
2023-06-04,-0.9486570822572148,-0.7248004238168558
2023-06-05,-0.7812845284197114,-0.915681668980663
2023-06-06,-0.5429328026500513,-1.052659091654493
2023-06-07,-0.16426104663275934,-1.0676841413946083
2023-06-08,0.36424516703970683,-0.9045776764544473
2023-06-09,0.8135584328021114,-0.8490693621330218
2023-06-10,0.9464901702648573,-0.7843157424689428
2023-06-11,1.1677905176610948,-0.5936437422039599
2023-06-12,1.2532192205445005,-0.35506775818433134
2023-06-13,1.5600855450221882,-0.36086629357518935
2023-06-14,1.6064152329921204,-0.31796225004409423
2023-06-15,1.2557888126346737,-0.27554437078240174
2023-06-16,0.812130723395439,-0.19663856182523803
2023-06-17,0.46432440444265216,-0.048979903383873306
2023-06-18,0.16671803493026918,0.021885902471681068
2023-06-19,-0.1367191375122702,-0.015578370180679082
2023-06-20,-0.5460812932692555,-0.05923788314370648
2023-06-21,-0.8010586318607102,-0.33743300601590503
2023-06-22,-0.6424224014633364,-0.7025318564727863
2023-06-23,-0.31869067436061616,-0.8916623004036427
2023-06-24,-0.10956053825721832,-1.0463387901952474
2023-06-25,0.1548296882505613,-1.0496285489152444
2023-06-26,0.18877998347524694,-0.8694090987411536
2023-06-27,0.22827323642009498,-0.5110348801383778
2023-06-28,0.1966962711129106,-0.3229332509158803
2023-06-29,0.35235685539965916,-0.5382352119952432
2023-06-30,0.1628122804732299,-0.8577700168466694
2023-07-01,0.10138305316702162,-1.040534605580489
2023-07-02,0.10286145978551098,-1.0721268047273962
2023-07-03,0.06347846595187694,-0.9541625096285944
2023-07-04,0.14942672634511378,-0.956156085922802
2023-07-05,0.1366906088816327,-0.9562144860839776
2023-07-06,0.050802051241869935,-0.655665164258279
2023-07-07,0.23747370646775456,-0.5428187619802517
2023-07-08,0.2898644355936965,-0.46072377637345585
2023-07-09,0.5597397761495836,-0.5748450794244822
2023-07-10,0.4372742544007024,-0.3641012189576202
2023-07-11,0.48321718756512116,-0.2510958386907737
2023-07-12,0.631598800380183,-0.29702358328710426
2023-07-13,0.7843126746030654,-0.08444815352708883
2023-07-14,0.7928064992778817,0.08665267734478094
2023-07-15,0.9571048237878016,0.32356884576904676
2023-07-16,1.0127657225927167,0.5575006814805766
2023-07-17,0.987208645336337,0.6346158455224297
2023-07-18,1.0363183554107256,0.6895125347120026
2023-07-19,0.888375406960928,0.6713949587075878
2023-07-20,0.5797793963459894,0.6683853403863959
2023-07-21,0.27641321294412463,0.665897141354275
2023-07-22,0.1813957705807843,0.7396409435411943
2023-07-23,0.4393807482256594,0.7606556896337048
2023-07-24,0.430191203296201,0.7641968249632471
2023-07-25,0.27499249346148147,0.9170016413978368
2023-07-26,0.2861412118503842,1.1674512320272221
2023-07-27,0.17126693835071627,1.255802381886072
2023-07-28,-0.08091421999349767,1.0534434256576304
2023-07-29,-0.3248942224598924,0.8605740252928488
2023-07-30,-0.47407570960908685,0.6827041463644777
2023-07-31,-0.4259322750436209,0.4188600580683223
2023-08-01,-0.4916769081453772,0.4955356144596107
2023-08-02,-0.40237727968194026,0.31750247219105115
2023-08-03,-0.514502117451048,0.22133080110435577
2023-08-04,-0.7406616938398637,0.01619772102375485
2023-08-05,-0.8822627934357538,-0.32446655811721375
2023-08-06,-1.0272053281808449,-0.21768045269454855
2023-08-07,-0.8942201941399694,-0.08311258224883146
2023-08-08,-0.9974802490499525,-0.18205145509329448
2023-08-09,-1.1502336049104185,0.04624523848686587
2023-08-10,-1.0521948569788389,0.1390107346342556
2023-08-11,-1.2158506869283483,0.4189768545481503
2023-08-12,-1.222596015201565,0.5809901122085359
2023-08-13,-1.3944203111991154,0.7530220152808197
2023-08-14,-1.3503837716293292,0.7612569716246176
2023-08-15,-1.2323740518780588,0.8226653294861495
2023-08-16,-1.1250826322449081,1.0057408532412546
2023-08-17,-1.1039278537215065,0.7726571430294771
2023-08-18,-1.2209699396025435,0.45420175743521723
2023-08-19,-1.2198260512841321,-0.001511899288092396
2023-08-20,-1.2620094311660768,-0.24424901593126258
2023-08-21,-1.126508254823632,-0.48953842160809946
2023-08-22,-1.2384835987384009,-0.4376312961101665
2023-08-23,-1.2941733979964487,-0.21399440051175475
2023-08-24,-1.120187367750016,-0.051477028526513376
2023-08-25,-0.6114488883018464,-0.23283405982418565
2023-08-26,-0.4813210280932021,-0.2920555322816524
2023-08-27,-0.25831591596533326,-0.5311027187471411
2023-08-28,-0.13428099329586485,-0.4688686256069898
2023-08-29,-0.09009012377840685,-0.23092850891676908
2023-08-30,0.130539428437519,-0.1270369811411911
2023-08-31,0.12404112915220789,-0.02745552764445761
2023-09-01,0.020279264645578346,0.11492199266677633
2023-09-02,0.28159842446765126,0.2794143857810802
2023-09-03,0.5831230067783666,0.19174607430385104
2023-09-04,0.9583501429217167,-0.23461981146828562
2023-09-05,1.3383214869580682,-0.3649240021548151
2023-09-06,1.8373840078214725,-0.5680378131652675
2023-09-07,2.0635772897727187,-0.4676067082152871
2023-09-08,2.102256718860602,-0.2185185544741336
2023-09-09,2.0946042271309886,-0.034888127175615985
2023-09-10,1.841893864104506,-0.02692139840545557
2023-09-11,1.5066408577831005,-0.1696808670409382
2023-09-12,0.9966392440787949,-0.009636834394407469
2023-09-13,0.8620605873335525,0.1130726739252799
2023-09-14,0.732147321443639,-0.10256072009298874
2023-09-15,0.715984482449706,-0.3088841660645307
2023-09-16,0.6909270773270284,-0.582159250208449
2023-09-17,0.6157755262127245,-0.6500810470419852
2023-09-18,0.8099594512662001,-0.4073891327043962
2023-09-19,1.037028073560749,-0.24911577478317784
2023-09-20,0.9505655820888503,-0.07639190092579147
2023-09-21,1.0011773303024418,0.26195262878227926
2023-09-22,1.14268669439134,0.173580502751097
2023-09-23,1.2135733990283568,-0.07523412142336298
2023-09-24,1.2724588341968954,-0.09269282496483788
2023-09-25,1.3326418549647636,-0.03479607748813533
2023-09-26,1.1902875832091384,0.22772997343112636
2023-09-27,0.9427605376634308,0.45282170330884747
2023-09-28,1.0531492087086567,0.7078515090154341
2023-09-29,1.2153963337120133,1.0300851183133977
2023-09-30,1.0073638200834831,1.224642157807292
2023-10-01,0.7074095940010384,1.252805242318061
2023-10-02,0.35276822332265534,1.3464945883525266
2023-10-03,0.1180953185157371,1.349157396488861
2023-10-04,-0.07161522522725042,0.9256047424960635
2023-10-05,-0.14558266634922157,0.5521197431069202
2023-10-06,-0.2636044688079957,0.281291257700099
2023-10-07,-0.2806233174903196,-0.15156588895957365
2023-10-08,-0.34684542108619254,-0.514722326373344
2023-10-09,-0.4855748328982163,-0.6745016612089297
2023-10-10,-0.6944739603737348,-0.6360518615055523
2023-10-11,-0.8536026098633004,-0.6385455878004067
2023-10-12,-0.8323471751527292,-0.31587582341282666
2023-10-13,-0.7592666289850857,-0.17584923623195306
2023-10-14,-0.9082899441975377,-0.15202591834915943
2023-10-15,-1.0003366190855452,-0.09664478455197477
2023-10-16,-0.97357314294157,-0.4119400591419529
2023-10-17,-0.7018001035748461,-0.6742214872434704
2023-10-18,-0.5817181654163375,-0.7597004150381246
2023-10-19,-0.5689500715773705,-0.7001298008971205
2023-10-20,-0.6057662465096111,-0.5161619459204134
2023-10-21,-0.5669753345331662,-0.22567438819700963
2023-10-22,-0.7925021173042592,-0.06413958290204076
2023-10-23,-0.9733329387849913,0.0012133782467453418
2023-10-24,-1.278022733122943,0.009027060683009758
2023-10-25,-1.5536205611233567,0.07246022653376372
2023-10-26,-1.5792577855323924,0.039206924942090667
2023-10-27,-1.70951773887236,-0.19127643124757684
2023-10-28,-1.613699823267312,-0.500146284648301
2023-10-29,-1.5713260243617138,-0.7556320105525897
2023-10-30,-1.473416637518023,-0.7964947369265242
2023-10-31,-1.1663291602442762,-0.7846722875246417
2023-11-01,-0.7001787962012346,-0.9583747211544165
2023-11-02,-0.29867708298590295,-1.0541990018480574
2023-11-03,-0.1577545255477992,-0.8319035503476317
2023-11-04,-0.2656966007935703,-0.6721273523701602
2023-11-05,-0.32539936730775715,-0.5727983763200579
2023-11-06,-0.1590594279227189,-0.20335641411668184
2023-11-07,0.08507931405945862,0.252030505417684
2023-11-08,0.024506302949456805,0.685234903631488
2023-11-09,-0.025758099602257105,1.0940456236885474
2023-11-10,-0.1705679291989974,1.2472137244896428
2023-11-11,-0.2027868273740074,1.2873492125551886
2023-11-12,-0.32735748758607386,1.2424952859927458
2023-11-13,-0.587480020058663,1.0778922050902324
2023-11-14,-1.1347988157805147,0.8695310062819331
2023-11-15,-1.2953718551841646,0.7467664927298714
2023-11-16,-1.2950557569601984,0.3503654766666017
2023-11-17,-1.3522410003881002,0.0016348027355854407
2023-11-18,-1.2857625705538287,-0.3491314508514079
2023-11-19,-1.257552156179626,-0.9675596476526761
2023-11-20,-1.0413870748919265,-1.2491745433784294
2023-11-21,-0.6622757067779845,-1.7719465573456599
2023-11-22,-0.3613368602612703,-1.8507206405638434
2023-11-23,-0.16534795537147867,-1.6498302897971167
2023-11-24,0.23076602908299576,-1.6861063032288592
2023-11-25,0.40850171943904623,-1.465614151423645
2023-11-26,0.5258025007488107,-1.2733495567169286
2023-11-27,0.4520782502602817,-0.9675563157967811
2023-11-28,0.42077632126505393,-0.9095301771165574
2023-11-29,0.8648103068817578,-0.7366040159992394
2023-11-30,1.258740975386202,-0.6016019829080683
2023-12-01,1.4503098990841148,-0.6056170232444935
2023-12-02,1.5089387659958262,-0.32123829249171304
2023-12-03,1.6500072964016073,0.17898866886348047
2023-12-04,1.7992016458699147,0.28560912538960037
2023-12-05,1.887845734617215,0.2642343119562033
2023-12-06,1.960128488804807,0.6979432544841108
2023-12-07,1.7573445874503577,0.969800834252014
2023-12-08,1.4492685289568539,1.2301563122935146
2023-12-09,1.2392655959239582,1.5114972046241957
2023-12-10,0.9614654425796932,1.5723270301013426
2023-12-11,0.5768069775420882,1.457546751037215
2023-12-12,0.2594924976281903,1.2992807998034699
2023-12-13,0.016716082324265386,1.3525274329513328
2023-12-14,-0.018564337791401753,1.5073205029469015
2023-12-15,-0.2854575656243557,1.643270445271556
2023-12-16,-0.5795543542188264,1.6017028412134733
2023-12-17,-0.6859550703239484,1.3237354312152823
2023-12-18,-0.6238156470834059,0.9493223243634622
2023-12-19,-0.2771413093472165,0.7347239926265116
2023-12-20,-0.13775118684007426,0.5894986770284179
2023-12-21,-0.2847363799514185,0.2913900475227067
2023-12-22,-0.502560701015247,-0.28351502294783776
2023-12-23,-0.7726839447559722,-0.7965000086915087
2023-12-24,-0.9576859421980606,-0.8771186529491536
2023-12-25,-1.24212610122482,-0.9849386081266974
2023-12-26,-1.3366998909265873,-1.0957211396826918
2023-12-27,-1.4633045780497,-1.3972236689510305
2023-12-28,-1.3146592812010283,-1.6660562882870513
2023-12-29,-0.8063529099917406,-1.9751610016962944
2023-12-30,-0.2365391839424552,-2.0274815138149442
2023-12-31,0.2704060229172066,-1.973246961651225
2024-01-01,0.8215324988803246,-2.1191337777756725
2024-01-02,1.26878414949469,-2.271955979384867
2024-01-03,1.372217473593045,-2.1868736099211126
2024-01-04,1.5258130910878063,-2.1223398976030974
2024-01-05,1.2712784902266347,-1.7272321218635196
2024-01-06,0.8815904831300885,-1.3034606559632365
2024-01-07,0.4594417257840654,-0.9728947698085345
2024-01-08,0.14918953056874215,-0.8657724159919101
2024-01-09,0.22267692635630612,-1.2550578502197687
2024-01-10,0.4838250394129584,-1.3472594435709027
2024-01-11,0.7398382301694063,-1.328723842665152
2024-01-12,1.050950937801098,-1.2642780972672425
2024-01-13,1.2068950503267588,-0.8623268340531002
2024-01-14,1.5605382020670617,-0.731127633927657
2024-01-15,1.8792744403245638,-0.7058219222714973
2024-01-16,1.980683501948109,-0.313545104080023
2024-01-17,2.0599468012708706,0.15280373707452227
2024-01-18,2.191565561408359,0.6238707531000989
2024-01-19,1.7576935632417223,1.1129921066667847
2024-01-20,1.2492747945346925,1.5409271875263866
2024-01-21,0.8797812684122209,1.6884379964062481
2024-01-22,0.7756820239156735,1.5848769273072907
2024-01-23,0.4036408258283484,1.5465092348411738
2024-01-24,-0.3770852486678263,1.5666025312611371
2024-01-25,-0.7554893442289887,1.5539501976820524
2024-01-26,-0.9461023586788655,1.5838706684765806
2024-01-27,-1.276178197500355,1.5459996259561255
2024-01-28,-1.592551841320701,1.2167672029770005
2024-01-29,-1.5255991682743257,0.8676265622612388
2024-01-30,-1.6028216177136154,0.8883996012621821
2024-01-31,-1.497187382194214,0.9903325861843691
2024-02-01,-1.4131466778387216,0.767645080645983
2024-02-02,-1.4027728816588123,0.6550224773529413
2024-02-03,-1.4273263398167484,0.7874175784112504
2024-02-04,-1.3791467571014884,1.0591679885291894
2024-02-05,-1.0490706852812979,1.1426461676516038
2024-02-06,-0.7641965524158751,1.239734840701009
2024-02-07,-0.7549242639376414,1.0556702637737296
2024-02-08,-0.9809265208099991,0.6158726910360321
2024-02-09,-1.5502469984642868,0.318579452556455
2024-02-10,-1.7941821728989864,0.5399373426588775
2024-02-11,-1.651073623374071,0.5835694001251547
2024-02-12,-1.6708271998202504,0.38966575326440234
2024-02-13,-1.6526774678347922,0.6818633544271779
2024-02-14,-1.6411817386032448,0.8272112423204618
2024-02-15,-1.472888012518009,0.5508729637427894
2024-02-16,-1.2625009026755873,0.46530688979099083
2024-02-17,-0.9490286534011506,0.4639397623987357
2024-02-18,-0.7023621192918503,0.42267925717873145
2024-02-19,-0.663779986272255,0.27521075540350126
2024-02-20,-0.43334741572751073,0.25478650751200266
2024-02-21,-0.22609271154851168,0.3840681771986534
2024-02-22,-0.22774043967770616,0.4187917423042
2024-02-23,-0.08602147737187574,0.2509393923700886
2024-02-24,-0.04899591146438756,-0.4321292381847809
2024-02-25,0.10197107616226093,-0.7817888083012738
2024-02-26,0.18272520183119664,-0.9281772860859728
2024-02-27,0.2419843547080423,-1.0033879172615423
2024-02-28,0.4455018720923648,-1.0310926338685589
2024-02-29,0.5725257584950653,-1.0094559277623454
2024-03-01,1.028663713642951,-0.8733604786588461
2024-03-02,1.415690932009486,-0.7242083470294014
2024-03-03,1.42260218888409,-0.7269672144657837
2024-03-04,1.816951129254667,-0.5739837966097886
2024-03-05,2.2734337362679384,-0.48150388143833633
2024-03-06,2.553611334524429,-0.19721715710906848
2024-03-07,2.5995343122156522,-0.09711106523019068
2024-03-08,2.564719477004262,0.04265747473766514
2024-03-09,2.447105543612332,0.1302093523399513
2024-03-10,2.1743407482656814,0.3734487685510989
2024-03-11,1.7613385170070515,0.6934709019238127
2024-03-12,1.624056334156079,1.2446662923272624
2024-03-13,1.1473391403562032,1.5759577933254398
2024-03-14,0.5848010143192834,1.911662811076123
2024-03-15,-0.13208743644792523,2.2234317964679513
2024-03-16,-0.5088251164153699,2.407131637483561
2024-03-17,-1.0733205617996873,2.363742004091346
2024-03-18,-1.7799773523450038,2.1310915221387585
2024-03-19,-2.223254925395345,1.767723643358348
2024-03-20,-2.2489800275713203,1.3519358380873931
2024-03-21,-2.205726403926143,0.8432102003692742
2024-03-22,-2.1513484369429876,0.136458095086341
2024-03-23,-2.2299447614882735,-0.6964004945935504
2024-03-24,-1.956125435988897,-1.067328927168375
2024-03-25,-1.5521061414048645,-1.2371066826003718
2024-03-26,-1.2382216506568364,-1.2678287245702622
2024-03-27,-1.1659848972196412,-1.137697154232193
2024-03-28,-0.9194226723705305,-1.2501704202061887
2024-03-29,-0.8801322867823964,-1.3878742214648885
2024-03-30,-0.8220854715302377,-1.3495095856054828
2024-03-31,-0.6296086287829263,-1.1628650846394437
2024-04-01,-0.23756143505802627,-1.1538635280243132
2024-04-02,0.09148129284690847,-1.1079984867817945
2024-04-03,0.3799556648211892,-0.9315947035456486
2024-04-04,0.605718973268583,-0.7467043332181286
2024-04-05,0.7113730350242335,-0.6246961567732356
2024-04-06,0.7303898275964414,-0.5696276762661622
2024-04-07,1.133284841666819,-0.4083775499147789
2024-04-08,1.1135719087400893,-0.33676218887127474
2024-04-09,1.0249752736837296,-0.2875253646598074
2024-04-10,0.7331060952346906,-0.10105488014700416
2024-04-11,0.39073382180900285,0.13948134825678918
2024-04-12,0.135077582773587,0.1728615026981042
2024-04-13,0.037286678782784376,0.1320134402376508
2024-04-14,-0.03421125477372553,0.20360073106198212
2024-04-15,-0.14761895859928692,0.28398887892821195
2024-04-16,-0.3801053849660114,0.1504103973292637
2024-04-17,-0.6361860288399211,-0.1391161517013337
2024-04-18,-0.6292294675996299,-0.45514373491293914
2024-04-19,-0.5222704551754016,-0.594496762305228
2024-04-20,-0.5112106131158977,-0.6854747287949051
2024-04-21,-0.3663626579948141,-0.6533135172038291
2024-04-22,-0.33125603582876567,-0.6525366097207458
2024-04-23,-0.24177222062413814,-0.5949165662960236
2024-04-24,-0.1431332758416783,-0.6699370734353791
2024-04-25,0.003203320521247381,-0.7591107648888756
2024-04-26,0.21705905461826377,-0.8871847931289835
2024-04-27,0.39330542031741705,-0.7581580430390918
2024-04-28,0.6189772821813571,-0.6688302685444341
2024-04-29,0.9258933796019816,-0.3488577668351115
2024-04-30,1.061014979335417,0.04581379496540498
2024-05-01,0.8437362294560754,0.1651999012415501
2024-05-02,0.7148876171210895,0.11893137725577134
2024-05-03,0.8853907140745451,0.2925725708970527
2024-05-04,0.9103952758306089,0.6011307749017731
2024-05-05,0.6249911330383202,0.7793193128298833
2024-05-06,0.2815072144972077,0.8481489304167172
2024-05-07,-0.024199852546979535,0.6680806662642237
2024-05-08,-0.3221612905219385,0.48700753074064185
2024-05-09,-0.6737669434311538,0.2998080843401791
2024-05-10,-0.7172787812040586,0.33286268311642014
2024-05-11,-0.8001523247657838,0.11675528126692596
2024-05-12,-0.8096332704020891,0.007568220666667943
2024-05-13,-0.666101082694321,-0.1426330761296052
2024-05-14,-0.6026880854805821,-0.24932705483351406
2024-05-15,-0.3946765166580916,-0.306010427799242
2024-05-16,0.10160980784047118,-0.2973749374527159
2024-05-17,0.4881766435197461,-0.4078759680833297
2024-05-18,0.5759209613979187,-0.43924251644600676
2024-05-19,0.47269391570189173,-0.39683043098358817
2024-05-20,0.5240403974617434,-0.3236920643896112
2024-05-21,0.7199494138505617,-0.3343741134545967
2024-05-22,0.7872917620065368,-0.12664390058400624
2024-05-23,0.8001487204658904,-0.08442382577358197
2024-05-24,0.7896526492383231,-0.012381308553081598
2024-05-25,0.8135290475408131,-0.021886897535946977
2024-05-26,0.9238403758799795,-0.00931778065972149
2024-05-27,0.8209175734031506,0.07207458197363345
2024-05-28,0.5896998662023267,0.3186977371549313
2024-05-29,0.5525371719265969,0.5875309983075725
2024-05-30,0.5300340987124543,0.7302591379498674
2024-05-31,0.28171672544364507,0.7698742955384291
2024-06-01,0.2667933916015662,0.7396990994890014
2024-06-02,0.23407349940375385,0.5530545157741031
2024-06-03,0.30281997618123824,0.5375416672578842
2024-06-04,0.12186292363400358,0.43042251838517126
2024-06-05,-0.034087942302590206,0.42594332304037846
2024-06-06,-0.13882325322095662,0.2983212125160829
2024-06-07,-0.357737645423412,0.17591051080686015
2024-06-08,-0.35758239454029916,0.04082312088789218
2024-06-09,-0.4036176759969725,-0.08941501145640685
2024-06-10,-0.21415311373261972,-0.019575042456231158
2024-06-11,-0.1393969878314234,0.01770524392760703
2024-06-12,-0.13583239809535158,0.13072530546970115
2024-06-13,0.02589049906369077,0.31634582024805163
2024-06-14,-0.1811451884608709,0.36161454540283894
2024-06-15,-0.3122894593216776,0.3685610136796007
2024-06-16,-0.6212455461895745,0.25385029756514366
2024-06-17,-0.5233220382207752,0.09642162926701521
2024-06-18,-0.3302960115309886,0.22085245917515117
2024-06-19,-0.13429083199704334,0.13638959329151304
2024-06-20,0.0723808614763727,0.20357698750004266
2024-06-21,-0.08300978284093498,0.090832034090534
2024-06-22,-0.3486698124890582,-0.15499128192188824
2024-06-23,-0.5605674274259128,-0.3612189173010566
2024-06-24,-0.7150950736864913,-0.3762723451085444
2024-06-25,-0.5406605996814736,-0.469397669424887
2024-06-26,-0.34475918683185863,-0.3655415958344116
2024-06-27,-0.04387025663684944,-0.22864004756761303
2024-06-28,0.27324557362753304,-0.4056415825971583
2024-06-29,0.3953751808419169,-0.28013626189006674
2024-06-30,0.676349465815438,-0.23239830717696253
2024-07-01,0.882151942118789,-0.5622978020743586
2024-07-02,0.7968694845361255,-0.7047855905996586
2024-07-03,0.815238326225061,-0.7862227183787613
2024-07-04,0.5525531455372834,-0.747758583994279
2024-07-05,0.47487362582784337,-0.6249093188380402
2024-07-06,0.5063517061326778,-0.39299857906542995
2024-07-07,0.4688622036894379,-0.32227386562753596
2024-07-08,0.2617548110403356,-0.05025910982503075
2024-07-09,0.09045958809756312,0.2775678183747652
2024-07-10,-0.021043323309963974,0.47151450229584163
2024-07-11,0.23787505787101168,0.6763643126498503
2024-07-12,0.46633419405436655,0.7077713080378694
2024-07-13,0.3513657360915052,0.6832384020855623
2024-07-14,0.25436472505056806,0.45912331775643256
2024-07-15,0.0717577339610567,0.6138048697743861
2024-07-16,-0.2182731360296584,0.5970759512217507
2024-07-17,-0.39211480184743996,0.8044477525458281
2024-07-18,-0.39263531984917033,1.166863236250512
2024-07-19,-0.2810803627269314,1.0762524650008805
2024-07-20,-0.18166396813952188,1.0349905195575346
2024-07-21,0.01492036269611091,0.6944858573047794
2024-07-22,0.2595582579279825,0.4964996912360096
2024-07-23,0.26938436309604274,0.6382456905167825
2024-07-24,0.49233230924522164,0.694250616252233
2024-07-25,0.4609886599250513,0.8883003234917595
2024-07-26,0.19738379303507958,0.9274264887545608
2024-07-27,0.1656836913380948,0.9298226031481527
2024-07-28,-0.16752418610534106,0.600480182729685
2024-07-29,-0.7694231994866271,0.07353520184446438
2024-07-30,-1.0730514721475246,-0.031323620209315756
2024-07-31,-1.199649483066055,-0.11973339067373794
2024-08-01,-1.1257612683472848,-0.18087169495775948
2024-08-02,-1.0546786267232338,-0.22940882294320983
2024-08-03,-1.0380361139216132,0.004572983007097661
2024-08-04,-0.928901797948666,0.02856897076983484
2024-08-05,-0.8525902860853799,-0.14981360394880994
2024-08-06,-0.8878459227281797,-0.1952500074016638
2024-08-07,-0.8207116109757392,-0.3933390004611374
2024-08-08,-0.9503122525978518,-0.4307864060959915
2024-08-09,-0.8347725454211943,-0.7440708458997132
2024-08-10,-0.9069303505861376,-0.8257246137189065
2024-08-11,-0.9989195378824982,-0.9200157016714178
2024-08-12,-0.9883484670684803,-0.9853556244618438
2024-08-13,-1.001329656904466,-1.2229026542752985
2024-08-14,-1.0098846584421257,-1.4410706162957314
2024-08-15,-0.7864143187264095,-1.3835581462378066
2024-08-16,-0.4828285137674679,-1.7111609853601129
2024-08-17,-0.3621156555529493,-1.8255703078682155
2024-08-18,-0.12137589413415165,-1.62430313691715
2024-08-19,0.1928536204912428,-1.3850119463494532
2024-08-20,0.3506587384917219,-1.4789853399052684
2024-08-21,0.2948640717476682,-1.3122370407446389
2024-08-22,0.5252597036162836,-1.112622744250578
2024-08-23,0.5699340971429443,-1.026563586279471
2024-08-24,0.7756301382952481,-0.9685087962334851
2024-08-25,0.9424860157847931,-0.8802620283506403
2024-08-26,0.7124195947450935,-0.5570147078670813
2024-08-27,0.6442460143270301,-0.5815369637799002
2024-08-28,0.6659112444227496,-0.5064125794916747
2024-08-29,0.6171422962329894,-0.30462882673993796
2024-08-30,0.7763991794572472,-0.27173878067561785
2024-08-31,0.6786306659437376,-0.24665698184745014
2024-09-01,0.8558959319861912,-0.2030928231848384
2024-09-02,0.9303195945691892,-0.01581028189787534
2024-09-03,0.7580432492958137,0.0633356445186169
2024-09-04,0.7352446862169857,0.2352489369660067
2024-09-05,0.644055329488919,0.3353169776481685
2024-09-06,0.3949138600710184,0.4262101570260153
2024-09-07,0.44295476641553305,0.4612143157487002
2024-09-08,0.6338821654745771,0.5117678413727648
2024-09-09,0.7450977249820692,0.4861733177077903
2024-09-10,0.9151317410193602,0.3693382442609761
2024-09-11,0.8431100484059524,0.5696727964275887
2024-09-12,0.8967043964886386,0.71978675879618
2024-09-13,1.1896483928984096,0.663541667286539
2024-09-14,1.173213173971975,0.8195021768197185
2024-09-15,0.9613300252673745,1.062722459900411
2024-09-16,0.6029232768946553,1.189130745241213
2024-09-17,0.04047624516699443,1.0643825855459796
2024-09-18,-0.403304923504312,1.1509687446461152
2024-09-19,-0.5570986756414829,1.2764299831050794
2024-09-20,-0.5162427429807945,1.4454640254763762
2024-09-21,-0.4248942113905498,1.3767096026554786
2024-09-22,-0.5301788904706172,1.0525392057231509
2024-09-23,-0.6647158592550251,0.7975237711329244
2024-09-24,-0.6420332920071284,0.35275495972669824
2024-09-25,-0.5178226374278415,0.03680404238300688
2024-09-26,-0.719505449668449,-0.12701129341946582
2024-09-27,-0.9291218353937206,-0.4385994284119153
2024-09-28,-1.148583898444541,-0.7669855061191461
2024-09-29,-1.1309222414954494,-1.0910613967838672
2024-09-30,-0.9521348570355523,-0.939108363237839
2024-10-01,-0.7921376068234057,-0.7556651954159214
2024-10-02,-0.5496332006698845,-0.6240764373353006
2024-10-03,-0.29687997058861215,-0.6909510841382841
2024-10-04,-0.013768877416272677,-0.8495044966151752
2024-10-05,0.0464866226099889,-0.8340154973924396
2024-10-06,-0.061275737842152365,-0.8186451080804018
2024-10-07,-0.07228733133749232,-0.850462766876942
2024-10-08,0.06257112686837366,-0.8227133270532466
2024-10-09,0.14922868741208284,-0.511356315969815
2024-10-10,0.1336306477345923,-0.27123843343739024
2024-10-11,-0.034300612317040444,-0.09462409760314627
2024-10-12,-0.017148982804781346,-0.04457792638800923
2024-10-13,0.25542807475572626,-0.12512953131342525
2024-10-14,0.657789093595682,-0.3529570245065345
2024-10-15,0.9422751386935334,-0.19556530136924474
2024-10-16,1.1280879236623629,0.028161552376905985
2024-10-17,1.2227507328285612,0.36056648061184443
2024-10-18,1.189024576963575,0.727428540143926
2024-10-19,1.2404579707866632,0.9629634484596442
2024-10-20,1.2792363467447678,0.9275119178994012
2024-10-21,1.3107092373427205,1.0361005711645657
2024-10-22,1.2414249741853125,1.2542205141924643
2024-10-23,1.109942319885958,1.7166946928061415
2024-10-24,0.8655518202017808,2.1765742029981894
2024-10-25,0.5138544894022977,1.978315736991768
2024-10-26,-0.03323550956780757,1.617059796109926
2024-10-27,-0.5066620272736703,1.1569079657345067
2024-10-28,-0.9144113305744331,0.8395251694988112
2024-10-29,-1.3528955167115446,0.47010689311163945
2024-10-30,-1.6797074596137649,0.20296079989990223
2024-10-31,-1.8162698560332788,-0.11600331934880376
2024-11-01,-1.7436310134805655,-0.31371966680812297
2024-11-02,-1.6526929718822483,-0.5074895153680218
2024-11-03,-1.451552821731398,-0.6781612806516641
2024-11-04,-1.6212045601374399,-0.5368144287841273
2024-11-05,-1.9183783076315803,-0.5372997891348661
2024-11-06,-1.9960319703694853,-0.6995944543652008
2024-11-07,-1.758448814737216,-0.8646689168708387
2024-11-08,-1.4313637283081786,-1.0154500847485857
2024-11-09,-1.2383223804747794,-1.248363377623054
2024-11-10,-1.1724397115105392,-1.149728673110951
2024-11-11,-0.958872937761767,-0.9757869182019419
2024-11-12,-0.8362737493216484,-0.7783872057768485
2024-11-13,-0.5995598570184918,-0.68400925714281
2024-11-14,-0.3587849446033531,-0.8105206200133893
2024-11-15,-0.23067083250159312,-1.0202703258616634
2024-11-16,-0.040177237836258546,-1.1724696583348584
2024-11-17,0.11297835015330486,-1.3861802776742125
2024-11-18,0.26141843323616987,-1.6668330488965222
2024-11-19,0.1681643660740515,-2.0632241308093326
2024-11-20,0.29383739006256854,-2.369942919492277
2024-11-21,0.48550599983805076,-2.1530309474580793
2024-11-22,0.5976710124307255,-1.8921640256733585
2024-11-23,0.733464005710057,-1.5475361615545968
2024-11-24,0.6792008253864125,-1.138277591887758
2024-11-25,0.8864548892579213,-0.7112515659038919
2024-11-26,1.203770478380077,-0.4011519537497585
2024-11-27,1.452983070893579,-0.24136075998611742
2024-11-28,1.7084954841189746,-0.03599970460029274
2024-11-29,1.7592391930941156,0.12650943461914696
2024-11-30,1.7323475082412008,0.3926504303137649
2024-12-01,1.518677604968148,0.5085255887653604
2024-12-02,1.3988802947042271,0.485782703837713
2024-12-03,1.294467049176321,0.5164767204536491
2024-12-04,1.1891421260119928,0.4525190528782512
2024-12-05,1.1645105193590541,0.6552801682104485
2024-12-06,1.0041981702417277,1.013226677025421
2024-12-07,0.9888901652130412,1.2535122162862036
2024-12-08,1.0011031166287359,1.3412809471149847
2024-12-09,1.1759774308155226,1.5910974374143894
2024-12-10,1.2562490062801477,1.6269965005208475
2024-12-11,0.9807269647261948,1.8035167318433993
2024-12-12,1.0207844412387161,1.9089500578511405
2024-12-13,1.0560872877739718,2.0619422661436624
2024-12-14,0.9366914770929384,1.9003330663208633
2024-12-15,0.8646932288267772,1.3525897823040034
2024-12-16,0.7759022316305672,1.0479643982343234
2024-12-17,0.49697777009241734,0.9237071984697435
2024-12-18,0.5086860294172234,0.7216345335906889
2024-12-19,0.34472933846045173,0.8277854945428521
2024-12-20,0.24512427420848942,1.1356785856040115
2024-12-21,0.4091313925475629,1.3974377272458813
2024-12-22,0.1978229639247738,1.3023285270343472
2024-12-23,-0.0842592890658208,1.0619587313172603
2024-12-24,-0.2892314400210435,1.2141717429818646
2024-12-25,-0.5688208840803387,1.427972149010003
2024-12-26,-0.7492279667716171,1.3662797573705154
2024-12-27,-1.0535914119988856,1.3265395939794054
2024-12-28,-1.0143627792452834,0.9354024280577893
2024-12-29,-1.0162162335710883,0.878847208557792
2024-12-30,-1.0259167726854845,0.9716955006325438
2024-12-31,-0.7933530327818366,0.8902582732845171
2025-01-01,-0.6637908707200485,0.5645600862696263
2025-01-02,-0.5827114915520929,0.3755649532520005
2025-01-03,-0.24966856238116747,0.013901071272686744
2025-01-04,-0.35041472280027036,-0.21328652278823404
2025-01-05,-0.6332688645721126,-0.3475794320905223
2025-01-06,-0.7382637282470773,-0.47520134160738836
2025-01-07,-1.1017779597757753,-0.3573560510068141
2025-01-08,-1.2870156333243787,-0.16523234827718175
2025-01-09,-1.265581853294814,-0.25109390861409825
2025-01-10,-1.3101500398757377,-0.2646863429056801
2025-01-11,-1.7104996154994334,-0.7050950320843219
2025-01-12,-1.9355991987528023,-0.8860590753854333
2025-01-13,-1.7632581515788037,-1.0291126973971814
2025-01-14,-1.6860963036817131,-1.1905710258017392
2025-01-15,-1.4276570810505755,-1.5041949066007214
2025-01-16,-1.2698271346354144,-1.6212016703070826
2025-01-17,-0.7545839497083117,-1.9099716598177228
2025-01-18,0.06611016425290729,-2.1640670211896467
2025-01-19,0.6668288347460538,-2.2544623049366113
2025-01-20,1.0729478449411518,-2.1672280693320936
2025-01-21,1.3145999498278624,-2.2297087125449315
2025-01-22,1.632153197361437,-2.2650080365273153
2025-01-23,1.7162549575608874,-1.8234345294700716
2025-01-24,1.7809385157798394,-1.2589920548666673
2025-01-25,1.7798331426663416,-0.882985685359739
2025-01-26,1.964179288508975,-0.8301147611041197
2025-01-27,1.8183523054913495,-0.6630049050034333
2025-01-28,1.6149854213634145,-0.41672717311067375
2025-01-29,1.696452048452964,-0.06685611091680996
2025-01-30,1.6280174460914147,0.24373032459710994
2025-01-31,1.4082825150803169,0.7964471331894477
2025-02-01,1.2092152537601084,1.3224233305644932
2025-02-02,0.9081199409013553,1.7401586514638852
2025-02-03,0.5195979493935543,1.8684289495756843
2025-02-04,0.5833790397766654,2.033297306394905
2025-02-05,0.4961260542466279,1.857637452440774
2025-02-06,0.20800715328394254,1.9836046337355921
2025-02-07,0.10803903967065397,2.0638971431802324
2025-02-08,-0.0407763165672994,1.9515459902360515
2025-02-09,-0.26769154830179165,1.9218576160411371
2025-02-10,-0.6062267509321145,2.088837061598422
2025-02-11,-0.9156845494931323,2.006055968461093
2025-02-12,-1.1621170794778077,1.429151035644507
2025-02-13,-1.3700164609957528,0.7604453253505745
2025-02-14,-0.9739423399714923,0.3520630989644121
2025-02-15,-0.9215015491209549,0.16379928002281402
2025-02-16,-1.3599967192554596,0.06518109815112512
2025-02-17,-1.60542084467443,0.0662408675944094
2025-02-18,-1.1875995203741905,0.02187261665048178
2025-02-19,-0.9161605390526101,-0.11796030133053212
2025-02-20,-0.8220811679553001,0.05188479134068674
2025-02-21,-0.927125387469055,0.09246019138358404
2025-02-22,-0.8019268066643591,-0.12036284047780754
2025-02-23,-0.830772654746494,-0.2573413916385788
2025-02-24,-0.8506282347305785,-0.5654060612834734
2025-02-25,-0.830764609581956,-0.6303173111533312
2025-02-26,-0.9027937266855567,-0.5376212780890472
2025-02-27,-0.8996502945216025,-0.6195760170348185
2025-02-28,-0.7815156775961876,-0.678942605831779
2025-03-01,-1.0155107373977919,-0.8737416262350528
2025-03-02,-0.9320350482088446,-1.0393423044964962
2025-03-03,-0.7494097638981416,-1.1062469196403695
2025-03-04,-0.5983725114923575,-1.1815582931902968
2025-03-05,-0.5520670162655559,-1.354880250330104
2025-03-06,-0.3144679349558444,-1.4664499617994824
2025-03-07,-0.0019461481114414038,-1.736732011701505
2025-03-08,-0.04753302244851824,-1.7306861435517944
2025-03-09,-0.1588800228408408,-1.7632791788353679
2025-03-10,-0.28570544394346115,-1.8785524676137413
2025-03-11,-0.23662393207057633,-1.8361978437644733
2025-03-12,-0.021530110778837677,-1.7990083232378704
2025-03-13,0.3120766850261154,-1.7110775026930942
2025-03-14,0.577043761306452,-1.5090775380443773
2025-03-15,0.6621198651428322,-1.2834692784174107
2025-03-16,1.1186111089649897,-1.0275006950137826
2025-03-17,1.2691744450702651,-0.6402553210375529
2025-03-18,1.1516516081911017,-0.08317814498350867
2025-03-19,1.2349363238292945,0.3556299074061161
2025-03-20,0.9922021904107324,0.4280470926177636
2025-03-21,0.7757426831645277,0.8765830995683981
2025-03-22,0.4666620278999039,1.0343869325311819
2025-03-23,0.1754680405891363,0.8609115026513725
2025-03-24,0.09571828927599049,0.6710589014691901
2025-03-25,0.24308668147896412,0.540941751881301
2025-03-26,0.47702088513955604,0.7339899256714633
2025-03-27,0.5435813174056201,0.7373084569387638
2025-03-28,0.524551629797674,0.646412027367947
2025-03-29,0.3646261085504478,0.5475382548567366
2025-03-30,0.414504767832378,0.55779928829109
2025-03-31,0.3832332549217564,0.4835197106687816
2025-04-01,0.2366026903703884,0.231686690130765
2025-04-02,0.1851997419851177,0.00821850223487974
2025-04-03,0.2664010337752308,0.025653464292367246
2025-04-04,0.24725906522305285,0.0668498322469936
2025-04-05,-0.018710265569656426,0.037834128321680906
2025-04-06,-0.21748497327765018,-0.3065411571591762
2025-04-07,-0.17627042453544112,-0.4867207955774548
2025-04-08,0.21391005495948906,-0.5620167326158639
2025-04-09,0.4481161204028711,-0.5877573612631295
2025-04-10,0.6596557428688733,-0.40960756264973874
2025-04-11,0.5853475533167675,-0.2970952375505852
2025-04-12,0.5520531580517335,0.0357663487801839
2025-04-13,0.3255883320009599,0.0998920368202705
2025-04-14,0.3116209130322663,0.3273993869833668
2025-04-15,0.336147325728371,0.20058968905961272
2025-04-16,0.16711189475129695,0.36786271312770585
2025-04-17,-0.02339934086444497,0.36270919407752356
2025-04-18,-0.22259267180023973,0.5231561846528284
2025-04-19,-0.3475396977107025,0.5653002491369408
2025-04-20,-0.37427664722990694,0.6316673119982165
2025-04-21,-0.3266314218034382,0.716203977426788
2025-04-22,-0.4171461612765445,0.9670616297472713
2025-04-23,-0.5620854085352112,0.9585546127183783
2025-04-24,-0.6951355894380041,0.7481136612955949
2025-04-25,-0.7690508292361973,0.5721297170428572
2025-04-26,-0.90328586258887,0.3651428045200952
2025-04-27,-0.9129922424879572,0.34757071374186604
2025-04-28,-0.9158763974310687,0.2625295556446923
2025-04-29,-1.1498777012553458,0.10199073824313841
2025-04-30,-1.336862193071437,-0.1122911900103299
2025-05-01,-1.387140874834091,-0.35229865681146016
2025-05-02,-1.3070949265948744,-0.5308267285402746
2025-05-03,-1.2228375818553647,-0.6741369013311322
2025-05-04,-0.8220892254805646,-0.6675958760459464
2025-05-05,-0.30777474376379743,-0.38710711288872657
2025-05-06,0.032718256766954494,-0.1462476402790815
2025-05-07,0.20430070219394164,0.005469054275865524
2025-05-08,0.2555912287677121,0.23260327749302506
2025-05-09,0.415692007994249,0.4254704360332643
2025-05-10,0.24848839325241973,0.518777004265718
2025-05-11,-0.05483912684766347,0.3149968442091928
2025-05-12,-0.3855294476442118,0.1848409147077469
2025-05-13,-0.6108543035847543,0.2819068075441172
2025-05-14,-0.6082591322851273,0.3476054121181671
2025-05-15,-0.649443832790484,0.3716578560905724
2025-05-16,-0.6345619467319904,0.39086542700451893
2025-05-17,-0.3817664952256293,0.17833745783507465
2025-05-18,-0.0261855017977865,-0.05716826309348494
2025-05-19,0.3057410496270487,-0.2098763768509681
2025-05-20,0.4461685276293407,-0.3463731556534306
2025-05-21,0.9263720893428661,-0.2319704511659137
2025-05-22,1.1947918984483628,-0.04277161277923464
2025-05-23,1.2600853484871328,-0.09195238101364092
2025-05-24,0.9329763518616836,-0.2314086256911742
2025-05-25,0.8514283723576465,-0.2697445859153931
2025-05-26,0.7835026955004496,-0.2996039780279887
2025-05-27,0.9552367827245004,-0.1850611874343392
2025-05-28,1.0500500161679884,-0.002602209115676836
2025-05-29,0.8921820447307376,0.027245702813682205
2025-05-30,0.8193322210950985,0.053615404728046795
2025-05-31,0.5956189776539165,0.26909822364262814
2025-06-01,0.5533018684757047,0.4472843973746711
2025-06-02,0.5579143269166462,0.7774107061610515
2025-06-03,0.43658089351927887,0.8104518665396887
2025-06-04,0.03445509264052691,0.9351780115218048
2025-06-05,-0.30075048871467397,0.884069148224975
2025-06-06,-0.562030752704778,0.6931959838019016
2025-06-07,-0.7454477996410025,0.6188202416326459
2025-06-08,-1.2407088340268884,0.6293209677303704
2025-06-09,-1.4294914412781743,0.6373932352141373
2025-06-10,-1.3272770378523444,0.5271662765622417
2025-06-11,-1.3266443738936493,0.30904708578702417
2025-06-12,-1.1038881785969552,-0.10346801200175405
2025-06-13,-0.4802918501549981,-0.5164991234114791
2025-06-14,0.02079694865621138,-0.8594944493510054
2025-06-15,0.18975768372134114,-1.0829455703059052
2025-06-16,0.3599202746560661,-0.8525831663308889
2025-06-17,0.6426055360788309,-0.6469398470801546
2025-06-18,0.7181336588665652,-0.9487028928370607
2025-06-19,0.6320731129085594,-1.1666616912497279
2025-06-20,0.5737279338009451,-1.1248361180140944
2025-06-21,0.5874392165514203,-1.057118682297618
2025-06-22,0.8158200680671451,-0.6652801596433464
2025-06-23,1.0548261914083348,-0.3382002616483475
2025-06-24,0.9045606332635514,0.04535977151651468
2025-06-25,0.6064401302056913,0.20302701143825125
2025-06-26,0.39794070719073166,0.1398798100199001
2025-06-27,0.5279362182372918,-0.1145854580594398
2025-06-28,0.3972776527510143,-0.3868806054414871
2025-06-29,0.10341292562453536,-0.668660313357153
2025-06-30,-0.09279053927723745,-0.7021609611641386
2025-07-01,-0.005777720876834074,-0.5385120912804843
2025-07-02,-0.00791295105611049,-0.5764295002373702
2025-07-03,-0.125058015713753,-0.49774569380515377
2025-07-04,0.04143669048989068,-0.17255247823287054
2025-07-05,0.23976584039618368,0.030675757699734827
2025-07-06,0.45331524889945346,-0.003916115778513386
2025-07-07,0.5839954507634276,-0.13941198995986706
2025-07-08,0.5503517159412744,-0.2008885088513968
2025-07-09,0.6982144968263249,0.023989692843106192
2025-07-10,0.8803020095911569,0.05027812880376559
2025-07-11,0.8991926639501793,0.0999235790500968
2025-07-12,0.7710764288440686,0.0597794830474589
2025-07-13,0.6898270385080868,0.4757221222177817
2025-07-14,0.7735122350859651,0.8141552443986928
2025-07-15,0.7732469527537604,1.0575295486776528
2025-07-16,0.7850944754789511,1.3033636443811543
2025-07-17,0.4586602605418778,1.4814473339997538
2025-07-18,0.3633523986994494,1.795719126612198
2025-07-19,0.15279172207060132,2.1068198131000835
2025-07-20,-0.22177412895017912,1.9777951129811004
2025-07-21,-0.591413489463188,1.9267752123297275
2025-07-22,-0.8757651829952567,2.25897131423741
2025-07-23,-0.9807660729959498,2.354391464174099
2025-07-24,-1.0957643517920497,1.9741520587206787
2025-07-25,-1.2020636466727328,1.552772178239517
2025-07-26,-1.0421705136634665,1.642821239256031
2025-07-27,-0.8222719269594168,1.5637367447127817
2025-07-28,-0.9599338904376762,1.4932095167712833
2025-07-29,-1.1275590048745643,1.5446526124936295
2025-07-30,-1.0541235367028652,1.2947112332989579
2025-07-31,-1.280466065774444,0.8823344155065463
2025-08-01,-1.562665391744929,0.3774952537438853
2025-08-02,-1.567389589205055,-0.016249395722095158
2025-08-03,-1.2895054380953914,-0.15108017511941457
2025-08-04,-1.214128480462281,-0.4470441096663309
2025-08-05,-1.0998216525496824,-0.5922535703819132
2025-08-06,-0.8542053138819785,-0.6839146005300673
2025-08-07,-0.7932955472018021,-0.8474281564805568
2025-08-08,-0.6079164344493411,-0.7303195733620789
2025-08-09,-0.5104338309009044,-0.683805997638722
2025-08-10,-0.4281848420549137,-0.714887462233589
2025-08-11,-0.6201324485258323,-0.7437265532465409
2025-08-12,-0.677335326491202,-0.9382709539211904
2025-08-13,-0.32121412923479176,-1.3080116649933946
2025-08-14,-0.005224702618993438,-1.5389656071480606
2025-08-15,0.22504223987143226,-1.5618957411011167
2025-08-16,0.3509997352630517,-1.2972009426787265
2025-08-17,0.530219505629955,-1.069036598533474
2025-08-18,0.6947727634299449,-1.062886386402945
2025-08-19,0.7666017808534283,-1.0317636780442259
2025-08-20,0.8390419037007739,-1.02020445768544
2025-08-21,0.9797489392772886,-1.0662226477174754
2025-08-22,1.0420414455088807,-0.7834312415439632
2025-08-23,1.244977298890203,-0.5626130389191785
2025-08-24,1.2486889006188655,-0.6081006545433585
2025-08-25,0.8995475309565569,-0.4015370146647484
2025-08-26,0.5575160024685459,0.029489754396448284
2025-08-27,0.29754249592022897,0.15487962946269654
2025-08-28,0.15527611899818594,0.31017335597792295
2025-08-29,-0.09004138177295909,0.4067180655903749
2025-08-30,-0.11903232373145617,0.3922477916439811
2025-08-31,-0.13484411254234566,0.29695658559688504
2025-09-01,-0.2808568654894196,0.12539813758869475
2025-09-02,-0.3486877700258094,-0.18380444824620443
2025-09-03,-0.4170292831987289,-0.31487486917374513
2025-09-04,-0.07846551336355385,-0.42673748969952957
2025-09-05,0.25241687190121176,-0.7862811741294113
2025-09-06,0.23082760928475685,-1.1751702256339045
2025-09-07,0.19943795840022177,-1.2713170163750336
2025-09-08,0.2906518424760072,-1.04749765283767
2025-09-09,0.31254641773233627,-0.8417680746117921
2025-09-10,0.2537486620392611,-0.7017116994358165
2025-09-11,0.19211567432910154,-0.40550691149922613
2025-09-12,-0.012879587239054425,-0.2341338213195916
2025-09-13,-0.27727013461018424,-0.1561639432853452
2025-09-14,-0.5740318863244332,-0.14437528530830365
2025-09-15,-0.8335623314722019,-0.13577434615052056
2025-09-16,-0.7187158323561846,-0.054149924744614095
2025-09-17,-0.5766741334353018,-0.029118553556675208
2025-09-18,-0.7066535545863323,-0.03953778942931856
2025-09-19,-0.6945559359505168,0.21691646750495322
2025-09-20,-0.43070706293892747,0.3254382142637016
2025-09-21,-0.2363815209531519,0.3342009498361573
2025-09-22,0.13313083352384344,0.23148385427241633
2025-09-23,0.5025811266314241,0.037686884782051344
2025-09-24,0.7303102165638449,-0.11690581320159985
2025-09-25,0.8470713466363363,-0.07668853642175653
2025-09-26,0.5576213125139284,-0.22130614519633116
2025-09-27,0.3753886811561948,-0.4891526359861851
2025-09-28,0.2812632222641201,-0.7849503976689121
2025-09-29,0.2027190556429285,-1.1271382807314403
2025-09-30,0.04318390559375595,-1.4491762610334364
2025-10-01,0.14356858398393305,-1.5682106987823634
2025-10-02,0.2215783021503604,-1.3864127572092695
2025-10-03,0.14732330968373256,-1.0465296747814707
2025-10-04,0.16577290490800453,-0.5237710547845047
2025-10-05,-0.062129552695532844,-0.06371885930347099
2025-10-06,-0.1713253195592919,0.008147503003652827
2025-10-07,-0.38342432786216024,-0.09709437546983836
2025-10-08,-0.526184981003328,-0.1811160930028143
2025-10-09,-0.6854530245976562,-0.14511773539635184
2025-10-10,-0.8894356663608678,-0.21329684477060545
2025-10-11,-0.9401838811422242,-0.25819462784420816
2025-10-12,-1.1259327480155892,-0.5565907976844857
2025-10-13,-1.0640001763215723,-0.9170937116778463
2025-10-14,-1.1738250143367912,-1.3559613050128951
2025-10-15,-0.9537899664616625,-1.6149219381794042
2025-10-16,-0.6922711323530951,-1.6804648089532614
2025-10-17,-0.25771208039381094,-1.8215409596688799
2025-10-18,0.39283676877944285,-1.822914713649896
2025-10-19,0.9501495361212382,-1.7394126830492276
2025-10-20,1.3920420940158431,-1.4778489688424905
2025-10-21,1.769732449489244,-1.0038470238294166
2025-10-22,2.0773635675211533,-0.5658446014160975
2025-10-23,2.241254432035638,-0.3034648529821558
2025-10-24,2.3990049163169065,-0.1367800821732152
2025-10-25,2.2993747051634394,0.07140614079533998
2025-10-26,2.1614134527650104,0.34698599646007583
2025-10-27,2.054183199950417,0.6233563187150511
2025-10-28,1.8728128367628296,0.631633196161281
2025-10-29,1.6131914417895459,0.5238524064327877
2025-10-30,1.4488571269804313,0.4995883195977837
2025-10-31,1.1469932567642172,0.6122934499227867
2025-11-01,0.9285603002076033,0.5661139613407284
2025-11-02,1.078095819320251,0.6099223587536968
2025-11-03,1.1999690096808244,0.6018339719187881
2025-11-04,1.3309994309434645,0.5083055299972776
2025-11-05,1.1725310072414241,0.7732053547850132
2025-11-06,0.9867914603513955,1.059358649569734
2025-11-07,0.521706861112857,1.0791614454497567
2025-11-08,0.3054162848830514,1.2950739472631638
2025-11-09,0.12668623041946545,1.407020419973275
2025-11-10,0.049888628895955314,1.4524593819431082
2025-11-11,-0.16685277831401335,1.333772673428532
2025-11-12,-0.43289106084392037,1.2711826982905625
2025-11-13,-0.5911089912190532,1.3608891293368641
2025-11-14,-0.464645629035319,1.015331046660064
2025-11-15,-0.3209393491079876,0.8758200274035368
2025-11-16,-0.387062080371213,0.7530267149956126
2025-11-17,-0.15387394157174183,0.9307679538025592
2025-11-18,-0.16160940894756018,0.6917057438725331
2025-11-19,0.11169945711115563,0.732765779659722
2025-11-20,0.23908301816778577,0.8290041496062647
2025-11-21,0.24963893816683594,1.077190714968564
2025-11-22,0.11094540912551597,1.1474051828516039
2025-11-23,0.16004365978979218,1.4310323490518153
2025-11-24,0.32525034699561295,1.7368407831431325
2025-11-25,-0.16373952736647057,1.9847414660673215
2025-11-26,-0.6421451740483056,2.267543860137045
2025-11-27,-1.2291066248309162,2.1389104257943017
2025-11-28,-1.5698168367444063,2.058118148190536
2025-11-29,-1.8873041131675807,1.9341971392602744
2025-11-30,-2.070113516649425,1.7318707419631296
2025-12-01,-2.1667405446486914,1.2797052778599511
2025-12-02,-2.0849333043572287,0.5842608444164625
2025-12-03,-1.9359600443776541,-0.30576527332481107
2025-12-04,-1.664933538135235,-0.8259268946913079
2025-12-05,-1.2768278170641225,-0.9766576470895111
2025-12-06,-0.7740284975199431,-0.7432061713654192
2025-12-07,-0.30795227135117037,-0.43882180897389095
2025-12-08,0.12277210234258559,-0.43851143090940947
2025-12-09,0.159339268136476,-0.5655325242871968
2025-12-10,0.1420305051680279,-0.6606350131714573
2025-12-11,0.05786994394402179,-0.7036394733330469
2025-12-12,0.20707929481076054,-0.7194269021062959
2025-12-13,-0.01886801249331194,-0.6952942801629363
2025-12-14,-0.49234048906716094,-0.5409675112982867
2025-12-15,-0.9907939433826753,-0.536062948839956
2025-12-16,-1.2593048108993585,-0.3580055216418113
2025-12-17,-1.2617538895398959,-0.454265128989542
2025-12-18,-1.172080474549728,-0.5584273660426962
2025-12-19,-0.8921034471954546,-0.6448212302228965
2025-12-20,-0.5789645171611115,-0.5203861168772239
2025-12-21,-0.4082665356860206,-0.5498093022331938
2025-12-22,-0.2752513895716916,-0.6590620689018486
2025-12-23,-0.13976534009856004,-0.7899876104047465
2025-12-24,0.02216754921270188,-0.6504955002030277
2025-12-25,0.3242941061175156,-0.6811901993560323
2025-12-26,0.48289104375210623,-1.0687539567596394
2025-12-27,0.5714349238314519,-1.247010356513234
2025-12-28,0.5840273338903134,-0.9834183386084459
2025-12-29,0.8028628856336406,-0.7091974444824197
2025-12-30,1.1042777883814232,-0.572896645908186
2025-12-31,0.9907526662349134,-0.5677316886318536
2026-01-01,0.624961380127495,-0.5357593596778789
2026-01-02,0.30428845735319815,-0.6185202607437933
2026-01-03,-0.03765303204138823,-0.5621717362352356
2026-01-04,-0.09237970632026171,-0.38879032445825634
2026-01-05,0.0028067836599259934,-0.012391463279655176
2026-01-06,0.30195847699341477,0.07818212961334879
2026-01-07,0.572777655124826,0.3347638492283688
2026-01-08,0.48986275710799543,0.43879272403044794
2026-01-09,0.3699754530529201,0.42036253568156845
2026-01-10,0.19808266990744736,0.646574952871435
2026-01-11,0.10954028753492785,0.745218601762048
2026-01-12,0.03133550091031075,0.8121680355953271
2026-01-13,0.05655628370437079,1.0132480774831407
2026-01-14,0.022153280065404235,1.243331790458755
2026-01-15,-0.0871989865442748,1.4356499318361642
2026-01-16,0.15852453618713935,1.5292371734880228
2026-01-17,0.24252248131817625,1.4170044830004838
2026-01-18,0.17451360309268735,1.449825042483482
2026-01-19,0.005706972776902948,1.4770492771792876
2026-01-20,-0.1429523423899787,1.3892543624346392
2026-01-21,-0.2407447336097616,0.7914666345367902
2026-01-22,-0.674414938525336,0.3273888506252447
2026-01-23,-1.2017384910960265,0.24886435943778978
2026-01-24,-1.5357809259789235,0.17980973028859296
2026-01-25,-1.3637762352518972,0.24079582140879827
2026-01-26,-1.0536867534821477,0.4204410625088819
2026-01-27,-0.7419785145118422,0.5215317064952983
2026-01-28,-0.4864341257651857,0.08828521439694137
2026-01-29,-0.4478041382426107,-0.1354498914537257
2026-01-30,-0.56858631044961,-0.10030982394466299
2026-01-31,-0.8121053930097436,-0.23615688709547786
2026-02-01,-0.9369448847892347,-0.43469210311843565
2026-02-02,-0.8518841418815661,-0.5650005084077986
2026-02-03,-0.8326319386653841,-0.357351721267283
2026-02-04,-0.9435838082824072,-0.30421524760720436
2026-02-05,-0.8883317593934373,-0.32693143506383054
2026-02-06,-0.5234103747505973,-0.33740415076915076
2026-02-07,0.1490001682567831,-0.31359339064728803
2026-02-08,0.48373020724042404,-0.5674330818378764
2026-02-09,0.6469631154244289,-1.0241446105491763
2026-02-10,0.6879560722335468,-1.2833334275241015
2026-02-11,0.9203418310704555,-1.3832244306563029
2026-02-12,1.0549757951839707,-1.075787874411559
2026-02-13,0.9481685187843607,-1.1307956014161578
2026-02-14,0.7952257520847162,-1.2439740827147
2026-02-15,1.0416291592418603,-1.1208412913316645
2026-02-16,0.9787877285093093,-1.0711990709380443
2026-02-17,0.7819225570952811,-0.8762736005356399
2026-02-18,0.7817094672977528,-0.5638251549167532
2026-02-19,0.8954794176887565,-0.5094765661637918
2026-02-20,1.0208082453508718,-0.47951874229162206
2026-02-21,1.1658355493785535,-0.4773557495779755
2026-02-22,1.2466304690571304,-0.28260256581153814
2026-02-23,1.4960448065338465,-0.1828511180723345
2026-02-24,1.5654252555667252,-0.06641443584490204
2026-02-25,1.7015354660005289,0.24172348177003006
2026-02-26,1.6725294530292403,0.4270585956870677
2026-02-27,1.5054981106194059,0.6126454641198146
2026-02-28,1.174947731153325,0.7438080722371675
2026-03-01,0.9516595104247269,0.9040982120527258
2026-03-02,0.8058320415634442,1.0393020038742162
2026-03-03,0.7318766085241041,0.9485696936981224
2026-03-04,0.866776631903445,0.9651929830061792
2026-03-05,0.9550441951480286,0.836293234318709
2026-03-06,0.7397375296092659,0.8474675744858733
2026-03-07,0.35208316059396483,0.9507246381518948
2026-03-08,0.08941585655995371,0.852700711280151
2026-03-09,-0.19378204643370076,0.6634508161422937
2026-03-10,-0.35295059436961307,0.5029220263212634
2026-03-11,-0.37767807719673163,0.44962293445505086
2026-03-12,-0.2797998827823822,0.3635762654307905
2026-03-13,-0.29178040599852745,0.30934091961989096
2026-03-14,-0.5962357910555868,0.4324239644881245
2026-03-15,-0.7211913889251441,0.39648453737484635
2026-03-16,-0.808687800126114,0.11514400676729618
2026-03-17,-0.9232455708110363,-0.10840847554263501
2026-03-18,-0.6294263935467574,-0.20050562426106622
2026-03-19,-0.32607592609007774,-0.009717381010486062
2026-03-20,-0.3397497930591143,0.040987779644410326
2026-03-21,-0.5609221422394844,-0.09371750012751758
2026-03-22,-0.6173711184202821,-0.10151096502252066
2026-03-23,-0.6073264273832972,-0.0843942790170761
2026-03-24,-0.28627217130159444,-0.09979211334825785
2026-03-25,-0.198665427360221,0.07781391196566538
2026-03-26,-0.14077186859767551,0.1297709223160848
2026-03-27,-0.14599097362909697,0.06706287441161841
2026-03-28,-0.48685964517764946,-0.19102392306459975
2026-03-29,-1.1540782333018131,-0.4307796813266588
2026-03-30,-1.1109633042160467,-0.717424549580563
2026-03-31,-0.881566081345312,-0.8878010449990779
2026-04-01,-0.3099819811596001,-0.877220646599157
2026-04-02,0.10220709029992188,-0.8082717519726196
2026-04-03,0.4670709124462338,-0.7556215971549148
2026-04-04,0.6611800409965094,-0.7168176596818276
2026-04-05,1.0013383593661438,-0.4186830500591442
2026-04-06,1.1642725343247322,0.18269532380643186
2026-04-07,1.0136378227988292,0.773356288800553
2026-04-08,0.530212811650269,1.038955625261364
2026-04-09,0.21212266228624002,1.5558945170079252
2026-04-10,-0.09352493865561415,1.5889461346159013
2026-04-11,-0.3561221505545672,1.4585702142956838
2026-04-12,-0.7678161545115463,1.2030254791018349
2026-04-13,-1.1550604856912008,1.05005689144821
2026-04-14,-1.333900465317139,0.7937218886380245
2026-04-15,-1.6306844294409437,0.5961525628158808
2026-04-16,-1.8939709318157973,0.4389213195703698
2026-04-17,-1.929618300196795,0.05729525588861781
2026-04-18,-1.7628012967071864,-0.18104674662582007
2026-04-19,-1.7382142250130086,-0.3459567100570367
2026-04-20,-1.7152211226915568,-0.8019001837075217
2026-04-21,-1.6232961329563227,-1.3796967666128344
2026-04-22,-1.1885454627840328,-1.7646188674461383
2026-04-23,-0.9656066821252358,-1.9576561153486436
2026-04-24,-0.7492319598003212,-2.041196008954676
2026-04-25,-0.21376610540974697,-2.007308745976018
2026-04-26,0.465861269051955,-1.766762115032375
2026-04-27,0.6899312034822734,-1.5831062067138684
2026-04-28,0.6425743341134972,-1.3513482199114966
2026-04-29,0.5393502528640026,-1.1941749783604925
2026-04-30,0.5120017561849742,-1.2245125877299854
2026-05-01,0.6245851862142217,-1.0762005961714733
2026-05-02,0.699572136866813,-0.9906088963925552
2026-05-03,0.827175264435481,-0.6425777749798998
2026-05-04,0.7236483244167156,-0.5500270801417426
2026-05-05,0.5884913993787009,-0.48272264527206965
2026-05-06,0.5938345989860393,-0.5788272438737246
2026-05-07,0.6804263248752497,-0.6462452005467915
2026-05-08,0.7839498742753538,-0.7270367125009228
2026-05-09,0.8418572620354509,-0.7225164985267205
2026-05-10,0.715293135045978,-0.8714333916467771
2026-05-11,1.0405951730218757,-0.727930932275225
2026-05-12,1.3153647946094833,-0.567270268371931
2026-05-13,1.5294037562792206,-0.2804279741257014
2026-05-14,1.5268734916641893,-0.15384224186868567
2026-05-15,1.4542723919873852,-0.1529672022552346
2026-05-16,1.6023927723924272,-0.08831864903680918
2026-05-17,1.882232712403573,-0.19984115825899945
2026-05-18,1.8686195038154203,-0.16989037711902827
2026-05-19,1.6815690817109823,0.0574192423570026
2026-05-20,1.5785927954695638,0.10021727271538439
2026-05-21,1.5617351014496244,0.15877287650575153
2026-05-22,1.4086308709496407,0.4601714648986015
2026-05-23,1.0504143275926519,0.8853852743249512
2026-05-24,0.8748572834795824,1.2789849444558101
2026-05-25,0.5351877846344079,1.4523707282325633
2026-05-26,0.18691217267774146,1.5258724109669852
2026-05-27,-0.30155683454534143,1.5526623238115356
2026-05-28,-0.6840363346547031,1.5906094345018174
2026-05-29,-0.8607381553544421,1.6434501793926715
2026-05-30,-1.104890931260614,1.4769934551698811
2026-05-31,-1.2222060879078287,1.172592532092454
2026-06-01,-1.2797092614975525,1.104758984267812
2026-06-02,-1.3844192964110207,0.9427882088572958
2026-06-03,-1.2410470581648674,0.6652168727818901
2026-06-04,-1.3203388742023376,0.5468964014260306
2026-06-05,-1.2373929514975848,0.31834482446650897
2026-06-06,-1.1630915130819863,0.09827941567020247
2026-06-07,-0.8456022951743584,-0.03807234854982234
2026-06-08,-0.3747790264560838,-0.2184524594907862
2026-06-09,-0.07413562701761085,-0.22741633621003182
2026-06-10,-0.04638724118971813,-0.22857400276973733
2026-06-11,0.02457592082221186,-0.5575855613121975
2026-06-12,-0.1333025051589437,-1.0679674339957392
2026-06-13,-0.06900359281389648,-1.4385596925458877
2026-06-14,0.0638652436805434,-1.5143270644810554
2026-06-15,0.0533514089203085,-1.4651647956180174
2026-06-16,0.054793933324976285,-1.179360399626658
2026-06-17,0.03582412074578426,-0.9345264401969104
2026-06-18,0.2880877401593535,-0.7651666152004188
2026-06-19,0.4023154394999328,-0.7431424442965289
2026-06-20,0.2098230720757791,-0.9744780733910423
2026-06-21,0.2932069406429069,-1.079509364315213
2026-06-22,0.33464940168754287,-0.918282527478305
2026-06-23,0.6929218627115165,-0.4943128055816939
2026-06-24,0.9105902332826098,-0.1853858699579871
2026-06-25,0.8563060298690994,0.2953684143155958
2026-06-26,0.896910306318889,0.3377280637388712
2026-06-27,0.7803131722299935,0.635402471126332
2026-06-28,0.7728594637781028,0.7690137613755837
2026-06-29,0.6213445887357889,1.075480504441788
2026-06-30,0.43094898880914473,1.2944747098224667
2026-07-01,-1.7683584120674667e-05,0.8817343742715338
2026-07-02,-0.3305915449013555,0.6398579814617925
2026-07-03,-0.515686634541324,0.5097955367946453
2026-07-04,-0.58646581879931,0.3698690209983366
2026-07-05,-0.4689405324618814,0.22412502289033687
2026-07-06,-0.36970501937788525,0.2363144623764948
2026-07-07,-0.5058185138918897,0.3102805014995236
2026-07-08,-0.35150576997027155,0.39010079026548694
2026-07-09,-0.5536620905685143,0.5396939228598423
2026-07-10,-0.8825202791103097,0.7966329508912126
2026-07-11,-0.738593599535127,0.9140583553030474
2026-07-12,-0.7458959146912518,0.8494822881642952
2026-07-13,-1.1020311264944442,0.7376315939995843
2026-07-14,-1.2838208073774298,0.32929365374299063
2026-07-15,-1.194154610305007,-0.2486826231496447
2026-07-16,-1.0076728449097496,-0.5839872162828195
2026-07-17,-1.092762053576349,-0.7934356084857886
2026-07-18,-1.1000238394871884,-0.7411876423491077
2026-07-19,-1.2739529652948918,-0.3504812265390433
2026-07-20,-1.1350103642173255,0.04605217034921609
2026-07-21,-1.3212004921366025,0.10546710580891533
2026-07-22,-1.2921174433554523,-0.12118953587436103
2026-07-23,-1.3260390341521104,-0.3483797698944497
2026-07-24,-1.3724261602853358,-0.42812791930923405
2026-07-25,-1.2157530029842671,-0.614298700234632
2026-07-26,-0.7979214688754273,-0.5645793018225028
2026-07-27,-0.635748704087729,-0.5086690264543788
2026-07-28,-0.3775943232970957,-0.5468278091839404
2026-07-29,-0.08211755474811698,-0.5416414354094464
2026-07-30,0.15075506658119142,-0.6165759827933028
2026-07-31,0.2583598290657565,-0.484616990684815
2026-08-01,0.25701481109636604,-0.4037525909398764
2026-08-02,0.43711418642814875,-0.26002543107158993
2026-08-03,0.3620741127630645,0.10811217963571927
2026-08-04,0.145616833107981,0.6932681623270208
2026-08-05,0.04838359341720584,0.8629886788113963
2026-08-06,-0.003180257700032583,0.9169675298071278
2026-08-07,-0.02673179947888328,0.9963170185826556
2026-08-08,-0.0223848477879493,1.182771756020053
2026-08-09,-0.08766864812213612,1.333774677844981
2026-08-10,-0.0664581659948953,1.026212298676319
2026-08-11,0.3338091849176465,0.7293176286060247
2026-08-12,0.47315416146753253,0.5775716723380457
2026-08-13,0.7149968609594061,0.5066061192813124
2026-08-14,0.5328427608254352,0.5370433616817892
2026-08-15,0.47267390032784407,0.42700005605774144
2026-08-16,0.5693759456987717,0.5624251893201431
2026-08-17,0.4661141384809488,0.6184664138892692
2026-08-18,0.5125798403069017,0.33106019178485613
2026-08-19,0.5129976098700469,0.03850192460944817
2026-08-20,0.367687997287631,-0.42031834999148765
2026-08-21,0.009353442198310304,-0.3885139225068385
2026-08-22,0.07519729482179774,-0.18526718414694335
2026-08-23,0.35591149977431236,0.08102866533311812
2026-08-24,0.386674504517059,0.27108534964066283
2026-08-25,0.19306566516466622,0.0032360732429987933
2026-08-26,-0.0993785571805302,0.11652613537956578
2026-08-27,-0.06680230240624167,0.26761315800126345
2026-08-28,0.09437790238196435,0.1987504242607586
2026-08-29,0.040729427559976786,0.4581334415168887
2026-08-30,0.16937784646477183,0.26012742605699646
2026-08-31,0.016317084626209948,0.1896617918667918
2026-09-01,-0.07329050478978252,0.40170340480361405
2026-09-02,-0.186260271517687,0.27021629870005337
2026-09-03,-0.3080350890101082,-0.11457922557828325
2026-09-04,-0.36288745630115316,-0.28213749621765155
2026-09-05,-0.3846086459424809,-0.3590318913925494
2026-09-06,-0.1924087284894586,-0.2151907834527486
